Time (s),Target Roll Angle (rad),Target Pitch Angle (rad),Target Yaw Angle (rad),Roll Angle (rad),Roll Velocity (rad/s),Pitch Angle (rad),Pitch Velocity (rad/s),Yaw Angle (rad),Yaw Velocity (rad/s),FL Motor RPM,FR Motor RPM,RL Motor RPM,RR Motor RPM
0,0,0,0,0,0,0,0,0,0,32000,32000,32000,32000
0.001,0,0,0,0,0,0,0,0,0,32000,32000,32000,32000
0.002,0,0,0,0,0,0,0,0,0,32000,32000,32000,32000
0.003,0,0,0,0,0,0,0,0,0,32000,32000,32000,32000
0.004,0,0,0,0,0,0,0,0,0,32000,32000,32000,32000
0.005,0,0,0,0,0,0,0,0,0,32000,32000,32000,32000
0.006,0,0,0,0,0,0,0,0,0,32000,32000,32000,32000
0.007,0,0,0,0,0,0,0,0,0,32000,32000,32000,32000
0.008,0,0,0,0,0,0,0,0,0,32000,32000,32000,32000
0.009,0,0,0,0,0,0,0,0,0,32000,32000,32000,32000
0.01,0,0,0,0,0,0,0,0,0,32000,32000,32000,32000
0.011,0,0,0,0,0,0,0,0,0,32000,32000,32000,32000
0.012,0,0,0,0,0,0,0,0,0,32000,32000,32000,32000
0.013,0,0,0,0,0,0,0,0,0,32000,32000,32000,32000
0.014,0,0,0,0,0,0,0,0,0,32000,32000,32000,32000
0.015,0,0,0,0,0,0,0,0,0,32000,32000,32000,32000
0.016,0,0,0,0,0,0,0,0,0,32000,32000,32000,32000
0.017,0,0,0,0,0,0,0,0,0,32000,32000,32000,32000
0.018,0,0,0,0,0,0,0,0,0,32000,32000,32000,32000
0.019,0,0,0,0,0,0,0,0,0,32000,32000,32000,32000
0.02,0,0,0,0,0,0,0,0,0,32000,32000,32000,32000
0.021,0,0,0,0,0,0,0,0,0,32000,32000,32000,32000
0.022,0,0,0,0,0,0,0,0,0,32000,32000,32000,32000
0.023,0,0,0,0,0,0,0,0,0,32000,32000,32000,32000
0.024,0,0,0,0,0,0,0,0,0,32000,32000,32000,32000
0.025,0,0,0,0,0,0,0,0,0,32000,32000,32000,32000
0.026,0,0,0,0,0,0,0,0,0,32000,32000,32000,32000
0.027,0,0,0,0,0,0,0,0,0,32000,32000,32000,32000
0.028,0,0,0,0,0,0,0,0,0,32000,32000,32000,32000
0.029,0,0,0,0,0,0,0,0,0,32000,32000,32000,32000
0.03,0,0,0,0,0,0,0,0,0,32000,32000,32000,32000
0.031,0,0,0,0,0,0,0,0,0,32000,32000,32000,32000
0.032,0,0,0,0,0,0,0,0,0,32000,32000,32000,32000
0.033,0,0,0,0,0,0,0,0,0,32000,32000,32000,32000
0.034,0,0,0,0,0,0,0,0,0,32000,32000,32000,32000
0.035,0,0,0,0,0,0,0,0,0,32000,32000,32000,32000
0.036,0,0,0,0,0,0,0,0,0,32000,32000,32000,32000
0.037,0,0,0,0,0,0,0,0,0,32000,32000,32000,32000
0.038,0,0,0,0,0,0,0,0,0,32000,32000,32000,32000
0.039,0,0,0,0,0,0,0,0,0,32000,32000,32000,32000
0.04,0,0,0,0,0,0,0,0,0,32000,32000,32000,32000
0.041,0,0,0,0,0,0,0,0,0,32000,32000,32000,32000
0.042,0,0,0,0,0,0,0,0,0,32000,32000,32000,32000
0.043,0,0,0,0,0,0,0,0,0,32000,32000,32000,32000
0.044,0,0,0,0,0,0,0,0,0,32000,32000,32000,32000
0.045,0,0,0,0,0,0,0,0,0,32000,32000,32000,32000
0.046,0,0,0,0,0,0,0,0,0,32000,32000,32000,32000
0.047,0,0,0,0,0,0,0,0,0,32000,32000,32000,32000
0.048,0,0,0,0,0,0,0,0,0,32000,32000,32000,32000
0.049,0,0,0,0,0,0,0,0,0,32000,32000,32000,32000
0.05,0,0,0,0,0,0,0,0,0,32000,32000,32000,32000
0.051,0,0,0,0,0,0,0,0,0,32000,32000,32000,32000
0.052,0,0,0,0,0,0,0,0,0,32000,32000,32000,32000
0.053,0,0,0,0,0,0,0,0,0,32000,32000,32000,32000
0.054,0,0,0,0,0,0,0,0,0,32000,32000,32000,32000
0.055,0,0,0,0,0,0,0,0,0,32000,32000,32000,32000
0.056,0,0,0,0,0,0,0,0,0,32000,32000,32000,32000
0.057,0,0,0,0,0,0,0,0,0,32000,32000,32000,32000
0.058,0,0,0,0,0,0,0,0,0,32000,32000,32000,32000
0.059,0,0,0,0,0,0,0,0,0,32000,32000,32000,32000
0.06,0,0,0,0,0,0,0,0,0,32000,32000,32000,32000
0.061,0,0,0,0,0,0,0,0,0,32000,32000,32000,32000
0.062,0,0,0,0,0,0,0,0,0,32000,32000,32000,32000
0.063,0,0,0,0,0,0,0,0,0,32000,32000,32000,32000
0.064,0,0,0,0,0,0,0,0,0,32000,32000,32000,32000
0.065,0,0,0,0,0,0,0,0,0,32000,32000,32000,32000
0.066,0,0,0,0,0,0,0,0,0,32000,32000,32000,32000
0.067,0,0,0,0,0,0,0,0,0,32000,32000,32000,32000
0.068,0,0,0,0,0,0,0,0,0,32000,32000,32000,32000
0.069,0,0,0,0,0,0,0,0,0,32000,32000,32000,32000
0.07,0,0,0,0,0,0,0,0,0,32000,32000,32000,32000
0.071,0,0,0,0,0,0,0,0,0,32000,32000,32000,32000
0.072,0,0,0,0,0,0,0,0,0,32000,32000,32000,32000
0.073,0,0,0,0,0,0,0,0,0,32000,32000,32000,32000
0.074,0,0,0,0,0,0,0,0,0,32000,32000,32000,32000
0.075,0,0,0,0,0,0,0,0,0,32000,32000,32000,32000
0.076,0,0,0,0,0,0,0,0,0,32000,32000,32000,32000
0.077,0,0,0,0,0,0,0,0,0,32000,32000,32000,32000
0.078,0,0,0,0,0,0,0,0,0,32000,32000,32000,32000
0.079,0,0,0,0,0,0,0,0,0,32000,32000,32000,32000
0.08,0,0,0,0,0,0,0,0,0,32000,32000,32000,32000
0.081,0,0,0,0,0,0,0,0,0,32000,32000,32000,32000
0.082,0,0,0,0,0,0,0,0,0,32000,32000,32000,32000
0.083,0,0,0,0,0,0,0,0,0,32000,32000,32000,32000
0.084,0,0,0,0,0,0,0,0,0,32000,32000,32000,32000
0.085,0,0,0,0,0,0,0,0,0,32000,32000,32000,32000
0.086,0,0,0,0,0,0,0,0,0,32000,32000,32000,32000
0.087,0,0,0,0,0,0,0,0,0,32000,32000,32000,32000
0.088,0,0,0,0,0,0,0,0,0,32000,32000,32000,32000
0.089,0,0,0,0,0,0,0,0,0,32000,32000,32000,32000
0.09,0,0,0,0,0,0,0,0,0,32000,32000,32000,32000
0.091,0,0,0,0,0,0,0,0,0,32000,32000,32000,32000
0.092,0,0,0,0,0,0,0,0,0,32000,32000,32000,32000
0.093,0,0,0,0,0,0,0,0,0,32000,32000,32000,32000
0.094,0,0,0,0,0,0,0,0,0,32000,32000,32000,32000
0.095,0,0,0,0,0,0,0,0,0,32000,32000,32000,32000
0.096,0,0,0,0,0,0,0,0,0,32000,32000,32000,32000
0.097,0,0,0,0,0,0,0,0,0,32000,32000,32000,32000
0.098,0,0,0,0,0,0,0,0,0,32000,32000,32000,32000
0.099,0,0,0,0,0,0,0,0,0,32000,32000,32000,32000
0.1,0,0,0,0,0,0,0,0,0,32000,32000,32000,32000
0.101,0,0,0,0,0,0,0,0,0,32000,32000,32000,32000
0.102,0,0,0,0,0,0,0,0,0,32000,32000,32000,32000
0.103,0,0,0,0,0,0,0,0,0,32000,32000,32000,32000
0.104,0,0,0,0,0,0,0,0,0,32000,32000,32000,32000
0.105,0,0,0,0,0,0,0,0,0,32000,32000,32000,32000
0.106,0,0,0,0,0,0,0,0,0,32000,32000,32000,32000
0.107,0,0,0,0,0,0,0,0,0,32000,32000,32000,32000
0.108,0,0,0,0,0,0,0,0,0,32000,32000,32000,32000
0.109,0,0,0,0,0,0,0,0,0,32000,32000,32000,32000
0.11,0,0,0,0,0,0,0,0,0,32000,32000,32000,32000
0.111,0,0,0,0,0,0,0,0,0,32000,32000,32000,32000
0.112,0,0,0,0,0,0,0,0,0,32000,32000,32000,32000
0.113,0,0,0,0,0,0,0,0,0,32000,32000,32000,32000
0.114,0,0,0,0,0,0,0,0,0,32000,32000,32000,32000
0.115,0,0,0,0,0,0,0,0,0,32000,32000,32000,32000
0.116,0,0,0,0,0,0,0,0,0,32000,32000,32000,32000
0.117,0,0,0,0,0,0,0,0,0,32000,32000,32000,32000
0.118,0,0,0,0,0,0,0,0,0,32000,32000,32000,32000
0.119,0,0,0,0,0,0,0,0,0,32000,32000,32000,32000
0.12,0,0,0,0,0,0,0,0,0,32000,32000,32000,32000
0.121,0,0,0,0,0,0,0,0,0,32000,32000,32000,32000
0.122,0,0,0,0,0,0,0,0,0,32000,32000,32000,32000
0.123,0,0,0,0,0,0,0,0,0,32000,32000,32000,32000
0.124,0,0,0,0,0,0,0,0,0,32000,32000,32000,32000
0.125,0,0,0,0,0,0,0,0,0,32000,32000,32000,32000
0.126,0,0,0,0,0,0,0,0,0,32000,32000,32000,32000
0.127,0,0,0,0,0,0,0,0,0,32000,32000,32000,32000
0.128,0,0,0,0,0,0,0,0,0,32000,32000,32000,32000
0.129,0,0,0,0,0,0,0,0,0,32000,32000,32000,32000
0.13,0,0,0,0,0,0,0,0,0,32000,32000,32000,32000
0.131,0,0,0,0,0,0,0,0,0,32000,32000,32000,32000
0.132,0,0,0,0,0,0,0,0,0,32000,32000,32000,32000
0.133,0,0,0,0,0,0,0,0,0,32000,32000,32000,32000
0.134,0,0,0,0,0,0,0,0,0,32000,32000,32000,32000
0.135,0,0,0,0,0,0,0,0,0,32000,32000,32000,32000
0.136,0,0,0,0,0,0,0,0,0,32000,32000,32000,32000
0.137,0,0,0,0,0,0,0,0,0,32000,32000,32000,32000
0.138,0,0,0,0,0,0,0,0,0,32000,32000,32000,32000
0.139,0,0,0,0,0,0,0,0,0,32000,32000,32000,32000
0.14,0,0,0,0,0,0,0,0,0,32000,32000,32000,32000
0.141,0,0,0,0,0,0,0,0,0,32000,32000,32000,32000
0.142,0,0,0,0,0,0,0,0,0,32000,32000,32000,32000
0.143,0,0,0,0,0,0,0,0,0,32000,32000,32000,32000
0.144,0,0,0,0,0,0,0,0,0,32000,32000,32000,32000
0.145,0,0,0,0,0,0,0,0,0,32000,32000,32000,32000
0.146,0,0,0,0,0,0,0,0,0,32000,32000,32000,32000
0.147,0,0,0,0,0,0,0,0,0,32000,32000,32000,32000
0.148,0,0,0,0,0,0,0,0,0,32000,32000,32000,32000
0.149,0,0,0,0,0,0,0,0,0,32000,32000,32000,32000
0.15,0,0,0,0,0,0,0,0,0,32000,32000,32000,32000
0.151,0,0,0,0,0,0,0,0,0,32000,32000,32000,32000
0.152,0,0,0,0,0,0,0,0,0,32000,32000,32000,32000
0.153,0,0,0,0,0,0,0,0,0,32000,32000,32000,32000
0.154,0,0,0,0,0,0,0,0,0,32000,32000,32000,32000
0.155,0,0,0,0,0,0,0,0,0,32000,32000,32000,32000
0.156,0,0,0,0,0,0,0,0,0,32000,32000,32000,32000
0.157,0,0,0,0,0,0,0,0,0,32000,32000,32000,32000
0.158,0,0,0,0,0,0,0,0,0,32000,32000,32000,32000
0.159,0,0,0,0,0,0,0,0,0,32000,32000,32000,32000
0.16,0,0,0,0,0,0,0,0,0,32000,32000,32000,32000
0.161,0,0,0,0,0,0,0,0,0,32000,32000,32000,32000
0.162,0,0,0,0,0,0,0,0,0,32000,32000,32000,32000
0.163,0,0,0,0,0,0,0,0,0,32000,32000,32000,32000
0.164,0,0,0,0,0,0,0,0,0,32000,32000,32000,32000
0.165,0,0,0,0,0,0,0,0,0,32000,32000,32000,32000
0.166,0,0,0,0,0,0,0,0,0,32000,32000,32000,32000
0.167,0,0,0,0,0,0,0,0,0,32000,32000,32000,32000
0.168,0,0,0,0,0,0,0,0,0,32000,32000,32000,32000
0.169,0,0,0,0,0,0,0,0,0,32000,32000,32000,32000
0.17,0,0,0,0,0,0,0,0,0,32000,32000,32000,32000
0.171,0,0,0,0,0,0,0,0,0,32000,32000,32000,32000
0.172,0,0,0,0,0,0,0,0,0,32000,32000,32000,32000
0.173,0,0,0,0,0,0,0,0,0,32000,32000,32000,32000
0.174,0,0,0,0,0,0,0,0,0,32000,32000,32000,32000
0.175,0,0,0,0,0,0,0,0,0,32000,32000,32000,32000
0.176,0,0,0,0,0,0,0,0,0,32000,32000,32000,32000
0.177,0,0,0,0,0,0,0,0,0,32000,32000,32000,32000
0.178,0,0,0,0,0,0,0,0,0,32000,32000,32000,32000
0.179,0,0,0,0,0,0,0,0,0,32000,32000,32000,32000
0.18,0,0,0,0,0,0,0,0,0,32000,32000,32000,32000
0.181,0,0,0,0,0,0,0,0,0,32000,32000,32000,32000
0.182,0,0,0,0,0,0,0,0,0,32000,32000,32000,32000
0.183,0,0,0,0,0,0,0,0,0,32000,32000,32000,32000
0.184,0,0,0,0,0,0,0,0,0,32000,32000,32000,32000
0.185,0,0,0,0,0,0,0,0,0,32000,32000,32000,32000
0.186,0,0,0,0,0,0,0,0,0,32000,32000,32000,32000
0.187,0,0,0,0,0,0,0,0,0,32000,32000,32000,32000
0.188,0,0,0,0,0,0,0,0,0,32000,32000,32000,32000
0.189,0,0,0,0,0,0,0,0,0,32000,32000,32000,32000
0.19,0,0,0,0,0,0,0,0,0,32000,32000,32000,32000
0.191,0,0,0,0,0,0,0,0,0,32000,32000,32000,32000
0.192,0,0,0,0,0,0,0,0,0,32000,32000,32000,32000
0.193,0,0,0,0,0,0,0,0,0,32000,32000,32000,32000
0.194,0,0,0,0,0,0,0,0,0,32000,32000,32000,32000
0.195,0,0,0,0,0,0,0,0,0,32000,32000,32000,32000
0.196,0,0,0,0,0,0,0,0,0,32000,32000,32000,32000
0.197,0,0,0,0,0,0,0,0,0,32000,32000,32000,32000
0.198,0,0,0,0,0,0,0,0,0,32000,32000,32000,32000
0.199,0,0,0,0,0,0,0,0,0,32000,32000,32000,32000
0.2,0,0,0,0,0,0,0,0,0,32000,32000,32000,32000
0.201,0,0,0,0,0,0,0,0,0,32000,32000,32000,32000
0.202,0,0,0,0,0,0,0,0,0,32000,32000,32000,32000
0.203,0,0,0,0,0,0,0,0,0,32000,32000,32000,32000
0.204,0,0,0,0,0,0,0,0,0,32000,32000,32000,32000
0.205,0,0,0,0,0,0,0,0,0,32000,32000,32000,32000
0.206,0,0,0,0,0,0,0,0,0,32000,32000,32000,32000
0.207,0,0,0,0,0,0,0,0,0,32000,32000,32000,32000
0.208,0,0,0,0,0,0,0,0,0,32000,32000,32000,32000
0.209,0,0,0,0,0,0,0,0,0,32000,32000,32000,32000
0.21,0,0,0,0,0,0,0,0,0,32000,32000,32000,32000
0.211,0,0,0,0,0,0,0,0,0,32000,32000,32000,32000
0.212,0,0,0,0,0,0,0,0,0,32000,32000,32000,32000
0.213,0,0,0,0,0,0,0,0,0,32000,32000,32000,32000
0.214,0,0,0,0,0,0,0,0,0,32000,32000,32000,32000
0.215,0,0,0,0,0,0,0,0,0,32000,32000,32000,32000
0.216,0,0,0,0,0,0,0,0,0,32000,32000,32000,32000
0.217,0,0,0,0,0,0,0,0,0,32000,32000,32000,32000
0.218,0,0,0,0,0,0,0,0,0,32000,32000,32000,32000
0.219,0,0,0,0,0,0,0,0,0,32000,32000,32000,32000
0.22,0,0,0,0,0,0,0,0,0,32000,32000,32000,32000
0.221,0,0,0,0,0,0,0,0,0,32000,32000,32000,32000
0.222,0,0,0,0,0,0,0,0,0,32000,32000,32000,32000
0.223,0,0,0,0,0,0,0,0,0,32000,32000,32000,32000
0.224,0,0,0,0,0,0,0,0,0,32000,32000,32000,32000
0.225,0,0,0,0,0,0,0,0,0,32000,32000,32000,32000
0.226,0,0,0,0,0,0,0,0,0,32000,32000,32000,32000
0.227,0,0,0,0,0,0,0,0,0,32000,32000,32000,32000
0.228,0,0,0,0,0,0,0,0,0,32000,32000,32000,32000
0.229,0,0,0,0,0,0,0,0,0,32000,32000,32000,32000
0.23,0,0,0,0,0,0,0,0,0,32000,32000,32000,32000
0.231,0,0,0,0,0,0,0,0,0,32000,32000,32000,32000
0.232,0,0,0,0,0,0,0,0,0,32000,32000,32000,32000
0.233,0,0,0,0,0,0,0,0,0,32000,32000,32000,32000
0.234,0,0,0,0,0,0,0,0,0,32000,32000,32000,32000
0.235,0,0,0,0,0,0,0,0,0,32000,32000,32000,32000
0.236,0,0,0,0,0,0,0,0,0,32000,32000,32000,32000
0.237,0,0,0,0,0,0,0,0,0,32000,32000,32000,32000
0.238,0,0,0,0,0,0,0,0,0,32000,32000,32000,32000
0.239,0,0,0,0,0,0,0,0,0,32000,32000,32000,32000
0.24,0,0,0,0,0,0,0,0,0,32000,32000,32000,32000
0.241,0,0,0,0,0,0,0,0,0,32000,32000,32000,32000
0.242,0,0,0,0,0,0,0,0,0,32000,32000,32000,32000
0.243,0,0,0,0,0,0,0,0,0,32000,32000,32000,32000
0.244,0,0,0,0,0,0,0,0,0,32000,32000,32000,32000
0.245,0,0,0,0,0,0,0,0,0,32000,32000,32000,32000
0.246,0,0,0,0,0,0,0,0,0,32000,32000,32000,32000
0.247,0,0,0,0,0,0,0,0,0,32000,32000,32000,32000
0.248,0,0,0,0,0,0,0,0,0,32000,32000,32000,32000
0.249,0,0,0,0,0,0,0,0,0,32000,32000,32000,32000
0.25,0,0,0,0,0,0,0,0,0,32000,32000,32000,32000
0.251,0,0,0,0,0,0,0,0,0,32000,32000,32000,32000
0.252,0,0,0,0,0,0,0,0,0,32000,32000,32000,32000
0.253,0,0,0,0,0,0,0,0,0,32000,32000,32000,32000
0.254,0,0,0,0,0,0,0,0,0,32000,32000,32000,32000
0.255,0,0,0,0,0,0,0,0,0,32000,32000,32000,32000
0.256,0,0,0,0,0,0,0,0,0,32000,32000,32000,32000
0.257,0,0,0,0,0,0,0,0,0,32000,32000,32000,32000
0.258,0,0,0,0,0,0,0,0,0,32000,32000,32000,32000
0.259,0,0,0,0,0,0,0,0,0,32000,32000,32000,32000
0.26,0,0,0,0,0,0,0,0,0,32000,32000,32000,32000
0.261,0,0,0,0,0,0,0,0,0,32000,32000,32000,32000
0.262,0,0,0,0,0,0,0,0,0,32000,32000,32000,32000
0.263,0,0,0,0,0,0,0,0,0,32000,32000,32000,32000
0.264,0,0,0,0,0,0,0,0,0,32000,32000,32000,32000
0.265,0,0,0,0,0,0,0,0,0,32000,32000,32000,32000
0.266,0,0,0,0,0,0,0,0,0,32000,32000,32000,32000
0.267,0,0,0,0,0,0,0,0,0,32000,32000,32000,32000
0.268,0,0,0,0,0,0,0,0,0,32000,32000,32000,32000
0.269,0,0,0,0,0,0,0,0,0,32000,32000,32000,32000
0.27,0,0,0,0,0,0,0,0,0,32000,32000,32000,32000
0.271,0,0,0,0,0,0,0,0,0,32000,32000,32000,32000
0.272,0,0,0,0,0,0,0,0,0,32000,32000,32000,32000
0.273,0,0,0,0,0,0,0,0,0,32000,32000,32000,32000
0.274,0,0,0,0,0,0,0,0,0,32000,32000,32000,32000
0.275,0,0,0,0,0,0,0,0,0,32000,32000,32000,32000
0.276,0,0,0,0,0,0,0,0,0,32000,32000,32000,32000
0.277,0,0,0,0,0,0,0,0,0,32000,32000,32000,32000
0.278,0,0,0,0,0,0,0,0,0,32000,32000,32000,32000
0.279,0,0,0,0,0,0,0,0,0,32000,32000,32000,32000
0.28,0,0,0,0,0,0,0,0,0,32000,32000,32000,32000
0.281,0,0,0,0,0,0,0,0,0,32000,32000,32000,32000
0.282,0,0,0,0,0,0,0,0,0,32000,32000,32000,32000
0.283,0,0,0,0,0,0,0,0,0,32000,32000,32000,32000
0.284,0,0,0,0,0,0,0,0,0,32000,32000,32000,32000
0.285,0,0,0,0,0,0,0,0,0,32000,32000,32000,32000
0.286,0,0,0,0,0,0,0,0,0,32000,32000,32000,32000
0.287,0,0,0,0,0,0,0,0,0,32000,32000,32000,32000
0.288,0,0,0,0,0,0,0,0,0,32000,32000,32000,32000
0.289,0,0,0,0,0,0,0,0,0,32000,32000,32000,32000
0.29,0,0,0,0,0,0,0,0,0,32000,32000,32000,32000
0.291,0,0,0,0,0,0,0,0,0,32000,32000,32000,32000
0.292,0,0,0,0,0,0,0,0,0,32000,32000,32000,32000
0.293,0,0,0,0,0,0,0,0,0,32000,32000,32000,32000
0.294,0,0,0,0,0,0,0,0,0,32000,32000,32000,32000
0.295,0,0,0,0,0,0,0,0,0,32000,32000,32000,32000
0.296,0,0,0,0,0,0,0,0,0,32000,32000,32000,32000
0.297,0,0,0,0,0,0,0,0,0,32000,32000,32000,32000
0.298,0,0,0,0,0,0,0,0,0,32000,32000,32000,32000
0.299,0,0,0,0,0,0,0,0,0,32000,32000,32000,32000
0.3,0,0,0,0,0,0,0,0,0,32000,32000,32000,32000
0.301,0,0,0,0,0,0,0,0,0,32000,32000,32000,32000
0.302,0,0,0,0,0,0,0,0,0,32000,32000,32000,32000
0.303,0,0,0,0,0,0,0,0,0,32000,32000,32000,32000
0.304,0,0,0,0,0,0,0,0,0,32000,32000,32000,32000
0.305,0,0,0,0,0,0,0,0,0,32000,32000,32000,32000
0.306,0,0,0,0,0,0,0,0,0,32000,32000,32000,32000
0.307,0,0,0,0,0,0,0,0,0,32000,32000,32000,32000
0.308,0,0,0,0,0,0,0,0,0,32000,32000,32000,32000
0.309,0,0,0,0,0,0,0,0,0,32000,32000,32000,32000
0.31,0,0,0,0,0,0,0,0,0,32000,32000,32000,32000
0.311,0,0,0,0,0,0,0,0,0,32000,32000,32000,32000
0.312,0,0,0,0,0,0,0,0,0,32000,32000,32000,32000
0.313,0,0,0,0,0,0,0,0,0,32000,32000,32000,32000
0.314,0,0,0,0,0,0,0,0,0,32000,32000,32000,32000
0.315,0,0,0,0,0,0,0,0,0,32000,32000,32000,32000
0.316,0,0,0,0,0,0,0,0,0,32000,32000,32000,32000
0.317,0,0,0,0,0,0,0,0,0,32000,32000,32000,32000
0.318,0,0,0,0,0,0,0,0,0,32000,32000,32000,32000
0.319,0,0,0,0,0,0,0,0,0,32000,32000,32000,32000
0.32,0,0,0,0,0,0,0,0,0,32000,32000,32000,32000
0.321,0,0,0,0,0,0,0,0,0,32000,32000,32000,32000
0.322,0,0,0,0,0,0,0,0,0,32000,32000,32000,32000
0.323,0,0,0,0,0,0,0,0,0,32000,32000,32000,32000
0.324,0,0,0,0,0,0,0,0,0,32000,32000,32000,32000
0.325,0,0,0,0,0,0,0,0,0,32000,32000,32000,32000
0.326,0,0,0,0,0,0,0,0,0,32000,32000,32000,32000
0.327,0,0,0,0,0,0,0,0,0,32000,32000,32000,32000
0.328,0,0,0,0,0,0,0,0,0,32000,32000,32000,32000
0.329,0,0,0,0,0,0,0,0,0,32000,32000,32000,32000
0.33,0,0,0,0,0,0,0,0,0,32000,32000,32000,32000
0.331,0,0,0,0,0,0,0,0,0,32000,32000,32000,32000
0.332,0,0,0,0,0,0,0,0,0,32000,32000,32000,32000
0.333,0,0,0,0,0,0,0,0,0,32000,32000,32000,32000
0.334,0,0,0,0,0,0,0,0,0,32000,32000,32000,32000
0.335,0,0,0,0,0,0,0,0,0,32000,32000,32000,32000
0.336,0,0,0,0,0,0,0,0,0,32000,32000,32000,32000
0.337,0,0,0,0,0,0,0,0,0,32000,32000,32000,32000
0.338,0,0,0,0,0,0,0,0,0,32000,32000,32000,32000
0.339,0,0,0,0,0,0,0,0,0,32000,32000,32000,32000
0.34,0,0,0,0,0,0,0,0,0,32000,32000,32000,32000
0.341,0,0,0,0,0,0,0,0,0,32000,32000,32000,32000
0.342,0,0,0,0,0,0,0,0,0,32000,32000,32000,32000
0.343,0,0,0,0,0,0,0,0,0,32000,32000,32000,32000
0.344,0,0,0,0,0,0,0,0,0,32000,32000,32000,32000
0.345,0,0,0,0,0,0,0,0,0,32000,32000,32000,32000
0.346,0,0,0,0,0,0,0,0,0,32000,32000,32000,32000
0.347,0,0,0,0,0,0,0,0,0,32000,32000,32000,32000
0.348,0,0,0,0,0,0,0,0,0,32000,32000,32000,32000
0.349,0,0,0,0,0,0,0,0,0,32000,32000,32000,32000
0.35,0,0,0,0,0,0,0,0,0,32000,32000,32000,32000
0.351,0,0,0,0,0,0,0,0,0,32000,32000,32000,32000
0.352,0,0,0,0,0,0,0,0,0,32000,32000,32000,32000
0.353,0,0,0,0,0,0,0,0,0,32000,32000,32000,32000
0.354,0,0,0,0,0,0,0,0,0,32000,32000,32000,32000
0.355,0,0,0,0,0,0,0,0,0,32000,32000,32000,32000
0.356,0,0,0,0,0,0,0,0,0,32000,32000,32000,32000
0.357,0,0,0,0,0,0,0,0,0,32000,32000,32000,32000
0.358,0,0,0,0,0,0,0,0,0,32000,32000,32000,32000
0.359,0,0,0,0,0,0,0,0,0,32000,32000,32000,32000
0.36,0,0,0,0,0,0,0,0,0,32000,32000,32000,32000
0.361,0,0,0,0,0,0,0,0,0,32000,32000,32000,32000
0.362,0,0,0,0,0,0,0,0,0,32000,32000,32000,32000
0.363,0,0,0,0,0,0,0,0,0,32000,32000,32000,32000
0.364,0,0,0,0,0,0,0,0,0,32000,32000,32000,32000
0.365,0,0,0,0,0,0,0,0,0,32000,32000,32000,32000
0.366,0,0,0,0,0,0,0,0,0,32000,32000,32000,32000
0.367,0,0,0,0,0,0,0,0,0,32000,32000,32000,32000
0.368,0,0,0,0,0,0,0,0,0,32000,32000,32000,32000
0.369,0,0,0,0,0,0,0,0,0,32000,32000,32000,32000
0.37,0,0,0,0,0,0,0,0,0,32000,32000,32000,32000
0.371,0,0,0,0,0,0,0,0,0,32000,32000,32000,32000
0.372,0,0,0,0,0,0,0,0,0,32000,32000,32000,32000
0.373,0,0,0,0,0,0,0,0,0,32000,32000,32000,32000
0.374,0,0,0,0,0,0,0,0,0,32000,32000,32000,32000
0.375,0,0,0,0,0,0,0,0,0,32000,32000,32000,32000
0.376,0,0,0,0,0,0,0,0,0,32000,32000,32000,32000
0.377,0,0,0,0,0,0,0,0,0,32000,32000,32000,32000
0.378,0,0,0,0,0,0,0,0,0,32000,32000,32000,32000
0.379,0,0,0,0,0,0,0,0,0,32000,32000,32000,32000
0.38,0,0,0,0,0,0,0,0,0,32000,32000,32000,32000
0.381,0,0,0,0,0,0,0,0,0,32000,32000,32000,32000
0.382,0,0,0,0,0,0,0,0,0,32000,32000,32000,32000
0.383,0,0,0,0,0,0,0,0,0,32000,32000,32000,32000
0.384,0,0,0,0,0,0,0,0,0,32000,32000,32000,32000
0.385,0,0,0,0,0,0,0,0,0,32000,32000,32000,32000
0.386,0,0,0,0,0,0,0,0,0,32000,32000,32000,32000
0.387,0,0,0,0,0,0,0,0,0,32000,32000,32000,32000
0.388,0,0,0,0,0,0,0,0,0,32000,32000,32000,32000
0.389,0,0,0,0,0,0,0,0,0,32000,32000,32000,32000
0.39,0,0,0,0,0,0,0,0,0,32000,32000,32000,32000
0.391,0,0,0,0,0,0,0,0,0,32000,32000,32000,32000
0.392,0,0,0,0,0,0,0,0,0,32000,32000,32000,32000
0.393,0,0,0,0,0,0,0,0,0,32000,32000,32000,32000
0.394,0,0,0,0,0,0,0,0,0,32000,32000,32000,32000
0.395,0,0,0,0,0,0,0,0,0,32000,32000,32000,32000
0.396,0,0,0,0,0,0,0,0,0,32000,32000,32000,32000
0.397,0,0,0,0,0,0,0,0,0,32000,32000,32000,32000
0.398,0,0,0,0,0,0,0,0,0,32000,32000,32000,32000
0.399,0,0,0,0,0,0,0,0,0,32000,32000,32000,32000
0.4,0,0,0,0,0,0,0,0,0,32000,32000,32000,32000
0.401,0,0,0,0,0,0,0,0,0,32000,32000,32000,32000
0.402,0,0,0,0,0,0,0,0,0,32000,32000,32000,32000
0.403,0,0,0,0,0,0,0,0,0,32000,32000,32000,32000
0.404,0,0,0,0,0,0,0,0,0,32000,32000,32000,32000
0.405,0,0,0,0,0,0,0,0,0,32000,32000,32000,32000
0.406,0,0,0,0,0,0,0,0,0,32000,32000,32000,32000
0.407,0,0,0,0,0,0,0,0,0,32000,32000,32000,32000
0.408,0,0,0,0,0,0,0,0,0,32000,32000,32000,32000
0.409,0,0,0,0,0,0,0,0,0,32000,32000,32000,32000
0.41,0,0,0,0,0,0,0,0,0,32000,32000,32000,32000
0.411,0,0,0,0,0,0,0,0,0,32000,32000,32000,32000
0.412,0,0,0,0,0,0,0,0,0,32000,32000,32000,32000
0.413,0,0,0,0,0,0,0,0,0,32000,32000,32000,32000
0.414,0,0,0,0,0,0,0,0,0,32000,32000,32000,32000
0.415,0,0,0,0,0,0,0,0,0,32000,32000,32000,32000
0.416,0,0,0,0,0,0,0,0,0,32000,32000,32000,32000
0.417,0,0,0,0,0,0,0,0,0,32000,32000,32000,32000
0.418,0,0,0,0,0,0,0,0,0,32000,32000,32000,32000
0.419,0,0,0,0,0,0,0,0,0,32000,32000,32000,32000
0.42,0,0,0,0,0,0,0,0,0,32000,32000,32000,32000
0.421,0,0,0,0,0,0,0,0,0,32000,32000,32000,32000
0.422,0,0,0,0,0,0,0,0,0,32000,32000,32000,32000
0.423,0,0,0,0,0,0,0,0,0,32000,32000,32000,32000
0.424,0,0,0,0,0,0,0,0,0,32000,32000,32000,32000
0.425,0,0,0,0,0,0,0,0,0,32000,32000,32000,32000
0.426,0,0,0,0,0,0,0,0,0,32000,32000,32000,32000
0.427,0,0,0,0,0,0,0,0,0,32000,32000,32000,32000
0.428,0,0,0,0,0,0,0,0,0,32000,32000,32000,32000
0.429,0,0,0,0,0,0,0,0,0,32000,32000,32000,32000
0.43,0,0,0,0,0,0,0,0,0,32000,32000,32000,32000
0.431,0,0,0,0,0,0,0,0,0,32000,32000,32000,32000
0.432,0,0,0,0,0,0,0,0,0,32000,32000,32000,32000
0.433,0,0,0,0,0,0,0,0,0,32000,32000,32000,32000
0.434,0,0,0,0,0,0,0,0,0,32000,32000,32000,32000
0.435,0,0,0,0,0,0,0,0,0,32000,32000,32000,32000
0.436,0,0,0,0,0,0,0,0,0,32000,32000,32000,32000
0.437,0,0,0,0,0,0,0,0,0,32000,32000,32000,32000
0.438,0,0,0,0,0,0,0,0,0,32000,32000,32000,32000
0.439,0,0,0,0,0,0,0,0,0,32000,32000,32000,32000
0.44,0,0,0,0,0,0,0,0,0,32000,32000,32000,32000
0.441,0,0,0,0,0,0,0,0,0,32000,32000,32000,32000
0.442,0,0,0,0,0,0,0,0,0,32000,32000,32000,32000
0.443,0,0,0,0,0,0,0,0,0,32000,32000,32000,32000
0.444,0,0,0,0,0,0,0,0,0,32000,32000,32000,32000
0.445,0,0,0,0,0,0,0,0,0,32000,32000,32000,32000
0.446,0,0,0,0,0,0,0,0,0,32000,32000,32000,32000
0.447,0,0,0,0,0,0,0,0,0,32000,32000,32000,32000
0.448,0,0,0,0,0,0,0,0,0,32000,32000,32000,32000
0.449,0,0,0,0,0,0,0,0,0,32000,32000,32000,32000
0.45,0,0,0,0,0,0,0,0,0,32000,32000,32000,32000
0.451,0,0,0,0,0,0,0,0,0,32000,32000,32000,32000
0.452,0,0,0,0,0,0,0,0,0,32000,32000,32000,32000
0.453,0,0,0,0,0,0,0,0,0,32000,32000,32000,32000
0.454,0,0,0,0,0,0,0,0,0,32000,32000,32000,32000
0.455,0,0,0,0,0,0,0,0,0,32000,32000,32000,32000
0.456,0,0,0,0,0,0,0,0,0,32000,32000,32000,32000
0.457,0,0,0,0,0,0,0,0,0,32000,32000,32000,32000
0.458,0,0,0,0,0,0,0,0,0,32000,32000,32000,32000
0.459,0,0,0,0,0,0,0,0,0,32000,32000,32000,32000
0.46,0,0,0,0,0,0,0,0,0,32000,32000,32000,32000
0.461,0,0,0,0,0,0,0,0,0,32000,32000,32000,32000
0.462,0,0,0,0,0,0,0,0,0,32000,32000,32000,32000
0.463,0,0,0,0,0,0,0,0,0,32000,32000,32000,32000
0.464,0,0,0,0,0,0,0,0,0,32000,32000,32000,32000
0.465,0,0,0,0,0,0,0,0,0,32000,32000,32000,32000
0.466,0,0,0,0,0,0,0,0,0,32000,32000,32000,32000
0.467,0,0,0,0,0,0,0,0,0,32000,32000,32000,32000
0.468,0,0,0,0,0,0,0,0,0,32000,32000,32000,32000
0.469,0,0,0,0,0,0,0,0,0,32000,32000,32000,32000
0.47,0,0,0,0,0,0,0,0,0,32000,32000,32000,32000
0.471,0,0,0,0,0,0,0,0,0,32000,32000,32000,32000
0.472,0,0,0,0,0,0,0,0,0,32000,32000,32000,32000
0.473,0,0,0,0,0,0,0,0,0,32000,32000,32000,32000
0.474,0,0,0,0,0,0,0,0,0,32000,32000,32000,32000
0.475,0,0,0,0,0,0,0,0,0,32000,32000,32000,32000
0.476,0,0,0,0,0,0,0,0,0,32000,32000,32000,32000
0.477,0,0,0,0,0,0,0,0,0,32000,32000,32000,32000
0.478,0,0,0,0,0,0,0,0,0,32000,32000,32000,32000
0.479,0,0,0,0,0,0,0,0,0,32000,32000,32000,32000
0.48,0,0,0,0,0,0,0,0,0,32000,32000,32000,32000
0.481,0,0,0,0,0,0,0,0,0,32000,32000,32000,32000
0.482,0,0,0,0,0,0,0,0,0,32000,32000,32000,32000
0.483,0,0,0,0,0,0,0,0,0,32000,32000,32000,32000
0.484,0,0,0,0,0,0,0,0,0,32000,32000,32000,32000
0.485,0,0,0,0,0,0,0,0,0,32000,32000,32000,32000
0.486,0,0,0,0,0,0,0,0,0,32000,32000,32000,32000
0.487,0,0,0,0,0,0,0,0,0,32000,32000,32000,32000
0.488,0,0,0,0,0,0,0,0,0,32000,32000,32000,32000
0.489,0,0,0,0,0,0,0,0,0,32000,32000,32000,32000
0.49,0,0,0,0,0,0,0,0,0,32000,32000,32000,32000
0.491,0,0,0,0,0,0,0,0,0,32000,32000,32000,32000
0.492,0,0,0,0,0,0,0,0,0,32000,32000,32000,32000
0.493,0,0,0,0,0,0,0,0,0,32000,32000,32000,32000
0.494,0,0,0,0,0,0,0,0,0,32000,32000,32000,32000
0.495,0,0,0,0,0,0,0,0,0,32000,32000,32000,32000
0.496,0,0,0,0,0,0,0,0,0,32000,32000,32000,32000
0.497,0,0,0,0,0,0,0,0,0,32000,32000,32000,32000
0.498,0,0,0,0,0,0,0,0,0,32000,32000,32000,32000
0.499,0,0,0,0,0,0,0,0,0,32000,32000,32000,32000
0.5,0,0,0,0,0,0,0,0,0,32000,32000,32000,32000
0.501,0,0,0,0,0,0,0,0,0,32000,32000,32000,32000
0.502,0,0,0,0,0,0,0,0,0,32000,32000,32000,32000
0.503,0,0,0,0,0,0,0,0,0,32000,32000,32000,32000
0.504,0,0,0,0,0,0,0,0,0,32000,32000,32000,32000
0.505,0,0,0,0,0,0,0,0,0,32000,32000,32000,32000
0.506,0,0,0,0,0,0,0,0,0,32000,32000,32000,32000
0.507,0,0,0,0,0,0,0,0,0,32000,32000,32000,32000
0.508,0,0,0,0,0,0,0,0,0,32000,32000,32000,32000
0.509,0,0,0,0,0,0,0,0,0,32000,32000,32000,32000
0.51,0,0,0,0,0,0,0,0,0,32000,32000,32000,32000
0.511,0,0,0,0,0,0,0,0,0,32000,32000,32000,32000
0.512,0,0,0,0,0,0,0,0,0,32000,32000,32000,32000
0.513,0,0,0,0,0,0,0,0,0,32000,32000,32000,32000
0.514,0,0,0,0,0,0,0,0,0,32000,32000,32000,32000
0.515,0,0,0,0,0,0,0,0,0,32000,32000,32000,32000
0.516,0,0,0,0,0,0,0,0,0,32000,32000,32000,32000
0.517,0,0,0,0,0,0,0,0,0,32000,32000,32000,32000
0.518,0,0,0,0,0,0,0,0,0,32000,32000,32000,32000
0.519,0,0,0,0,0,0,0,0,0,32000,32000,32000,32000
0.52,0,0,0,0,0,0,0,0,0,32000,32000,32000,32000
0.521,0,0,0,0,0,0,0,0,0,32000,32000,32000,32000
0.522,0,0,0,0,0,0,0,0,0,32000,32000,32000,32000
0.523,0,0,0,0,0,0,0,0,0,32000,32000,32000,32000
0.524,0,0,0,0,0,0,0,0,0,32000,32000,32000,32000
0.525,0,0,0,0,0,0,0,0,0,32000,32000,32000,32000
0.526,0,0,0,0,0,0,0,0,0,32000,32000,32000,32000
0.527,0,0,0,0,0,0,0,0,0,32000,32000,32000,32000
0.528,0,0,0,0,0,0,0,0,0,32000,32000,32000,32000
0.529,0,0,0,0,0,0,0,0,0,32000,32000,32000,32000
0.53,0,0,0,0,0,0,0,0,0,32000,32000,32000,32000
0.531,0,0,0,0,0,0,0,0,0,32000,32000,32000,32000
0.532,0,0,0,0,0,0,0,0,0,32000,32000,32000,32000
0.533,0,0,0,0,0,0,0,0,0,32000,32000,32000,32000
0.534,0,0,0,0,0,0,0,0,0,32000,32000,32000,32000
0.535,0,0,0,0,0,0,0,0,0,32000,32000,32000,32000
0.536,0,0,0,0,0,0,0,0,0,32000,32000,32000,32000
0.537,0,0,0,0,0,0,0,0,0,32000,32000,32000,32000
0.538,0,0,0,0,0,0,0,0,0,32000,32000,32000,32000
0.539,0,0,0,0,0,0,0,0,0,32000,32000,32000,32000
0.54,0,0,0,0,0,0,0,0,0,32000,32000,32000,32000
0.541,0,0,0,0,0,0,0,0,0,32000,32000,32000,32000
0.542,0,0,0,0,0,0,0,0,0,32000,32000,32000,32000
0.543,0,0,0,0,0,0,0,0,0,32000,32000,32000,32000
0.544,0,0,0,0,0,0,0,0,0,32000,32000,32000,32000
0.545,0,0,0,0,0,0,0,0,0,32000,32000,32000,32000
0.546,0,0,0,0,0,0,0,0,0,32000,32000,32000,32000
0.547,0,0,0,0,0,0,0,0,0,32000,32000,32000,32000
0.548,0,0,0,0,0,0,0,0,0,32000,32000,32000,32000
0.549,0,0,0,0,0,0,0,0,0,32000,32000,32000,32000
0.55,0,0,0,0,0,0,0,0,0,32000,32000,32000,32000
0.551,0,0,0,0,0,0,0,0,0,32000,32000,32000,32000
0.552,0,0,0,0,0,0,0,0,0,32000,32000,32000,32000
0.553,0,0,0,0,0,0,0,0,0,32000,32000,32000,32000
0.554,0,0,0,0,0,0,0,0,0,32000,32000,32000,32000
0.555,0,0,0,0,0,0,0,0,0,32000,32000,32000,32000
0.556,0,0,0,0,0,0,0,0,0,32000,32000,32000,32000
0.557,0,0,0,0,0,0,0,0,0,32000,32000,32000,32000
0.558,0,0,0,0,0,0,0,0,0,32000,32000,32000,32000
0.559,0,0,0,0,0,0,0,0,0,32000,32000,32000,32000
0.56,0,0,0,0,0,0,0,0,0,32000,32000,32000,32000
0.561,0,0,0,0,0,0,0,0,0,32000,32000,32000,32000
0.562,0,0,0,0,0,0,0,0,0,32000,32000,32000,32000
0.563,0,0,0,0,0,0,0,0,0,32000,32000,32000,32000
0.564,0,0,0,0,0,0,0,0,0,32000,32000,32000,32000
0.565,0,0,0,0,0,0,0,0,0,32000,32000,32000,32000
0.566,0,0,0,0,0,0,0,0,0,32000,32000,32000,32000
0.567,0,0,0,0,0,0,0,0,0,32000,32000,32000,32000
0.568,0,0,0,0,0,0,0,0,0,32000,32000,32000,32000
0.569,0,0,0,0,0,0,0,0,0,32000,32000,32000,32000
0.57,0,0,0,0,0,0,0,0,0,32000,32000,32000,32000
0.571,0,0,0,0,0,0,0,0,0,32000,32000,32000,32000
0.572,0,0,0,0,0,0,0,0,0,32000,32000,32000,32000
0.573,0,0,0,0,0,0,0,0,0,32000,32000,32000,32000
0.574,0,0,0,0,0,0,0,0,0,32000,32000,32000,32000
0.575,0,0,0,0,0,0,0,0,0,32000,32000,32000,32000
0.576,0,0,0,0,0,0,0,0,0,32000,32000,32000,32000
0.577,0,0,0,0,0,0,0,0,0,32000,32000,32000,32000
0.578,0,0,0,0,0,0,0,0,0,32000,32000,32000,32000
0.579,0,0,0,0,0,0,0,0,0,32000,32000,32000,32000
0.58,0,0,0,0,0,0,0,0,0,32000,32000,32000,32000
0.581,0,0,0,0,0,0,0,0,0,32000,32000,32000,32000
0.582,0,0,0,0,0,0,0,0,0,32000,32000,32000,32000
0.583,0,0,0,0,0,0,0,0,0,32000,32000,32000,32000
0.584,0,0,0,0,0,0,0,0,0,32000,32000,32000,32000
0.585,0,0,0,0,0,0,0,0,0,32000,32000,32000,32000
0.586,0,0,0,0,0,0,0,0,0,32000,32000,32000,32000
0.587,0,0,0,0,0,0,0,0,0,32000,32000,32000,32000
0.588,0,0,0,0,0,0,0,0,0,32000,32000,32000,32000
0.589,0,0,0,0,0,0,0,0,0,32000,32000,32000,32000
0.59,0,0,0,0,0,0,0,0,0,32000,32000,32000,32000
0.591,0,0,0,0,0,0,0,0,0,32000,32000,32000,32000
0.592,0,0,0,0,0,0,0,0,0,32000,32000,32000,32000
0.593,0,0,0,0,0,0,0,0,0,32000,32000,32000,32000
0.594,0,0,0,0,0,0,0,0,0,32000,32000,32000,32000
0.595,0,0,0,0,0,0,0,0,0,32000,32000,32000,32000
0.596,0,0,0,0,0,0,0,0,0,32000,32000,32000,32000
0.597,0,0,0,0,0,0,0,0,0,32000,32000,32000,32000
0.598,0,0,0,0,0,0,0,0,0,32000,32000,32000,32000
0.599,0,0,0,0,0,0,0,0,0,32000,32000,32000,32000
0.6,0,0,0,0,0,0,0,0,0,32000,32000,32000,32000
0.601,0,0,0,0,0,0,0,0,0,32000,32000,32000,32000
0.602,0,0,0,0,0,0,0,0,0,32000,32000,32000,32000
0.603,0,0,0,0,0,0,0,0,0,32000,32000,32000,32000
0.604,0,0,0,0,0,0,0,0,0,32000,32000,32000,32000
0.605,0,0,0,0,0,0,0,0,0,32000,32000,32000,32000
0.606,0,0,0,0,0,0,0,0,0,32000,32000,32000,32000
0.607,0,0,0,0,0,0,0,0,0,32000,32000,32000,32000
0.608,0,0,0,0,0,0,0,0,0,32000,32000,32000,32000
0.609,0,0,0,0,0,0,0,0,0,32000,32000,32000,32000
0.61,0,0,0,0,0,0,0,0,0,32000,32000,32000,32000
0.611,0,0,0,0,0,0,0,0,0,32000,32000,32000,32000
0.612,0,0,0,0,0,0,0,0,0,32000,32000,32000,32000
0.613,0,0,0,0,0,0,0,0,0,32000,32000,32000,32000
0.614,0,0,0,0,0,0,0,0,0,32000,32000,32000,32000
0.615,0,0,0,0,0,0,0,0,0,32000,32000,32000,32000
0.616,0,0,0,0,0,0,0,0,0,32000,32000,32000,32000
0.617,0,0,0,0,0,0,0,0,0,32000,32000,32000,32000
0.618,0,0,0,0,0,0,0,0,0,32000,32000,32000,32000
0.619,0,0,0,0,0,0,0,0,0,32000,32000,32000,32000
0.62,0,0,0,0,0,0,0,0,0,32000,32000,32000,32000
0.621,0,0,0,0,0,0,0,0,0,32000,32000,32000,32000
0.622,0,0,0,0,0,0,0,0,0,32000,32000,32000,32000
0.623,0,0,0,0,0,0,0,0,0,32000,32000,32000,32000
0.624,0,0,0,0,0,0,0,0,0,32000,32000,32000,32000
0.625,0,0,0,0,0,0,0,0,0,32000,32000,32000,32000
0.626,0,0,0,0,0,0,0,0,0,32000,32000,32000,32000
0.627,0,0,0,0,0,0,0,0,0,32000,32000,32000,32000
0.628,0,0,0,0,0,0,0,0,0,32000,32000,32000,32000
0.629,0,0,0,0,0,0,0,0,0,32000,32000,32000,32000
0.63,0,0,0,0,0,0,0,0,0,32000,32000,32000,32000
0.631,0,0,0,0,0,0,0,0,0,32000,32000,32000,32000
0.632,0,0,0,0,0,0,0,0,0,32000,32000,32000,32000
0.633,0,0,0,0,0,0,0,0,0,32000,32000,32000,32000
0.634,0,0,0,0,0,0,0,0,0,32000,32000,32000,32000
0.635,0,0,0,0,0,0,0,0,0,32000,32000,32000,32000
0.636,0,0,0,0,0,0,0,0,0,32000,32000,32000,32000
0.637,0,0,0,0,0,0,0,0,0,32000,32000,32000,32000
0.638,0,0,0,0,0,0,0,0,0,32000,32000,32000,32000
0.639,0,0,0,0,0,0,0,0,0,32000,32000,32000,32000
0.64,0,0,0,0,0,0,0,0,0,32000,32000,32000,32000
0.641,0,0,0,0,0,0,0,0,0,32000,32000,32000,32000
0.642,0,0,0,0,0,0,0,0,0,32000,32000,32000,32000
0.643,0,0,0,0,0,0,0,0,0,32000,32000,32000,32000
0.644,0,0,0,0,0,0,0,0,0,32000,32000,32000,32000
0.645,0,0,0,0,0,0,0,0,0,32000,32000,32000,32000
0.646,0,0,0,0,0,0,0,0,0,32000,32000,32000,32000
0.647,0,0,0,0,0,0,0,0,0,32000,32000,32000,32000
0.648,0,0,0,0,0,0,0,0,0,32000,32000,32000,32000
0.649,0,0,0,0,0,0,0,0,0,32000,32000,32000,32000
0.65,0,0,0,0,0,0,0,0,0,32000,32000,32000,32000
0.651,0,0,0,0,0,0,0,0,0,32000,32000,32000,32000
0.652,0,0,0,0,0,0,0,0,0,32000,32000,32000,32000
0.653,0,0,0,0,0,0,0,0,0,32000,32000,32000,32000
0.654,0,0,0,0,0,0,0,0,0,32000,32000,32000,32000
0.655,0,0,0,0,0,0,0,0,0,32000,32000,32000,32000
0.656,0,0,0,0,0,0,0,0,0,32000,32000,32000,32000
0.657,0,0,0,0,0,0,0,0,0,32000,32000,32000,32000
0.658,0,0,0,0,0,0,0,0,0,32000,32000,32000,32000
0.659,0,0,0,0,0,0,0,0,0,32000,32000,32000,32000
0.66,0,0,0,0,0,0,0,0,0,32000,32000,32000,32000
0.661,0,0,0,0,0,0,0,0,0,32000,32000,32000,32000
0.662,0,0,0,0,0,0,0,0,0,32000,32000,32000,32000
0.663,0,0,0,0,0,0,0,0,0,32000,32000,32000,32000
0.664,0,0,0,0,0,0,0,0,0,32000,32000,32000,32000
0.665,0,0,0,0,0,0,0,0,0,32000,32000,32000,32000
0.666,0,0,0,0,0,0,0,0,0,32000,32000,32000,32000
0.667,0,0,0,0,0,0,0,0,0,32000,32000,32000,32000
0.668,0,0,0,0,0,0,0,0,0,32000,32000,32000,32000
0.669,0,0,0,0,0,0,0,0,0,32000,32000,32000,32000
0.67,0,0,0,0,0,0,0,0,0,32000,32000,32000,32000
0.671,0,0,0,0,0,0,0,0,0,32000,32000,32000,32000
0.672,0,0,0,0,0,0,0,0,0,32000,32000,32000,32000
0.673,0,0,0,0,0,0,0,0,0,32000,32000,32000,32000
0.674,0,0,0,0,0,0,0,0,0,32000,32000,32000,32000
0.675,0,0,0,0,0,0,0,0,0,32000,32000,32000,32000
0.676,0,0,0,0,0,0,0,0,0,32000,32000,32000,32000
0.677,0,0,0,0,0,0,0,0,0,32000,32000,32000,32000
0.678,0,0,0,0,0,0,0,0,0,32000,32000,32000,32000
0.679,0,0,0,0,0,0,0,0,0,32000,32000,32000,32000
0.68,0,0,0,0,0,0,0,0,0,32000,32000,32000,32000
0.681,0,0,0,0,0,0,0,0,0,32000,32000,32000,32000
0.682,0,0,0,0,0,0,0,0,0,32000,32000,32000,32000
0.683,0,0,0,0,0,0,0,0,0,32000,32000,32000,32000
0.684,0,0,0,0,0,0,0,0,0,32000,32000,32000,32000
0.685,0,0,0,0,0,0,0,0,0,32000,32000,32000,32000
0.686,0,0,0,0,0,0,0,0,0,32000,32000,32000,32000
0.687,0,0,0,0,0,0,0,0,0,32000,32000,32000,32000
0.688,0,0,0,0,0,0,0,0,0,32000,32000,32000,32000
0.689,0,0,0,0,0,0,0,0,0,32000,32000,32000,32000
0.69,0,0,0,0,0,0,0,0,0,32000,32000,32000,32000
0.691,0,0,0,0,0,0,0,0,0,32000,32000,32000,32000
0.692,0,0,0,0,0,0,0,0,0,32000,32000,32000,32000
0.693,0,0,0,0,0,0,0,0,0,32000,32000,32000,32000
0.694,0,0,0,0,0,0,0,0,0,32000,32000,32000,32000
0.695,0,0,0,0,0,0,0,0,0,32000,32000,32000,32000
0.696,0,0,0,0,0,0,0,0,0,32000,32000,32000,32000
0.697,0,0,0,0,0,0,0,0,0,32000,32000,32000,32000
0.698,0,0,0,0,0,0,0,0,0,32000,32000,32000,32000
0.699,0,0,0,0,0,0,0,0,0,32000,32000,32000,32000
0.7,0,0,0,0,0,0,0,0,0,32000,32000,32000,32000
0.701,0,0,0,0,0,0,0,0,0,32000,32000,32000,32000
0.702,0,0,0,0,0,0,0,0,0,32000,32000,32000,32000
0.703,0,0,0,0,0,0,0,0,0,32000,32000,32000,32000
0.704,0,0,0,0,0,0,0,0,0,32000,32000,32000,32000
0.705,0,0,0,0,0,0,0,0,0,32000,32000,32000,32000
0.706,0,0,0,0,0,0,0,0,0,32000,32000,32000,32000
0.707,0,0,0,0,0,0,0,0,0,32000,32000,32000,32000
0.708,0,0,0,0,0,0,0,0,0,32000,32000,32000,32000
0.709,0,0,0,0,0,0,0,0,0,32000,32000,32000,32000
0.71,0,0,0,0,0,0,0,0,0,32000,32000,32000,32000
0.711,0,0,0,0,0,0,0,0,0,32000,32000,32000,32000
0.712,0,0,0,0,0,0,0,0,0,32000,32000,32000,32000
0.713,0,0,0,0,0,0,0,0,0,32000,32000,32000,32000
0.714,0,0,0,0,0,0,0,0,0,32000,32000,32000,32000
0.715,0,0,0,0,0,0,0,0,0,32000,32000,32000,32000
0.716,0,0,0,0,0,0,0,0,0,32000,32000,32000,32000
0.717,0,0,0,0,0,0,0,0,0,32000,32000,32000,32000
0.718,0,0,0,0,0,0,0,0,0,32000,32000,32000,32000
0.719,0,0,0,0,0,0,0,0,0,32000,32000,32000,32000
0.72,0,0,0,0,0,0,0,0,0,32000,32000,32000,32000
0.721,0,0,0,0,0,0,0,0,0,32000,32000,32000,32000
0.722,0,0,0,0,0,0,0,0,0,32000,32000,32000,32000
0.723,0,0,0,0,0,0,0,0,0,32000,32000,32000,32000
0.724,0,0,0,0,0,0,0,0,0,32000,32000,32000,32000
0.725,0,0,0,0,0,0,0,0,0,32000,32000,32000,32000
0.726,0,0,0,0,0,0,0,0,0,32000,32000,32000,32000
0.727,0,0,0,0,0,0,0,0,0,32000,32000,32000,32000
0.728,0,0,0,0,0,0,0,0,0,32000,32000,32000,32000
0.729,0,0,0,0,0,0,0,0,0,32000,32000,32000,32000
0.73,0,0,0,0,0,0,0,0,0,32000,32000,32000,32000
0.731,0,0,0,0,0,0,0,0,0,32000,32000,32000,32000
0.732,0,0,0,0,0,0,0,0,0,32000,32000,32000,32000
0.733,0,0,0,0,0,0,0,0,0,32000,32000,32000,32000
0.734,0,0,0,0,0,0,0,0,0,32000,32000,32000,32000
0.735,0,0,0,0,0,0,0,0,0,32000,32000,32000,32000
0.736,0,0,0,0,0,0,0,0,0,32000,32000,32000,32000
0.737,0,0,0,0,0,0,0,0,0,32000,32000,32000,32000
0.738,0,0,0,0,0,0,0,0,0,32000,32000,32000,32000
0.739,0,0,0,0,0,0,0,0,0,32000,32000,32000,32000
0.74,0,0,0,0,0,0,0,0,0,32000,32000,32000,32000
0.741,0,0,0,0,0,0,0,0,0,32000,32000,32000,32000
0.742,0,0,0,0,0,0,0,0,0,32000,32000,32000,32000
0.743,0,0,0,0,0,0,0,0,0,32000,32000,32000,32000
0.744,0,0,0,0,0,0,0,0,0,32000,32000,32000,32000
0.745,0,0,0,0,0,0,0,0,0,32000,32000,32000,32000
0.746,0,0,0,0,0,0,0,0,0,32000,32000,32000,32000
0.747,0,0,0,0,0,0,0,0,0,32000,32000,32000,32000
0.748,0,0,0,0,0,0,0,0,0,32000,32000,32000,32000
0.749,0,0,0,0,0,0,0,0,0,32000,32000,32000,32000
0.75,0,0,0,0,0,0,0,0,0,32000,32000,32000,32000
0.751,0,0,0,0,0,0,0,0,0,32000,32000,32000,32000
0.752,0,0,0,0,0,0,0,0,0,32000,32000,32000,32000
0.753,0,0,0,0,0,0,0,0,0,32000,32000,32000,32000
0.754,0,0,0,0,0,0,0,0,0,32000,32000,32000,32000
0.755,0,0,0,0,0,0,0,0,0,32000,32000,32000,32000
0.756,0,0,0,0,0,0,0,0,0,32000,32000,32000,32000
0.757,0,0,0,0,0,0,0,0,0,32000,32000,32000,32000
0.758,0,0,0,0,0,0,0,0,0,32000,32000,32000,32000
0.759,0,0,0,0,0,0,0,0,0,32000,32000,32000,32000
0.76,0,0,0,0,0,0,0,0,0,32000,32000,32000,32000
0.761,0,0,0,0,0,0,0,0,0,32000,32000,32000,32000
0.762,0,0,0,0,0,0,0,0,0,32000,32000,32000,32000
0.763,0,0,0,0,0,0,0,0,0,32000,32000,32000,32000
0.764,0,0,0,0,0,0,0,0,0,32000,32000,32000,32000
0.765,0,0,0,0,0,0,0,0,0,32000,32000,32000,32000
0.766,0,0,0,0,0,0,0,0,0,32000,32000,32000,32000
0.767,0,0,0,0,0,0,0,0,0,32000,32000,32000,32000
0.768,0,0,0,0,0,0,0,0,0,32000,32000,32000,32000
0.769,0,0,0,0,0,0,0,0,0,32000,32000,32000,32000
0.77,0,0,0,0,0,0,0,0,0,32000,32000,32000,32000
0.771,0,0,0,0,0,0,0,0,0,32000,32000,32000,32000
0.772,0,0,0,0,0,0,0,0,0,32000,32000,32000,32000
0.773,0,0,0,0,0,0,0,0,0,32000,32000,32000,32000
0.774,0,0,0,0,0,0,0,0,0,32000,32000,32000,32000
0.775,0,0,0,0,0,0,0,0,0,32000,32000,32000,32000
0.776,0,0,0,0,0,0,0,0,0,32000,32000,32000,32000
0.777,0,0,0,0,0,0,0,0,0,32000,32000,32000,32000
0.778,0,0,0,0,0,0,0,0,0,32000,32000,32000,32000
0.779,0,0,0,0,0,0,0,0,0,32000,32000,32000,32000
0.78,0,0,0,0,0,0,0,0,0,32000,32000,32000,32000
0.781,0,0,0,0,0,0,0,0,0,32000,32000,32000,32000
0.782,0,0,0,0,0,0,0,0,0,32000,32000,32000,32000
0.783,0,0,0,0,0,0,0,0,0,32000,32000,32000,32000
0.784,0,0,0,0,0,0,0,0,0,32000,32000,32000,32000
0.785,0,0,0,0,0,0,0,0,0,32000,32000,32000,32000
0.786,0,0,0,0,0,0,0,0,0,32000,32000,32000,32000
0.787,0,0,0,0,0,0,0,0,0,32000,32000,32000,32000
0.788,0,0,0,0,0,0,0,0,0,32000,32000,32000,32000
0.789,0,0,0,0,0,0,0,0,0,32000,32000,32000,32000
0.79,0,0,0,0,0,0,0,0,0,32000,32000,32000,32000
0.791,0,0,0,0,0,0,0,0,0,32000,32000,32000,32000
0.792,0,0,0,0,0,0,0,0,0,32000,32000,32000,32000
0.793,0,0,0,0,0,0,0,0,0,32000,32000,32000,32000
0.794,0,0,0,0,0,0,0,0,0,32000,32000,32000,32000
0.795,0,0,0,0,0,0,0,0,0,32000,32000,32000,32000
0.796,0,0,0,0,0,0,0,0,0,32000,32000,32000,32000
0.797,0,0,0,0,0,0,0,0,0,32000,32000,32000,32000
0.798,0,0,0,0,0,0,0,0,0,32000,32000,32000,32000
0.799,0,0,0,0,0,0,0,0,0,32000,32000,32000,32000
0.8,0,0,0,0,0,0,0,0,0,32000,32000,32000,32000
0.801,0,0,0,0,0,0,0,0,0,32000,32000,32000,32000
0.802,0,0,0,0,0,0,0,0,0,32000,32000,32000,32000
0.803,0,0,0,0,0,0,0,0,0,32000,32000,32000,32000
0.804,0,0,0,0,0,0,0,0,0,32000,32000,32000,32000
0.805,0,0,0,0,0,0,0,0,0,32000,32000,32000,32000
0.806,0,0,0,0,0,0,0,0,0,32000,32000,32000,32000
0.807,0,0,0,0,0,0,0,0,0,32000,32000,32000,32000
0.808,0,0,0,0,0,0,0,0,0,32000,32000,32000,32000
0.809,0,0,0,0,0,0,0,0,0,32000,32000,32000,32000
0.81,0,0,0,0,0,0,0,0,0,32000,32000,32000,32000
0.811,0,0,0,0,0,0,0,0,0,32000,32000,32000,32000
0.812,0,0,0,0,0,0,0,0,0,32000,32000,32000,32000
0.813,0,0,0,0,0,0,0,0,0,32000,32000,32000,32000
0.814,0,0,0,0,0,0,0,0,0,32000,32000,32000,32000
0.815,0,0,0,0,0,0,0,0,0,32000,32000,32000,32000
0.816,0,0,0,0,0,0,0,0,0,32000,32000,32000,32000
0.817,0,0,0,0,0,0,0,0,0,32000,32000,32000,32000
0.818,0,0,0,0,0,0,0,0,0,32000,32000,32000,32000
0.819,0,0,0,0,0,0,0,0,0,32000,32000,32000,32000
0.82,0,0,0,0,0,0,0,0,0,32000,32000,32000,32000
0.821,0,0,0,0,0,0,0,0,0,32000,32000,32000,32000
0.822,0,0,0,0,0,0,0,0,0,32000,32000,32000,32000
0.823,0,0,0,0,0,0,0,0,0,32000,32000,32000,32000
0.824,0,0,0,0,0,0,0,0,0,32000,32000,32000,32000
0.825,0,0,0,0,0,0,0,0,0,32000,32000,32000,32000
0.826,0,0,0,0,0,0,0,0,0,32000,32000,32000,32000
0.827,0,0,0,0,0,0,0,0,0,32000,32000,32000,32000
0.828,0,0,0,0,0,0,0,0,0,32000,32000,32000,32000
0.829,0,0,0,0,0,0,0,0,0,32000,32000,32000,32000
0.83,0,0,0,0,0,0,0,0,0,32000,32000,32000,32000
0.831,0,0,0,0,0,0,0,0,0,32000,32000,32000,32000
0.832,0,0,0,0,0,0,0,0,0,32000,32000,32000,32000
0.833,0,0,0,0,0,0,0,0,0,32000,32000,32000,32000
0.834,0,0,0,0,0,0,0,0,0,32000,32000,32000,32000
0.835,0,0,0,0,0,0,0,0,0,32000,32000,32000,32000
0.836,0,0,0,0,0,0,0,0,0,32000,32000,32000,32000
0.837,0,0,0,0,0,0,0,0,0,32000,32000,32000,32000
0.838,0,0,0,0,0,0,0,0,0,32000,32000,32000,32000
0.839,0,0,0,0,0,0,0,0,0,32000,32000,32000,32000
0.84,0,0,0,0,0,0,0,0,0,32000,32000,32000,32000
0.841,0,0,0,0,0,0,0,0,0,32000,32000,32000,32000
0.842,0,0,0,0,0,0,0,0,0,32000,32000,32000,32000
0.843,0,0,0,0,0,0,0,0,0,32000,32000,32000,32000
0.844,0,0,0,0,0,0,0,0,0,32000,32000,32000,32000
0.845,0,0,0,0,0,0,0,0,0,32000,32000,32000,32000
0.846,0,0,0,0,0,0,0,0,0,32000,32000,32000,32000
0.847,0,0,0,0,0,0,0,0,0,32000,32000,32000,32000
0.848,0,0,0,0,0,0,0,0,0,32000,32000,32000,32000
0.849,0,0,0,0,0,0,0,0,0,32000,32000,32000,32000
0.85,0,0,0,0,0,0,0,0,0,32000,32000,32000,32000
0.851,0,0,0,0,0,0,0,0,0,32000,32000,32000,32000
0.852,0,0,0,0,0,0,0,0,0,32000,32000,32000,32000
0.853,0,0,0,0,0,0,0,0,0,32000,32000,32000,32000
0.854,0,0,0,0,0,0,0,0,0,32000,32000,32000,32000
0.855,0,0,0,0,0,0,0,0,0,32000,32000,32000,32000
0.856,0,0,0,0,0,0,0,0,0,32000,32000,32000,32000
0.857,0,0,0,0,0,0,0,0,0,32000,32000,32000,32000
0.858,0,0,0,0,0,0,0,0,0,32000,32000,32000,32000
0.859,0,0,0,0,0,0,0,0,0,32000,32000,32000,32000
0.86,0,0,0,0,0,0,0,0,0,32000,32000,32000,32000
0.861,0,0,0,0,0,0,0,0,0,32000,32000,32000,32000
0.862,0,0,0,0,0,0,0,0,0,32000,32000,32000,32000
0.863,0,0,0,0,0,0,0,0,0,32000,32000,32000,32000
0.864,0,0,0,0,0,0,0,0,0,32000,32000,32000,32000
0.865,0,0,0,0,0,0,0,0,0,32000,32000,32000,32000
0.866,0,0,0,0,0,0,0,0,0,32000,32000,32000,32000
0.867,0,0,0,0,0,0,0,0,0,32000,32000,32000,32000
0.868,0,0,0,0,0,0,0,0,0,32000,32000,32000,32000
0.869,0,0,0,0,0,0,0,0,0,32000,32000,32000,32000
0.87,0,0,0,0,0,0,0,0,0,32000,32000,32000,32000
0.871,0,0,0,0,0,0,0,0,0,32000,32000,32000,32000
0.872,0,0,0,0,0,0,0,0,0,32000,32000,32000,32000
0.873,0,0,0,0,0,0,0,0,0,32000,32000,32000,32000
0.874,0,0,0,0,0,0,0,0,0,32000,32000,32000,32000
0.875,0,0,0,0,0,0,0,0,0,32000,32000,32000,32000
0.876,0,0,0,0,0,0,0,0,0,32000,32000,32000,32000
0.877,0,0,0,0,0,0,0,0,0,32000,32000,32000,32000
0.878,0,0,0,0,0,0,0,0,0,32000,32000,32000,32000
0.879,0,0,0,0,0,0,0,0,0,32000,32000,32000,32000
0.88,0,0,0,0,0,0,0,0,0,32000,32000,32000,32000
0.881,0,0,0,0,0,0,0,0,0,32000,32000,32000,32000
0.882,0,0,0,0,0,0,0,0,0,32000,32000,32000,32000
0.883,0,0,0,0,0,0,0,0,0,32000,32000,32000,32000
0.884,0,0,0,0,0,0,0,0,0,32000,32000,32000,32000
0.885,0,0,0,0,0,0,0,0,0,32000,32000,32000,32000
0.886,0,0,0,0,0,0,0,0,0,32000,32000,32000,32000
0.887,0,0,0,0,0,0,0,0,0,32000,32000,32000,32000
0.888,0,0,0,0,0,0,0,0,0,32000,32000,32000,32000
0.889,0,0,0,0,0,0,0,0,0,32000,32000,32000,32000
0.89,0,0,0,0,0,0,0,0,0,32000,32000,32000,32000
0.891,0,0,0,0,0,0,0,0,0,32000,32000,32000,32000
0.892,0,0,0,0,0,0,0,0,0,32000,32000,32000,32000
0.893,0,0,0,0,0,0,0,0,0,32000,32000,32000,32000
0.894,0,0,0,0,0,0,0,0,0,32000,32000,32000,32000
0.895,0,0,0,0,0,0,0,0,0,32000,32000,32000,32000
0.896,0,0,0,0,0,0,0,0,0,32000,32000,32000,32000
0.897,0,0,0,0,0,0,0,0,0,32000,32000,32000,32000
0.898,0,0,0,0,0,0,0,0,0,32000,32000,32000,32000
0.899,0,0,0,0,0,0,0,0,0,32000,32000,32000,32000
0.9,0,0,0,0,0,0,0,0,0,32000,32000,32000,32000
0.901,0,0,0,0,0,0,0,0,0,32000,32000,32000,32000
0.902,0,0,0,0,0,0,0,0,0,32000,32000,32000,32000
0.903,0,0,0,0,0,0,0,0,0,32000,32000,32000,32000
0.904,0,0,0,0,0,0,0,0,0,32000,32000,32000,32000
0.905,0,0,0,0,0,0,0,0,0,32000,32000,32000,32000
0.906,0,0,0,0,0,0,0,0,0,32000,32000,32000,32000
0.907,0,0,0,0,0,0,0,0,0,32000,32000,32000,32000
0.908,0,0,0,0,0,0,0,0,0,32000,32000,32000,32000
0.909,0,0,0,0,0,0,0,0,0,32000,32000,32000,32000
0.91,0,0,0,0,0,0,0,0,0,32000,32000,32000,32000
0.911,0,0,0,0,0,0,0,0,0,32000,32000,32000,32000
0.912,0,0,0,0,0,0,0,0,0,32000,32000,32000,32000
0.913,0,0,0,0,0,0,0,0,0,32000,32000,32000,32000
0.914,0,0,0,0,0,0,0,0,0,32000,32000,32000,32000
0.915,0,0,0,0,0,0,0,0,0,32000,32000,32000,32000
0.916,0,0,0,0,0,0,0,0,0,32000,32000,32000,32000
0.917,0,0,0,0,0,0,0,0,0,32000,32000,32000,32000
0.918,0,0,0,0,0,0,0,0,0,32000,32000,32000,32000
0.919,0,0,0,0,0,0,0,0,0,32000,32000,32000,32000
0.92,0,0,0,0,0,0,0,0,0,32000,32000,32000,32000
0.921,0,0,0,0,0,0,0,0,0,32000,32000,32000,32000
0.922,0,0,0,0,0,0,0,0,0,32000,32000,32000,32000
0.923,0,0,0,0,0,0,0,0,0,32000,32000,32000,32000
0.924,0,0,0,0,0,0,0,0,0,32000,32000,32000,32000
0.925,0,0,0,0,0,0,0,0,0,32000,32000,32000,32000
0.926,0,0,0,0,0,0,0,0,0,32000,32000,32000,32000
0.927,0,0,0,0,0,0,0,0,0,32000,32000,32000,32000
0.928,0,0,0,0,0,0,0,0,0,32000,32000,32000,32000
0.929,0,0,0,0,0,0,0,0,0,32000,32000,32000,32000
0.93,0,0,0,0,0,0,0,0,0,32000,32000,32000,32000
0.931,0,0,0,0,0,0,0,0,0,32000,32000,32000,32000
0.932,0,0,0,0,0,0,0,0,0,32000,32000,32000,32000
0.933,0,0,0,0,0,0,0,0,0,32000,32000,32000,32000
0.934,0,0,0,0,0,0,0,0,0,32000,32000,32000,32000
0.935,0,0,0,0,0,0,0,0,0,32000,32000,32000,32000
0.936,0,0,0,0,0,0,0,0,0,32000,32000,32000,32000
0.937,0,0,0,0,0,0,0,0,0,32000,32000,32000,32000
0.938,0,0,0,0,0,0,0,0,0,32000,32000,32000,32000
0.939,0,0,0,0,0,0,0,0,0,32000,32000,32000,32000
0.94,0,0,0,0,0,0,0,0,0,32000,32000,32000,32000
0.941,0,0,0,0,0,0,0,0,0,32000,32000,32000,32000
0.942,0,0,0,0,0,0,0,0,0,32000,32000,32000,32000
0.943,0,0,0,0,0,0,0,0,0,32000,32000,32000,32000
0.944,0,0,0,0,0,0,0,0,0,32000,32000,32000,32000
0.945,0,0,0,0,0,0,0,0,0,32000,32000,32000,32000
0.946,0,0,0,0,0,0,0,0,0,32000,32000,32000,32000
0.947,0,0,0,0,0,0,0,0,0,32000,32000,32000,32000
0.948,0,0,0,0,0,0,0,0,0,32000,32000,32000,32000
0.949,0,0,0,0,0,0,0,0,0,32000,32000,32000,32000
0.95,0,0,0,0,0,0,0,0,0,32000,32000,32000,32000
0.951,0,0,0,0,0,0,0,0,0,32000,32000,32000,32000
0.952,0,0,0,0,0,0,0,0,0,32000,32000,32000,32000
0.953,0,0,0,0,0,0,0,0,0,32000,32000,32000,32000
0.954,0,0,0,0,0,0,0,0,0,32000,32000,32000,32000
0.955,0,0,0,0,0,0,0,0,0,32000,32000,32000,32000
0.956,0,0,0,0,0,0,0,0,0,32000,32000,32000,32000
0.957,0,0,0,0,0,0,0,0,0,32000,32000,32000,32000
0.958,0,0,0,0,0,0,0,0,0,32000,32000,32000,32000
0.959,0,0,0,0,0,0,0,0,0,32000,32000,32000,32000
0.96,0,0,0,0,0,0,0,0,0,32000,32000,32000,32000
0.961,0,0,0,0,0,0,0,0,0,32000,32000,32000,32000
0.962,0,0,0,0,0,0,0,0,0,32000,32000,32000,32000
0.963,0,0,0,0,0,0,0,0,0,32000,32000,32000,32000
0.964,0,0,0,0,0,0,0,0,0,32000,32000,32000,32000
0.965,0,0,0,0,0,0,0,0,0,32000,32000,32000,32000
0.966,0,0,0,0,0,0,0,0,0,32000,32000,32000,32000
0.967,0,0,0,0,0,0,0,0,0,32000,32000,32000,32000
0.968,0,0,0,0,0,0,0,0,0,32000,32000,32000,32000
0.969,0,0,0,0,0,0,0,0,0,32000,32000,32000,32000
0.97,0,0,0,0,0,0,0,0,0,32000,32000,32000,32000
0.971,0,0,0,0,0,0,0,0,0,32000,32000,32000,32000
0.972,0,0,0,0,0,0,0,0,0,32000,32000,32000,32000
0.973,0,0,0,0,0,0,0,0,0,32000,32000,32000,32000
0.974,0,0,0,0,0,0,0,0,0,32000,32000,32000,32000
0.975,0,0,0,0,0,0,0,0,0,32000,32000,32000,32000
0.976,0,0,0,0,0,0,0,0,0,32000,32000,32000,32000
0.977,0,0,0,0,0,0,0,0,0,32000,32000,32000,32000
0.978,0,0,0,0,0,0,0,0,0,32000,32000,32000,32000
0.979,0,0,0,0,0,0,0,0,0,32000,32000,32000,32000
0.98,0,0,0,0,0,0,0,0,0,32000,32000,32000,32000
0.981,0,0,0,0,0,0,0,0,0,32000,32000,32000,32000
0.982,0,0,0,0,0,0,0,0,0,32000,32000,32000,32000
0.983,0,0,0,0,0,0,0,0,0,32000,32000,32000,32000
0.984,0,0,0,0,0,0,0,0,0,32000,32000,32000,32000
0.985,0,0,0,0,0,0,0,0,0,32000,32000,32000,32000
0.986,0,0,0,0,0,0,0,0,0,32000,32000,32000,32000
0.987,0,0,0,0,0,0,0,0,0,32000,32000,32000,32000
0.988,0,0,0,0,0,0,0,0,0,32000,32000,32000,32000
0.989,0,0,0,0,0,0,0,0,0,32000,32000,32000,32000
0.99,0,0,0,0,0,0,0,0,0,32000,32000,32000,32000
0.991,0,0,0,0,0,0,0,0,0,32000,32000,32000,32000
0.992,0,0,0,0,0,0,0,0,0,32000,32000,32000,32000
0.993,0,0,0,0,0,0,0,0,0,32000,32000,32000,32000
0.994,0,0,0,0,0,0,0,0,0,32000,32000,32000,32000
0.995,0,0,0,0,0,0,0,0,0,32000,32000,32000,32000
0.996,0,0,0,0,0,0,0,0,0,32000,32000,32000,32000
0.997,0,0,0,0,0,0,0,0,0,32000,32000,32000,32000
0.998,0,0,0,0,0,0,0,0,0,32000,32000,32000,32000
0.999,0,0,0,0,0,0,0,0,0,32000,32000,32000,32000
1,0,0,0,0,0,0,0,0,0,32000,32000,32000,32000
1.001,0,0,0,0,0,0,0,0,0,32000,32000,32000,32000
1.002,0,0,0,0,0,0,0,0,0,32000,32000,32000,32000
1.003,0,0,0,0,0,0,0,0,0,32000,32000,32000,32000
1.004,0,0,0,0,0,0,0,0,0,32000,32000,32000,32000
1.005,0,0,0,0,0,0,0,0,0,32000,32000,32000,32000
1.006,0,0,0,0,0,0,0,0,0,32000,32000,32000,32000
1.007,0,0,0,0,0,0,0,0,0,32000,32000,32000,32000
1.008,0,0,0,0,0,0,0,0,0,32000,32000,32000,32000
1.009,0,0,0,0,0,0,0,0,0,32000,32000,32000,32000
1.01,0,0,0,0,0,0,0,0,0,32000,32000,32000,32000
1.011,0,0,0,0,0,0,0,0,0,32000,32000,32000,32000
1.012,0,0,0,0,0,0,0,0,0,32000,32000,32000,32000
1.013,0,0,0,0,0,0,0,0,0,32000,32000,32000,32000
1.014,0,0,0,0,0,0,0,0,0,32000,32000,32000,32000
1.015,0,0,0,0,0,0,0,0,0,32000,32000,32000,32000
1.016,0,0,0,0,0,0,0,0,0,32000,32000,32000,32000
1.017,0,0,0,0,0,0,0,0,0,32000,32000,32000,32000
1.018,0,0,0,0,0,0,0,0,0,32000,32000,32000,32000
1.019,0,0,0,0,0,0,0,0,0,32000,32000,32000,32000
1.02,0,0,0,0,0,0,0,0,0,32000,32000,32000,32000
1.021,0,0,0,0,0,0,0,0,0,32000,32000,32000,32000
1.022,0,0,0,0,0,0,0,0,0,32000,32000,32000,32000
1.023,0,0,0,0,0,0,0,0,0,32000,32000,32000,32000
1.024,0,0,0,0,0,0,0,0,0,32000,32000,32000,32000
1.025,0,0,0,0,0,0,0,0,0,32000,32000,32000,32000
1.026,0,0,0,0,0,0,0,0,0,32000,32000,32000,32000
1.027,0,0,0,0,0,0,0,0,0,32000,32000,32000,32000
1.028,0,0,0,0,0,0,0,0,0,32000,32000,32000,32000
1.029,0,0,0,0,0,0,0,0,0,32000,32000,32000,32000
1.03,0,0,0,0,0,0,0,0,0,32000,32000,32000,32000
1.031,0,0,0,0,0,0,0,0,0,32000,32000,32000,32000
1.032,0,0,0,0,0,0,0,0,0,32000,32000,32000,32000
1.033,0,0,0,0,0,0,0,0,0,32000,32000,32000,32000
1.034,0,0,0,0,0,0,0,0,0,32000,32000,32000,32000
1.035,0,0,0,0,0,0,0,0,0,32000,32000,32000,32000
1.036,0,0,0,0,0,0,0,0,0,32000,32000,32000,32000
1.037,0,0,0,0,0,0,0,0,0,32000,32000,32000,32000
1.038,0,0,0,0,0,0,0,0,0,32000,32000,32000,32000
1.039,0,0,0,0,0,0,0,0,0,32000,32000,32000,32000
1.04,0,0,0,0,0,0,0,0,0,32000,32000,32000,32000
1.041,0,0,0,0,0,0,0,0,0,32000,32000,32000,32000
1.042,0,0,0,0,0,0,0,0,0,32000,32000,32000,32000
1.043,0,0,0,0,0,0,0,0,0,32000,32000,32000,32000
1.044,0,0,0,0,0,0,0,0,0,32000,32000,32000,32000
1.045,0,0,0,0,0,0,0,0,0,32000,32000,32000,32000
1.046,0,0,0,0,0,0,0,0,0,32000,32000,32000,32000
1.047,0,0,0,0,0,0,0,0,0,32000,32000,32000,32000
1.048,0,0,0,0,0,0,0,0,0,32000,32000,32000,32000
1.049,0,0,0,0,0,0,0,0,0,32000,32000,32000,32000
1.05,0,0,0,0,0,0,0,0,0,32000,32000,32000,32000
1.051,0,0,0,0,0,0,0,0,0,32000,32000,32000,32000
1.052,0,0,0,0,0,0,0,0,0,32000,32000,32000,32000
1.053,0,0,0,0,0,0,0,0,0,32000,32000,32000,32000
1.054,0,0,0,0,0,0,0,0,0,32000,32000,32000,32000
1.055,0,0,0,0,0,0,0,0,0,32000,32000,32000,32000
1.056,0,0,0,0,0,0,0,0,0,32000,32000,32000,32000
1.057,0,0,0,0,0,0,0,0,0,32000,32000,32000,32000
1.058,0,0,0,0,0,0,0,0,0,32000,32000,32000,32000
1.059,0,0,0,0,0,0,0,0,0,32000,32000,32000,32000
1.06,0,0,0,0,0,0,0,0,0,32000,32000,32000,32000
1.061,0,0,0,0,0,0,0,0,0,32000,32000,32000,32000
1.062,0,0,0,0,0,0,0,0,0,32000,32000,32000,32000
1.063,0,0,0,0,0,0,0,0,0,32000,32000,32000,32000
1.064,0,0,0,0,0,0,0,0,0,32000,32000,32000,32000
1.065,0,0,0,0,0,0,0,0,0,32000,32000,32000,32000
1.066,0,0,0,0,0,0,0,0,0,32000,32000,32000,32000
1.067,0,0,0,0,0,0,0,0,0,32000,32000,32000,32000
1.068,0,0,0,0,0,0,0,0,0,32000,32000,32000,32000
1.069,0,0,0,0,0,0,0,0,0,32000,32000,32000,32000
1.07,0,0,0,0,0,0,0,0,0,32000,32000,32000,32000
1.071,0,0,0,0,0,0,0,0,0,32000,32000,32000,32000
1.072,0,0,0,0,0,0,0,0,0,32000,32000,32000,32000
1.073,0,0,0,0,0,0,0,0,0,32000,32000,32000,32000
1.074,0,0,0,0,0,0,0,0,0,32000,32000,32000,32000
1.075,0,0,0,0,0,0,0,0,0,32000,32000,32000,32000
1.076,0,0,0,0,0,0,0,0,0,32000,32000,32000,32000
1.077,0,0,0,0,0,0,0,0,0,32000,32000,32000,32000
1.078,0,0,0,0,0,0,0,0,0,32000,32000,32000,32000
1.079,0,0,0,0,0,0,0,0,0,32000,32000,32000,32000
1.08,0,0,0,0,0,0,0,0,0,32000,32000,32000,32000
1.081,0,0,0,0,0,0,0,0,0,32000,32000,32000,32000
1.082,0,0,0,0,0,0,0,0,0,32000,32000,32000,32000
1.083,0,0,0,0,0,0,0,0,0,32000,32000,32000,32000
1.084,0,0,0,0,0,0,0,0,0,32000,32000,32000,32000
1.085,0,0,0,0,0,0,0,0,0,32000,32000,32000,32000
1.086,0,0,0,0,0,0,0,0,0,32000,32000,32000,32000
1.087,0,0,0,0,0,0,0,0,0,32000,32000,32000,32000
1.088,0,0,0,0,0,0,0,0,0,32000,32000,32000,32000
1.089,0,0,0,0,0,0,0,0,0,32000,32000,32000,32000
1.09,0,0,0,0,0,0,0,0,0,32000,32000,32000,32000
1.091,0,0,0,0,0,0,0,0,0,32000,32000,32000,32000
1.092,0,0,0,0,0,0,0,0,0,32000,32000,32000,32000
1.093,0,0,0,0,0,0,0,0,0,32000,32000,32000,32000
1.094,0,0,0,0,0,0,0,0,0,32000,32000,32000,32000
1.095,0,0,0,0,0,0,0,0,0,32000,32000,32000,32000
1.096,0,0,0,0,0,0,0,0,0,32000,32000,32000,32000
1.097,0,0,0,0,0,0,0,0,0,32000,32000,32000,32000
1.098,0,0,0,0,0,0,0,0,0,32000,32000,32000,32000
1.099,0,0,0,0,0,0,0,0,0,32000,32000,32000,32000
1.1,0,0,0,0,0,0,0,0,0,32000,32000,32000,32000
1.101,0,0,0,0,0,0,0,0,0,32000,32000,32000,32000
1.102,0,0,0,0,0,0,0,0,0,32000,32000,32000,32000
1.103,0,0,0,0,0,0,0,0,0,32000,32000,32000,32000
1.104,0,0,0,0,0,0,0,0,0,32000,32000,32000,32000
1.105,0,0,0,0,0,0,0,0,0,32000,32000,32000,32000
1.106,0,0,0,0,0,0,0,0,0,32000,32000,32000,32000
1.107,0,0,0,0,0,0,0,0,0,32000,32000,32000,32000
1.108,0,0,0,0,0,0,0,0,0,32000,32000,32000,32000
1.109,0,0,0,0,0,0,0,0,0,32000,32000,32000,32000
1.11,0,0,0,0,0,0,0,0,0,32000,32000,32000,32000
1.111,0,0,0,0,0,0,0,0,0,32000,32000,32000,32000
1.112,0,0,0,0,0,0,0,0,0,32000,32000,32000,32000
1.113,0,0,0,0,0,0,0,0,0,32000,32000,32000,32000
1.114,0,0,0,0,0,0,0,0,0,32000,32000,32000,32000
1.115,0,0,0,0,0,0,0,0,0,32000,32000,32000,32000
1.116,0,0,0,0,0,0,0,0,0,32000,32000,32000,32000
1.117,0,0,0,0,0,0,0,0,0,32000,32000,32000,32000
1.118,0,0,0,0,0,0,0,0,0,32000,32000,32000,32000
1.119,0,0,0,0,0,0,0,0,0,32000,32000,32000,32000
1.12,0,0,0,0,0,0,0,0,0,32000,32000,32000,32000
1.121,0,0,0,0,0,0,0,0,0,32000,32000,32000,32000
1.122,0,0,0,0,0,0,0,0,0,32000,32000,32000,32000
1.123,0,0,0,0,0,0,0,0,0,32000,32000,32000,32000
1.124,0,0,0,0,0,0,0,0,0,32000,32000,32000,32000
1.125,0,0,0,0,0,0,0,0,0,32000,32000,32000,32000
1.126,0,0,0,0,0,0,0,0,0,32000,32000,32000,32000
1.127,0,0,0,0,0,0,0,0,0,32000,32000,32000,32000
1.128,0,0,0,0,0,0,0,0,0,32000,32000,32000,32000
1.129,0,0,0,0,0,0,0,0,0,32000,32000,32000,32000
1.13,0,0,0,0,0,0,0,0,0,32000,32000,32000,32000
1.131,0,0,0,0,0,0,0,0,0,32000,32000,32000,32000
1.132,0,0,0,0,0,0,0,0,0,32000,32000,32000,32000
1.133,0,0,0,0,0,0,0,0,0,32000,32000,32000,32000
1.134,0,0,0,0,0,0,0,0,0,32000,32000,32000,32000
1.135,0,0,0,0,0,0,0,0,0,32000,32000,32000,32000
1.136,0,0,0,0,0,0,0,0,0,32000,32000,32000,32000
1.137,0,0,0,0,0,0,0,0,0,32000,32000,32000,32000
1.138,0,0,0,0,0,0,0,0,0,32000,32000,32000,32000
1.139,0,0,0,0,0,0,0,0,0,32000,32000,32000,32000
1.14,0,0,0,0,0,0,0,0,0,32000,32000,32000,32000
1.141,0,0,0,0,0,0,0,0,0,32000,32000,32000,32000
1.142,0,0,0,0,0,0,0,0,0,32000,32000,32000,32000
1.143,0,0,0,0,0,0,0,0,0,32000,32000,32000,32000
1.144,0,0,0,0,0,0,0,0,0,32000,32000,32000,32000
1.145,0,0,0,0,0,0,0,0,0,32000,32000,32000,32000
1.146,0,0,0,0,0,0,0,0,0,32000,32000,32000,32000
1.147,0,0,0,0,0,0,0,0,0,32000,32000,32000,32000
1.148,0,0,0,0,0,0,0,0,0,32000,32000,32000,32000
1.149,0,0,0,0,0,0,0,0,0,32000,32000,32000,32000
1.15,0,0,0,0,0,0,0,0,0,32000,32000,32000,32000
1.151,0,0,0,0,0,0,0,0,0,32000,32000,32000,32000
1.152,0,0,0,0,0,0,0,0,0,32000,32000,32000,32000
1.153,0,0,0,0,0,0,0,0,0,32000,32000,32000,32000
1.154,0,0,0,0,0,0,0,0,0,32000,32000,32000,32000
1.155,0,0,0,0,0,0,0,0,0,32000,32000,32000,32000
1.156,0,0,0,0,0,0,0,0,0,32000,32000,32000,32000
1.157,0,0,0,0,0,0,0,0,0,32000,32000,32000,32000
1.158,0,0,0,0,0,0,0,0,0,32000,32000,32000,32000
1.159,0,0,0,0,0,0,0,0,0,32000,32000,32000,32000
1.16,0,0,0,0,0,0,0,0,0,32000,32000,32000,32000
1.161,0,0,0,0,0,0,0,0,0,32000,32000,32000,32000
1.162,0,0,0,0,0,0,0,0,0,32000,32000,32000,32000
1.163,0,0,0,0,0,0,0,0,0,32000,32000,32000,32000
1.164,0,0,0,0,0,0,0,0,0,32000,32000,32000,32000
1.165,0,0,0,0,0,0,0,0,0,32000,32000,32000,32000
1.166,0,0,0,0,0,0,0,0,0,32000,32000,32000,32000
1.167,0,0,0,0,0,0,0,0,0,32000,32000,32000,32000
1.168,0,0,0,0,0,0,0,0,0,32000,32000,32000,32000
1.169,0,0,0,0,0,0,0,0,0,32000,32000,32000,32000
1.17,0,0,0,0,0,0,0,0,0,32000,32000,32000,32000
1.171,0,0,0,0,0,0,0,0,0,32000,32000,32000,32000
1.172,0,0,0,0,0,0,0,0,0,32000,32000,32000,32000
1.173,0,0,0,0,0,0,0,0,0,32000,32000,32000,32000
1.174,0,0,0,0,0,0,0,0,0,32000,32000,32000,32000
1.175,0,0,0,0,0,0,0,0,0,32000,32000,32000,32000
1.176,0,0,0,0,0,0,0,0,0,32000,32000,32000,32000
1.177,0,0,0,0,0,0,0,0,0,32000,32000,32000,32000
1.178,0,0,0,0,0,0,0,0,0,32000,32000,32000,32000
1.179,0,0,0,0,0,0,0,0,0,32000,32000,32000,32000
1.18,0,0,0,0,0,0,0,0,0,32000,32000,32000,32000
1.181,0,0,0,0,0,0,0,0,0,32000,32000,32000,32000
1.182,0,0,0,0,0,0,0,0,0,32000,32000,32000,32000
1.183,0,0,0,0,0,0,0,0,0,32000,32000,32000,32000
1.184,0,0,0,0,0,0,0,0,0,32000,32000,32000,32000
1.185,0,0,0,0,0,0,0,0,0,32000,32000,32000,32000
1.186,0,0,0,0,0,0,0,0,0,32000,32000,32000,32000
1.187,0,0,0,0,0,0,0,0,0,32000,32000,32000,32000
1.188,0,0,0,0,0,0,0,0,0,32000,32000,32000,32000
1.189,0,0,0,0,0,0,0,0,0,32000,32000,32000,32000
1.19,0,0,0,0,0,0,0,0,0,32000,32000,32000,32000
1.191,0,0,0,0,0,0,0,0,0,32000,32000,32000,32000
1.192,0,0,0,0,0,0,0,0,0,32000,32000,32000,32000
1.193,0,0,0,0,0,0,0,0,0,32000,32000,32000,32000
1.194,0,0,0,0,0,0,0,0,0,32000,32000,32000,32000
1.195,0,0,0,0,0,0,0,0,0,32000,32000,32000,32000
1.196,0,0,0,0,0,0,0,0,0,32000,32000,32000,32000
1.197,0,0,0,0,0,0,0,0,0,32000,32000,32000,32000
1.198,0,0,0,0,0,0,0,0,0,32000,32000,32000,32000
1.199,0,0,0,0,0,0,0,0,0,32000,32000,32000,32000
1.2,0,0,0,0,0,0,0,0,0,32000,32000,32000,32000
1.201,0,0,0,0,0,0,0,0,0,32000,32000,32000,32000
1.202,0,0,0,0,0,0,0,0,0,32000,32000,32000,32000
1.203,0,0,0,0,0,0,0,0,0,32000,32000,32000,32000
1.204,0,0,0,0,0,0,0,0,0,32000,32000,32000,32000
1.205,0,0,0,0,0,0,0,0,0,32000,32000,32000,32000
1.206,0,0,0,0,0,0,0,0,0,32000,32000,32000,32000
1.207,0,0,0,0,0,0,0,0,0,32000,32000,32000,32000
1.208,0,0,0,0,0,0,0,0,0,32000,32000,32000,32000
1.209,0,0,0,0,0,0,0,0,0,32000,32000,32000,32000
1.21,0,0,0,0,0,0,0,0,0,32000,32000,32000,32000
1.211,0,0,0,0,0,0,0,0,0,32000,32000,32000,32000
1.212,0,0,0,0,0,0,0,0,0,32000,32000,32000,32000
1.213,0,0,0,0,0,0,0,0,0,32000,32000,32000,32000
1.214,0,0,0,0,0,0,0,0,0,32000,32000,32000,32000
1.215,0,0,0,0,0,0,0,0,0,32000,32000,32000,32000
1.216,0,0,0,0,0,0,0,0,0,32000,32000,32000,32000
1.217,0,0,0,0,0,0,0,0,0,32000,32000,32000,32000
1.218,0,0,0,0,0,0,0,0,0,32000,32000,32000,32000
1.219,0,0,0,0,0,0,0,0,0,32000,32000,32000,32000
1.22,0,0,0,0,0,0,0,0,0,32000,32000,32000,32000
1.221,0,0,0,0,0,0,0,0,0,32000,32000,32000,32000
1.222,0,0,0,0,0,0,0,0,0,32000,32000,32000,32000
1.223,0,0,0,0,0,0,0,0,0,32000,32000,32000,32000
1.224,0,0,0,0,0,0,0,0,0,32000,32000,32000,32000
1.225,0,0,0,0,0,0,0,0,0,32000,32000,32000,32000
1.226,0,0,0,0,0,0,0,0,0,32000,32000,32000,32000
1.227,0,0,0,0,0,0,0,0,0,32000,32000,32000,32000
1.228,0,0,0,0,0,0,0,0,0,32000,32000,32000,32000
1.229,0,0,0,0,0,0,0,0,0,32000,32000,32000,32000
1.23,0,0,0,0,0,0,0,0,0,32000,32000,32000,32000
1.231,0,0,0,0,0,0,0,0,0,32000,32000,32000,32000
1.232,0,0,0,0,0,0,0,0,0,32000,32000,32000,32000
1.233,0,0,0,0,0,0,0,0,0,32000,32000,32000,32000
1.234,0,0,0,0,0,0,0,0,0,32000,32000,32000,32000
1.235,0,0,0,0,0,0,0,0,0,32000,32000,32000,32000
1.236,0,0,0,0,0,0,0,0,0,32000,32000,32000,32000
1.237,0,0,0,0,0,0,0,0,0,32000,32000,32000,32000
1.238,0,0,0,0,0,0,0,0,0,32000,32000,32000,32000
1.239,0,0,0,0,0,0,0,0,0,32000,32000,32000,32000
1.24,0,0,0,0,0,0,0,0,0,32000,32000,32000,32000
1.241,0,0,0,0,0,0,0,0,0,32000,32000,32000,32000
1.242,0,0,0,0,0,0,0,0,0,32000,32000,32000,32000
1.243,0,0,0,0,0,0,0,0,0,32000,32000,32000,32000
1.244,0,0,0,0,0,0,0,0,0,32000,32000,32000,32000
1.245,0,0,0,0,0,0,0,0,0,32000,32000,32000,32000
1.246,0,0,0,0,0,0,0,0,0,32000,32000,32000,32000
1.247,0,0,0,0,0,0,0,0,0,32000,32000,32000,32000
1.248,0,0,0,0,0,0,0,0,0,32000,32000,32000,32000
1.249,0,0,0,0,0,0,0,0,0,32000,32000,32000,32000
1.25,0,0,0,0,0,0,0,0,0,32000,32000,32000,32000
1.251,0,0,0,0,0,0,0,0,0,32000,32000,32000,32000
1.252,0,0,0,0,0,0,0,0,0,32000,32000,32000,32000
1.253,0,0,0,0,0,0,0,0,0,32000,32000,32000,32000
1.254,0,0,0,0,0,0,0,0,0,32000,32000,32000,32000
1.255,0,0,0,0,0,0,0,0,0,32000,32000,32000,32000
1.256,0,0,0,0,0,0,0,0,0,32000,32000,32000,32000
1.257,0,0,0,0,0,0,0,0,0,32000,32000,32000,32000
1.258,0,0,0,0,0,0,0,0,0,32000,32000,32000,32000
1.259,0,0,0,0,0,0,0,0,0,32000,32000,32000,32000
1.26,0,0,0,0,0,0,0,0,0,32000,32000,32000,32000
1.261,0,0,0,0,0,0,0,0,0,32000,32000,32000,32000
1.262,0,0,0,0,0,0,0,0,0,32000,32000,32000,32000
1.263,0,0,0,0,0,0,0,0,0,32000,32000,32000,32000
1.264,0,0,0,0,0,0,0,0,0,32000,32000,32000,32000
1.265,0,0,0,0,0,0,0,0,0,32000,32000,32000,32000
1.266,0,0,0,0,0,0,0,0,0,32000,32000,32000,32000
1.267,0,0,0,0,0,0,0,0,0,32000,32000,32000,32000
1.268,0,0,0,0,0,0,0,0,0,32000,32000,32000,32000
1.269,0,0,0,0,0,0,0,0,0,32000,32000,32000,32000
1.27,0,0,0,0,0,0,0,0,0,32000,32000,32000,32000
1.271,0,0,0,0,0,0,0,0,0,32000,32000,32000,32000
1.272,0,0,0,0,0,0,0,0,0,32000,32000,32000,32000
1.273,0,0,0,0,0,0,0,0,0,32000,32000,32000,32000
1.274,0,0,0,0,0,0,0,0,0,32000,32000,32000,32000
1.275,0,0,0,0,0,0,0,0,0,32000,32000,32000,32000
1.276,0,0,0,0,0,0,0,0,0,32000,32000,32000,32000
1.277,0,0,0,0,0,0,0,0,0,32000,32000,32000,32000
1.278,0,0,0,0,0,0,0,0,0,32000,32000,32000,32000
1.279,0,0,0,0,0,0,0,0,0,32000,32000,32000,32000
1.28,0,0,0,0,0,0,0,0,0,32000,32000,32000,32000
1.281,0,0,0,0,0,0,0,0,0,32000,32000,32000,32000
1.282,0,0,0,0,0,0,0,0,0,32000,32000,32000,32000
1.283,0,0,0,0,0,0,0,0,0,32000,32000,32000,32000
1.284,0,0,0,0,0,0,0,0,0,32000,32000,32000,32000
1.285,0,0,0,0,0,0,0,0,0,32000,32000,32000,32000
1.286,0,0,0,0,0,0,0,0,0,32000,32000,32000,32000
1.287,0,0,0,0,0,0,0,0,0,32000,32000,32000,32000
1.288,0,0,0,0,0,0,0,0,0,32000,32000,32000,32000
1.289,0,0,0,0,0,0,0,0,0,32000,32000,32000,32000
1.29,0,0,0,0,0,0,0,0,0,32000,32000,32000,32000
1.291,0,0,0,0,0,0,0,0,0,32000,32000,32000,32000
1.292,0,0,0,0,0,0,0,0,0,32000,32000,32000,32000
1.293,0,0,0,0,0,0,0,0,0,32000,32000,32000,32000
1.294,0,0,0,0,0,0,0,0,0,32000,32000,32000,32000
1.295,0,0,0,0,0,0,0,0,0,32000,32000,32000,32000
1.296,0,0,0,0,0,0,0,0,0,32000,32000,32000,32000
1.297,0,0,0,0,0,0,0,0,0,32000,32000,32000,32000
1.298,0,0,0,0,0,0,0,0,0,32000,32000,32000,32000
1.299,0,0,0,0,0,0,0,0,0,32000,32000,32000,32000
1.3,0,0,0,0,0,0,0,0,0,32000,32000,32000,32000
1.301,0,0,0,0,0,0,0,0,0,32000,32000,32000,32000
1.302,0,0,0,0,0,0,0,0,0,32000,32000,32000,32000
1.303,0,0,0,0,0,0,0,0,0,32000,32000,32000,32000
1.304,0,0,0,0,0,0,0,0,0,32000,32000,32000,32000
1.305,0,0,0,0,0,0,0,0,0,32000,32000,32000,32000
1.306,0,0,0,0,0,0,0,0,0,32000,32000,32000,32000
1.307,0,0,0,0,0,0,0,0,0,32000,32000,32000,32000
1.308,0,0,0,0,0,0,0,0,0,32000,32000,32000,32000
1.309,0,0,0,0,0,0,0,0,0,32000,32000,32000,32000
1.31,0,0,0,0,0,0,0,0,0,32000,32000,32000,32000
1.311,0,0,0,0,0,0,0,0,0,32000,32000,32000,32000
1.312,0,0,0,0,0,0,0,0,0,32000,32000,32000,32000
1.313,0,0,0,0,0,0,0,0,0,32000,32000,32000,32000
1.314,0,0,0,0,0,0,0,0,0,32000,32000,32000,32000
1.315,0,0,0,0,0,0,0,0,0,32000,32000,32000,32000
1.316,0,0,0,0,0,0,0,0,0,32000,32000,32000,32000
1.317,0,0,0,0,0,0,0,0,0,32000,32000,32000,32000
1.318,0,0,0,0,0,0,0,0,0,32000,32000,32000,32000
1.319,0,0,0,0,0,0,0,0,0,32000,32000,32000,32000
1.32,0,0,0,0,0,0,0,0,0,32000,32000,32000,32000
1.321,0,0,0,0,0,0,0,0,0,32000,32000,32000,32000
1.322,0,0,0,0,0,0,0,0,0,32000,32000,32000,32000
1.323,0,0,0,0,0,0,0,0,0,32000,32000,32000,32000
1.324,0,0,0,0,0,0,0,0,0,32000,32000,32000,32000
1.325,0,0,0,0,0,0,0,0,0,32000,32000,32000,32000
1.326,0,0,0,0,0,0,0,0,0,32000,32000,32000,32000
1.327,0,0,0,0,0,0,0,0,0,32000,32000,32000,32000
1.328,0,0,0,0,0,0,0,0,0,32000,32000,32000,32000
1.329,0,0,0,0,0,0,0,0,0,32000,32000,32000,32000
1.33,0,0,0,0,0,0,0,0,0,32000,32000,32000,32000
1.331,0,0,0,0,0,0,0,0,0,32000,32000,32000,32000
1.332,0,0,0,0,0,0,0,0,0,32000,32000,32000,32000
1.333,0,0,0,0,0,0,0,0,0,32000,32000,32000,32000
1.334,0,0,0,0,0,0,0,0,0,32000,32000,32000,32000
1.335,0,0,0,0,0,0,0,0,0,32000,32000,32000,32000
1.336,0,0,0,0,0,0,0,0,0,32000,32000,32000,32000
1.337,0,0,0,0,0,0,0,0,0,32000,32000,32000,32000
1.338,0,0,0,0,0,0,0,0,0,32000,32000,32000,32000
1.339,0,0,0,0,0,0,0,0,0,32000,32000,32000,32000
1.34,0,0,0,0,0,0,0,0,0,32000,32000,32000,32000
1.341,0,0,0,0,0,0,0,0,0,32000,32000,32000,32000
1.342,0,0,0,0,0,0,0,0,0,32000,32000,32000,32000
1.343,0,0,0,0,0,0,0,0,0,32000,32000,32000,32000
1.344,0,0,0,0,0,0,0,0,0,32000,32000,32000,32000
1.345,0,0,0,0,0,0,0,0,0,32000,32000,32000,32000
1.346,0,0,0,0,0,0,0,0,0,32000,32000,32000,32000
1.347,0,0,0,0,0,0,0,0,0,32000,32000,32000,32000
1.348,0,0,0,0,0,0,0,0,0,32000,32000,32000,32000
1.349,0,0,0,0,0,0,0,0,0,32000,32000,32000,32000
1.35,0,0,0,0,0,0,0,0,0,32000,32000,32000,32000
1.351,0,0,0,0,0,0,0,0,0,32000,32000,32000,32000
1.352,0,0,0,0,0,0,0,0,0,32000,32000,32000,32000
1.353,0,0,0,0,0,0,0,0,0,32000,32000,32000,32000
1.354,0,0,0,0,0,0,0,0,0,32000,32000,32000,32000
1.355,0,0,0,0,0,0,0,0,0,32000,32000,32000,32000
1.356,0,0,0,0,0,0,0,0,0,32000,32000,32000,32000
1.357,0,0,0,0,0,0,0,0,0,32000,32000,32000,32000
1.358,0,0,0,0,0,0,0,0,0,32000,32000,32000,32000
1.359,0,0,0,0,0,0,0,0,0,32000,32000,32000,32000
1.36,0,0,0,0,0,0,0,0,0,32000,32000,32000,32000
1.361,0,0,0,0,0,0,0,0,0,32000,32000,32000,32000
1.362,0,0,0,0,0,0,0,0,0,32000,32000,32000,32000
1.363,0,0,0,0,0,0,0,0,0,32000,32000,32000,32000
1.364,0,0,0,0,0,0,0,0,0,32000,32000,32000,32000
1.365,0,0,0,0,0,0,0,0,0,32000,32000,32000,32000
1.366,0,0,0,0,0,0,0,0,0,32000,32000,32000,32000
1.367,0,0,0,0,0,0,0,0,0,32000,32000,32000,32000
1.368,0,0,0,0,0,0,0,0,0,32000,32000,32000,32000
1.369,0,0,0,0,0,0,0,0,0,32000,32000,32000,32000
1.37,0,0,0,0,0,0,0,0,0,32000,32000,32000,32000
1.371,0,0,0,0,0,0,0,0,0,32000,32000,32000,32000
1.372,0,0,0,0,0,0,0,0,0,32000,32000,32000,32000
1.373,0,0,0,0,0,0,0,0,0,32000,32000,32000,32000
1.374,0,0,0,0,0,0,0,0,0,32000,32000,32000,32000
1.375,0,0,0,0,0,0,0,0,0,32000,32000,32000,32000
1.376,0,0,0,0,0,0,0,0,0,32000,32000,32000,32000
1.377,0,0,0,0,0,0,0,0,0,32000,32000,32000,32000
1.378,0,0,0,0,0,0,0,0,0,32000,32000,32000,32000
1.379,0,0,0,0,0,0,0,0,0,32000,32000,32000,32000
1.38,0,0,0,0,0,0,0,0,0,32000,32000,32000,32000
1.381,0,0,0,0,0,0,0,0,0,32000,32000,32000,32000
1.382,0,0,0,0,0,0,0,0,0,32000,32000,32000,32000
1.383,0,0,0,0,0,0,0,0,0,32000,32000,32000,32000
1.384,0,0,0,0,0,0,0,0,0,32000,32000,32000,32000
1.385,0,0,0,0,0,0,0,0,0,32000,32000,32000,32000
1.386,0,0,0,0,0,0,0,0,0,32000,32000,32000,32000
1.387,0,0,0,0,0,0,0,0,0,32000,32000,32000,32000
1.388,0,0,0,0,0,0,0,0,0,32000,32000,32000,32000
1.389,0,0,0,0,0,0,0,0,0,32000,32000,32000,32000
1.39,0,0,0,0,0,0,0,0,0,32000,32000,32000,32000
1.391,0,0,0,0,0,0,0,0,0,32000,32000,32000,32000
1.392,0,0,0,0,0,0,0,0,0,32000,32000,32000,32000
1.393,0,0,0,0,0,0,0,0,0,32000,32000,32000,32000
1.394,0,0,0,0,0,0,0,0,0,32000,32000,32000,32000
1.395,0,0,0,0,0,0,0,0,0,32000,32000,32000,32000
1.396,0,0,0,0,0,0,0,0,0,32000,32000,32000,32000
1.397,0,0,0,0,0,0,0,0,0,32000,32000,32000,32000
1.398,0,0,0,0,0,0,0,0,0,32000,32000,32000,32000
1.399,0,0,0,0,0,0,0,0,0,32000,32000,32000,32000
1.4,0,0,0,0,0,0,0,0,0,32000,32000,32000,32000
1.401,0,0,0,0,0,0,0,0,0,32000,32000,32000,32000
1.402,0,0,0,0,0,0,0,0,0,32000,32000,32000,32000
1.403,0,0,0,0,0,0,0,0,0,32000,32000,32000,32000
1.404,0,0,0,0,0,0,0,0,0,32000,32000,32000,32000
1.405,0,0,0,0,0,0,0,0,0,32000,32000,32000,32000
1.406,0,0,0,0,0,0,0,0,0,32000,32000,32000,32000
1.407,0,0,0,0,0,0,0,0,0,32000,32000,32000,32000
1.408,0,0,0,0,0,0,0,0,0,32000,32000,32000,32000
1.409,0,0,0,0,0,0,0,0,0,32000,32000,32000,32000
1.41,0,0,0,0,0,0,0,0,0,32000,32000,32000,32000
1.411,0,0,0,0,0,0,0,0,0,32000,32000,32000,32000
1.412,0,0,0,0,0,0,0,0,0,32000,32000,32000,32000
1.413,0,0,0,0,0,0,0,0,0,32000,32000,32000,32000
1.414,0,0,0,0,0,0,0,0,0,32000,32000,32000,32000
1.415,0,0,0,0,0,0,0,0,0,32000,32000,32000,32000
1.416,0,0,0,0,0,0,0,0,0,32000,32000,32000,32000
1.417,0,0,0,0,0,0,0,0,0,32000,32000,32000,32000
1.418,0,0,0,0,0,0,0,0,0,32000,32000,32000,32000
1.419,0,0,0,0,0,0,0,0,0,32000,32000,32000,32000
1.42,0,0,0,0,0,0,0,0,0,32000,32000,32000,32000
1.421,0,0,0,0,0,0,0,0,0,32000,32000,32000,32000
1.422,0,0,0,0,0,0,0,0,0,32000,32000,32000,32000
1.423,0,0,0,0,0,0,0,0,0,32000,32000,32000,32000
1.424,0,0,0,0,0,0,0,0,0,32000,32000,32000,32000
1.425,0,0,0,0,0,0,0,0,0,32000,32000,32000,32000
1.426,0,0,0,0,0,0,0,0,0,32000,32000,32000,32000
1.427,0,0,0,0,0,0,0,0,0,32000,32000,32000,32000
1.428,0,0,0,0,0,0,0,0,0,32000,32000,32000,32000
1.429,0,0,0,0,0,0,0,0,0,32000,32000,32000,32000
1.43,0,0,0,0,0,0,0,0,0,32000,32000,32000,32000
1.431,0,0,0,0,0,0,0,0,0,32000,32000,32000,32000
1.432,0,0,0,0,0,0,0,0,0,32000,32000,32000,32000
1.433,0,0,0,0,0,0,0,0,0,32000,32000,32000,32000
1.434,0,0,0,0,0,0,0,0,0,32000,32000,32000,32000
1.435,0,0,0,0,0,0,0,0,0,32000,32000,32000,32000
1.436,0,0,0,0,0,0,0,0,0,32000,32000,32000,32000
1.437,0,0,0,0,0,0,0,0,0,32000,32000,32000,32000
1.438,0,0,0,0,0,0,0,0,0,32000,32000,32000,32000
1.439,0,0,0,0,0,0,0,0,0,32000,32000,32000,32000
1.44,0,0,0,0,0,0,0,0,0,32000,32000,32000,32000
1.441,0,0,0,0,0,0,0,0,0,32000,32000,32000,32000
1.442,0,0,0,0,0,0,0,0,0,32000,32000,32000,32000
1.443,0,0,0,0,0,0,0,0,0,32000,32000,32000,32000
1.444,0,0,0,0,0,0,0,0,0,32000,32000,32000,32000
1.445,0,0,0,0,0,0,0,0,0,32000,32000,32000,32000
1.446,0,0,0,0,0,0,0,0,0,32000,32000,32000,32000
1.447,0,0,0,0,0,0,0,0,0,32000,32000,32000,32000
1.448,0,0,0,0,0,0,0,0,0,32000,32000,32000,32000
1.449,0,0,0,0,0,0,0,0,0,32000,32000,32000,32000
1.45,0,0,0,0,0,0,0,0,0,32000,32000,32000,32000
1.451,0,0,0,0,0,0,0,0,0,32000,32000,32000,32000
1.452,0,0,0,0,0,0,0,0,0,32000,32000,32000,32000
1.453,0,0,0,0,0,0,0,0,0,32000,32000,32000,32000
1.454,0,0,0,0,0,0,0,0,0,32000,32000,32000,32000
1.455,0,0,0,0,0,0,0,0,0,32000,32000,32000,32000
1.456,0,0,0,0,0,0,0,0,0,32000,32000,32000,32000
1.457,0,0,0,0,0,0,0,0,0,32000,32000,32000,32000
1.458,0,0,0,0,0,0,0,0,0,32000,32000,32000,32000
1.459,0,0,0,0,0,0,0,0,0,32000,32000,32000,32000
1.46,0,0,0,0,0,0,0,0,0,32000,32000,32000,32000
1.461,0,0,0,0,0,0,0,0,0,32000,32000,32000,32000
1.462,0,0,0,0,0,0,0,0,0,32000,32000,32000,32000
1.463,0,0,0,0,0,0,0,0,0,32000,32000,32000,32000
1.464,0,0,0,0,0,0,0,0,0,32000,32000,32000,32000
1.465,0,0,0,0,0,0,0,0,0,32000,32000,32000,32000
1.466,0,0,0,0,0,0,0,0,0,32000,32000,32000,32000
1.467,0,0,0,0,0,0,0,0,0,32000,32000,32000,32000
1.468,0,0,0,0,0,0,0,0,0,32000,32000,32000,32000
1.469,0,0,0,0,0,0,0,0,0,32000,32000,32000,32000
1.47,0,0,0,0,0,0,0,0,0,32000,32000,32000,32000
1.471,0,0,0,0,0,0,0,0,0,32000,32000,32000,32000
1.472,0,0,0,0,0,0,0,0,0,32000,32000,32000,32000
1.473,0,0,0,0,0,0,0,0,0,32000,32000,32000,32000
1.474,0,0,0,0,0,0,0,0,0,32000,32000,32000,32000
1.475,0,0,0,0,0,0,0,0,0,32000,32000,32000,32000
1.476,0,0,0,0,0,0,0,0,0,32000,32000,32000,32000
1.477,0,0,0,0,0,0,0,0,0,32000,32000,32000,32000
1.478,0,0,0,0,0,0,0,0,0,32000,32000,32000,32000
1.479,0,0,0,0,0,0,0,0,0,32000,32000,32000,32000
1.48,0,0,0,0,0,0,0,0,0,32000,32000,32000,32000
1.481,0,0,0,0,0,0,0,0,0,32000,32000,32000,32000
1.482,0,0,0,0,0,0,0,0,0,32000,32000,32000,32000
1.483,0,0,0,0,0,0,0,0,0,32000,32000,32000,32000
1.484,0,0,0,0,0,0,0,0,0,32000,32000,32000,32000
1.485,0,0,0,0,0,0,0,0,0,32000,32000,32000,32000
1.486,0,0,0,0,0,0,0,0,0,32000,32000,32000,32000
1.487,0,0,0,0,0,0,0,0,0,32000,32000,32000,32000
1.488,0,0,0,0,0,0,0,0,0,32000,32000,32000,32000
1.489,0,0,0,0,0,0,0,0,0,32000,32000,32000,32000
1.49,0,0,0,0,0,0,0,0,0,32000,32000,32000,32000
1.491,0,0,0,0,0,0,0,0,0,32000,32000,32000,32000
1.492,0,0,0,0,0,0,0,0,0,32000,32000,32000,32000
1.493,0,0,0,0,0,0,0,0,0,32000,32000,32000,32000
1.494,0,0,0,0,0,0,0,0,0,32000,32000,32000,32000
1.495,0,0,0,0,0,0,0,0,0,32000,32000,32000,32000
1.496,0,0,0,0,0,0,0,0,0,32000,32000,32000,32000
1.497,0,0,0,0,0,0,0,0,0,32000,32000,32000,32000
1.498,0,0,0,0,0,0,0,0,0,32000,32000,32000,32000
1.499,0,0,0,0,0,0,0,0,0,32000,32000,32000,32000
1.5,0,0,0,0,0,0,0,0,0,32000,32000,32000,32000
1.501,0,0,0,0,0,0,0,0,0,32000,32000,32000,32000
1.502,0,0,0,0,0,0,0,0,0,32000,32000,32000,32000
1.503,0,0,0,0,0,0,0,0,0,32000,32000,32000,32000
1.504,0,0,0,0,0,0,0,0,0,32000,32000,32000,32000
1.505,0,0,0,0,0,0,0,0,0,32000,32000,32000,32000
1.506,0,0,0,0,0,0,0,0,0,32000,32000,32000,32000
1.507,0,0,0,0,0,0,0,0,0,32000,32000,32000,32000
1.508,0,0,0,0,0,0,0,0,0,32000,32000,32000,32000
1.509,0,0,0,0,0,0,0,0,0,32000,32000,32000,32000
1.51,0,0,0,0,0,0,0,0,0,32000,32000,32000,32000
1.511,0,0,0,0,0,0,0,0,0,32000,32000,32000,32000
1.512,0,0,0,0,0,0,0,0,0,32000,32000,32000,32000
1.513,0,0,0,0,0,0,0,0,0,32000,32000,32000,32000
1.514,0,0,0,0,0,0,0,0,0,32000,32000,32000,32000
1.515,0,0,0,0,0,0,0,0,0,32000,32000,32000,32000
1.516,0,0,0,0,0,0,0,0,0,32000,32000,32000,32000
1.517,0,0,0,0,0,0,0,0,0,32000,32000,32000,32000
1.518,0,0,0,0,0,0,0,0,0,32000,32000,32000,32000
1.519,0,0,0,0,0,0,0,0,0,32000,32000,32000,32000
1.52,0,0,0,0,0,0,0,0,0,32000,32000,32000,32000
1.521,0,0,0,0,0,0,0,0,0,32000,32000,32000,32000
1.522,0,0,0,0,0,0,0,0,0,32000,32000,32000,32000
1.523,0,0,0,0,0,0,0,0,0,32000,32000,32000,32000
1.524,0,0,0,0,0,0,0,0,0,32000,32000,32000,32000
1.525,0,0,0,0,0,0,0,0,0,32000,32000,32000,32000
1.526,0,0,0,0,0,0,0,0,0,32000,32000,32000,32000
1.527,0,0,0,0,0,0,0,0,0,32000,32000,32000,32000
1.528,0,0,0,0,0,0,0,0,0,32000,32000,32000,32000
1.529,0,0,0,0,0,0,0,0,0,32000,32000,32000,32000
1.53,0,0,0,0,0,0,0,0,0,32000,32000,32000,32000
1.531,0,0,0,0,0,0,0,0,0,32000,32000,32000,32000
1.532,0,0,0,0,0,0,0,0,0,32000,32000,32000,32000
1.533,0,0,0,0,0,0,0,0,0,32000,32000,32000,32000
1.534,0,0,0,0,0,0,0,0,0,32000,32000,32000,32000
1.535,0,0,0,0,0,0,0,0,0,32000,32000,32000,32000
1.536,0,0,0,0,0,0,0,0,0,32000,32000,32000,32000
1.537,0,0,0,0,0,0,0,0,0,32000,32000,32000,32000
1.538,0,0,0,0,0,0,0,0,0,32000,32000,32000,32000
1.539,0,0,0,0,0,0,0,0,0,32000,32000,32000,32000
1.54,0,0,0,0,0,0,0,0,0,32000,32000,32000,32000
1.541,0,0,0,0,0,0,0,0,0,32000,32000,32000,32000
1.542,0,0,0,0,0,0,0,0,0,32000,32000,32000,32000
1.543,0,0,0,0,0,0,0,0,0,32000,32000,32000,32000
1.544,0,0,0,0,0,0,0,0,0,32000,32000,32000,32000
1.545,0,0,0,0,0,0,0,0,0,32000,32000,32000,32000
1.546,0,0,0,0,0,0,0,0,0,32000,32000,32000,32000
1.547,0,0,0,0,0,0,0,0,0,32000,32000,32000,32000
1.548,0,0,0,0,0,0,0,0,0,32000,32000,32000,32000
1.549,0,0,0,0,0,0,0,0,0,32000,32000,32000,32000
1.55,0,0,0,0,0,0,0,0,0,32000,32000,32000,32000
1.551,0,0,0,0,0,0,0,0,0,32000,32000,32000,32000
1.552,0,0,0,0,0,0,0,0,0,32000,32000,32000,32000
1.553,0,0,0,0,0,0,0,0,0,32000,32000,32000,32000
1.554,0,0,0,0,0,0,0,0,0,32000,32000,32000,32000
1.555,0,0,0,0,0,0,0,0,0,32000,32000,32000,32000
1.556,0,0,0,0,0,0,0,0,0,32000,32000,32000,32000
1.557,0,0,0,0,0,0,0,0,0,32000,32000,32000,32000
1.558,0,0,0,0,0,0,0,0,0,32000,32000,32000,32000
1.559,0,0,0,0,0,0,0,0,0,32000,32000,32000,32000
1.56,0,0,0,0,0,0,0,0,0,32000,32000,32000,32000
1.561,0,0,0,0,0,0,0,0,0,32000,32000,32000,32000
1.562,0,0,0,0,0,0,0,0,0,32000,32000,32000,32000
1.563,0,0,0,0,0,0,0,0,0,32000,32000,32000,32000
1.564,0,0,0,0,0,0,0,0,0,32000,32000,32000,32000
1.565,0,0,0,0,0,0,0,0,0,32000,32000,32000,32000
1.566,0,0,0,0,0,0,0,0,0,32000,32000,32000,32000
1.567,0,0,0,0,0,0,0,0,0,32000,32000,32000,32000
1.568,0,0,0,0,0,0,0,0,0,32000,32000,32000,32000
1.569,0,0,0,0,0,0,0,0,0,32000,32000,32000,32000
1.57,0,0,0,0,0,0,0,0,0,32000,32000,32000,32000
1.571,0,0,0,0,0,0,0,0,0,32000,32000,32000,32000
1.572,0,0,0,0,0,0,0,0,0,32000,32000,32000,32000
1.573,0,0,0,0,0,0,0,0,0,32000,32000,32000,32000
1.574,0,0,0,0,0,0,0,0,0,32000,32000,32000,32000
1.575,0,0,0,0,0,0,0,0,0,32000,32000,32000,32000
1.576,0,0,0,0,0,0,0,0,0,32000,32000,32000,32000
1.577,0,0,0,0,0,0,0,0,0,32000,32000,32000,32000
1.578,0,0,0,0,0,0,0,0,0,32000,32000,32000,32000
1.579,0,0,0,0,0,0,0,0,0,32000,32000,32000,32000
1.58,0,0,0,0,0,0,0,0,0,32000,32000,32000,32000
1.581,0,0,0,0,0,0,0,0,0,32000,32000,32000,32000
1.582,0,0,0,0,0,0,0,0,0,32000,32000,32000,32000
1.583,0,0,0,0,0,0,0,0,0,32000,32000,32000,32000
1.584,0,0,0,0,0,0,0,0,0,32000,32000,32000,32000
1.585,0,0,0,0,0,0,0,0,0,32000,32000,32000,32000
1.586,0,0,0,0,0,0,0,0,0,32000,32000,32000,32000
1.587,0,0,0,0,0,0,0,0,0,32000,32000,32000,32000
1.588,0,0,0,0,0,0,0,0,0,32000,32000,32000,32000
1.589,0,0,0,0,0,0,0,0,0,32000,32000,32000,32000
1.59,0,0,0,0,0,0,0,0,0,32000,32000,32000,32000
1.591,0,0,0,0,0,0,0,0,0,32000,32000,32000,32000
1.592,0,0,0,0,0,0,0,0,0,32000,32000,32000,32000
1.593,0,0,0,0,0,0,0,0,0,32000,32000,32000,32000
1.594,0,0,0,0,0,0,0,0,0,32000,32000,32000,32000
1.595,0,0,0,0,0,0,0,0,0,32000,32000,32000,32000
1.596,0,0,0,0,0,0,0,0,0,32000,32000,32000,32000
1.597,0,0,0,0,0,0,0,0,0,32000,32000,32000,32000
1.598,0,0,0,0,0,0,0,0,0,32000,32000,32000,32000
1.599,0,0,0,0,0,0,0,0,0,32000,32000,32000,32000
1.6,0,0,0,0,0,0,0,0,0,32000,32000,32000,32000
1.601,0,0,0,0,0,0,0,0,0,32000,32000,32000,32000
1.602,0,0,0,0,0,0,0,0,0,32000,32000,32000,32000
1.603,0,0,0,0,0,0,0,0,0,32000,32000,32000,32000
1.604,0,0,0,0,0,0,0,0,0,32000,32000,32000,32000
1.605,0,0,0,0,0,0,0,0,0,32000,32000,32000,32000
1.606,0,0,0,0,0,0,0,0,0,32000,32000,32000,32000
1.607,0,0,0,0,0,0,0,0,0,32000,32000,32000,32000
1.608,0,0,0,0,0,0,0,0,0,32000,32000,32000,32000
1.609,0,0,0,0,0,0,0,0,0,32000,32000,32000,32000
1.61,0,0,0,0,0,0,0,0,0,32000,32000,32000,32000
1.611,0,0,0,0,0,0,0,0,0,32000,32000,32000,32000
1.612,0,0,0,0,0,0,0,0,0,32000,32000,32000,32000
1.613,0,0,0,0,0,0,0,0,0,32000,32000,32000,32000
1.614,0,0,0,0,0,0,0,0,0,32000,32000,32000,32000
1.615,0,0,0,0,0,0,0,0,0,32000,32000,32000,32000
1.616,0,0,0,0,0,0,0,0,0,32000,32000,32000,32000
1.617,0,0,0,0,0,0,0,0,0,32000,32000,32000,32000
1.618,0,0,0,0,0,0,0,0,0,32000,32000,32000,32000
1.619,0,0,0,0,0,0,0,0,0,32000,32000,32000,32000
1.62,0,0,0,0,0,0,0,0,0,32000,32000,32000,32000
1.621,0,0,0,0,0,0,0,0,0,32000,32000,32000,32000
1.622,0,0,0,0,0,0,0,0,0,32000,32000,32000,32000
1.623,0,0,0,0,0,0,0,0,0,32000,32000,32000,32000
1.624,0,0,0,0,0,0,0,0,0,32000,32000,32000,32000
1.625,0,0,0,0,0,0,0,0,0,32000,32000,32000,32000
1.626,0,0,0,0,0,0,0,0,0,32000,32000,32000,32000
1.627,0,0,0,0,0,0,0,0,0,32000,32000,32000,32000
1.628,0,0,0,0,0,0,0,0,0,32000,32000,32000,32000
1.629,0,0,0,0,0,0,0,0,0,32000,32000,32000,32000
1.63,0,0,0,0,0,0,0,0,0,32000,32000,32000,32000
1.631,0,0,0,0,0,0,0,0,0,32000,32000,32000,32000
1.632,0,0,0,0,0,0,0,0,0,32000,32000,32000,32000
1.633,0,0,0,0,0,0,0,0,0,32000,32000,32000,32000
1.634,0,0,0,0,0,0,0,0,0,32000,32000,32000,32000
1.635,0,0,0,0,0,0,0,0,0,32000,32000,32000,32000
1.636,0,0,0,0,0,0,0,0,0,32000,32000,32000,32000
1.637,0,0,0,0,0,0,0,0,0,32000,32000,32000,32000
1.638,0,0,0,0,0,0,0,0,0,32000,32000,32000,32000
1.639,0,0,0,0,0,0,0,0,0,32000,32000,32000,32000
1.64,0,0,0,0,0,0,0,0,0,32000,32000,32000,32000
1.641,0,0,0,0,0,0,0,0,0,32000,32000,32000,32000
1.642,0,0,0,0,0,0,0,0,0,32000,32000,32000,32000
1.643,0,0,0,0,0,0,0,0,0,32000,32000,32000,32000
1.644,0,0,0,0,0,0,0,0,0,32000,32000,32000,32000
1.645,0,0,0,0,0,0,0,0,0,32000,32000,32000,32000
1.646,0,0,0,0,0,0,0,0,0,32000,32000,32000,32000
1.647,0,0,0,0,0,0,0,0,0,32000,32000,32000,32000
1.648,0,0,0,0,0,0,0,0,0,32000,32000,32000,32000
1.649,0,0,0,0,0,0,0,0,0,32000,32000,32000,32000
1.65,0,0,0,0,0,0,0,0,0,32000,32000,32000,32000
1.651,0,0,0,0,0,0,0,0,0,32000,32000,32000,32000
1.652,0,0,0,0,0,0,0,0,0,32000,32000,32000,32000
1.653,0,0,0,0,0,0,0,0,0,32000,32000,32000,32000
1.654,0,0,0,0,0,0,0,0,0,32000,32000,32000,32000
1.655,0,0,0,0,0,0,0,0,0,32000,32000,32000,32000
1.656,0,0,0,0,0,0,0,0,0,32000,32000,32000,32000
1.657,0,0,0,0,0,0,0,0,0,32000,32000,32000,32000
1.658,0,0,0,0,0,0,0,0,0,32000,32000,32000,32000
1.659,0,0,0,0,0,0,0,0,0,32000,32000,32000,32000
1.66,0,0,0,0,0,0,0,0,0,32000,32000,32000,32000
1.661,0,0,0,0,0,0,0,0,0,32000,32000,32000,32000
1.662,0,0,0,0,0,0,0,0,0,32000,32000,32000,32000
1.663,0,0,0,0,0,0,0,0,0,32000,32000,32000,32000
1.664,0,0,0,0,0,0,0,0,0,32000,32000,32000,32000
1.665,0,0,0,0,0,0,0,0,0,32000,32000,32000,32000
1.666,0,0,0,0,0,0,0,0,0,32000,32000,32000,32000
1.667,0,0,0,0,0,0,0,0,0,32000,32000,32000,32000
1.668,0,0,0,0,0,0,0,0,0,32000,32000,32000,32000
1.669,0,0,0,0,0,0,0,0,0,32000,32000,32000,32000
1.67,0,0,0,0,0,0,0,0,0,32000,32000,32000,32000
1.671,0,0,0,0,0,0,0,0,0,32000,32000,32000,32000
1.672,0,0,0,0,0,0,0,0,0,32000,32000,32000,32000
1.673,0,0,0,0,0,0,0,0,0,32000,32000,32000,32000
1.674,0,0,0,0,0,0,0,0,0,32000,32000,32000,32000
1.675,0,0,0,0,0,0,0,0,0,32000,32000,32000,32000
1.676,0,0,0,0,0,0,0,0,0,32000,32000,32000,32000
1.677,0,0,0,0,0,0,0,0,0,32000,32000,32000,32000
1.678,0,0,0,0,0,0,0,0,0,32000,32000,32000,32000
1.679,0,0,0,0,0,0,0,0,0,32000,32000,32000,32000
1.68,0,0,0,0,0,0,0,0,0,32000,32000,32000,32000
1.681,0,0,0,0,0,0,0,0,0,32000,32000,32000,32000
1.682,0,0,0,0,0,0,0,0,0,32000,32000,32000,32000
1.683,0,0,0,0,0,0,0,0,0,32000,32000,32000,32000
1.684,0,0,0,0,0,0,0,0,0,32000,32000,32000,32000
1.685,0,0,0,0,0,0,0,0,0,32000,32000,32000,32000
1.686,0,0,0,0,0,0,0,0,0,32000,32000,32000,32000
1.687,0,0,0,0,0,0,0,0,0,32000,32000,32000,32000
1.688,0,0,0,0,0,0,0,0,0,32000,32000,32000,32000
1.689,0,0,0,0,0,0,0,0,0,32000,32000,32000,32000
1.69,0,0,0,0,0,0,0,0,0,32000,32000,32000,32000
1.691,0,0,0,0,0,0,0,0,0,32000,32000,32000,32000
1.692,0,0,0,0,0,0,0,0,0,32000,32000,32000,32000
1.693,0,0,0,0,0,0,0,0,0,32000,32000,32000,32000
1.694,0,0,0,0,0,0,0,0,0,32000,32000,32000,32000
1.695,0,0,0,0,0,0,0,0,0,32000,32000,32000,32000
1.696,0,0,0,0,0,0,0,0,0,32000,32000,32000,32000
1.697,0,0,0,0,0,0,0,0,0,32000,32000,32000,32000
1.698,0,0,0,0,0,0,0,0,0,32000,32000,32000,32000
1.699,0,0,0,0,0,0,0,0,0,32000,32000,32000,32000
1.7,0,0,0,0,0,0,0,0,0,32000,32000,32000,32000
1.701,0,0,0,0,0,0,0,0,0,32000,32000,32000,32000
1.702,0,0,0,0,0,0,0,0,0,32000,32000,32000,32000
1.703,0,0,0,0,0,0,0,0,0,32000,32000,32000,32000
1.704,0,0,0,0,0,0,0,0,0,32000,32000,32000,32000
1.705,0,0,0,0,0,0,0,0,0,32000,32000,32000,32000
1.706,0,0,0,0,0,0,0,0,0,32000,32000,32000,32000
1.707,0,0,0,0,0,0,0,0,0,32000,32000,32000,32000
1.708,0,0,0,0,0,0,0,0,0,32000,32000,32000,32000
1.709,0,0,0,0,0,0,0,0,0,32000,32000,32000,32000
1.71,0,0,0,0,0,0,0,0,0,32000,32000,32000,32000
1.711,0,0,0,0,0,0,0,0,0,32000,32000,32000,32000
1.712,0,0,0,0,0,0,0,0,0,32000,32000,32000,32000
1.713,0,0,0,0,0,0,0,0,0,32000,32000,32000,32000
1.714,0,0,0,0,0,0,0,0,0,32000,32000,32000,32000
1.715,0,0,0,0,0,0,0,0,0,32000,32000,32000,32000
1.716,0,0,0,0,0,0,0,0,0,32000,32000,32000,32000
1.717,0,0,0,0,0,0,0,0,0,32000,32000,32000,32000
1.718,0,0,0,0,0,0,0,0,0,32000,32000,32000,32000
1.719,0,0,0,0,0,0,0,0,0,32000,32000,32000,32000
1.72,0,0,0,0,0,0,0,0,0,32000,32000,32000,32000
1.721,0,0,0,0,0,0,0,0,0,32000,32000,32000,32000
1.722,0,0,0,0,0,0,0,0,0,32000,32000,32000,32000
1.723,0,0,0,0,0,0,0,0,0,32000,32000,32000,32000
1.724,0,0,0,0,0,0,0,0,0,32000,32000,32000,32000
1.725,0,0,0,0,0,0,0,0,0,32000,32000,32000,32000
1.726,0,0,0,0,0,0,0,0,0,32000,32000,32000,32000
1.727,0,0,0,0,0,0,0,0,0,32000,32000,32000,32000
1.728,0,0,0,0,0,0,0,0,0,32000,32000,32000,32000
1.729,0,0,0,0,0,0,0,0,0,32000,32000,32000,32000
1.73,0,0,0,0,0,0,0,0,0,32000,32000,32000,32000
1.731,0,0,0,0,0,0,0,0,0,32000,32000,32000,32000
1.732,0,0,0,0,0,0,0,0,0,32000,32000,32000,32000
1.733,0,0,0,0,0,0,0,0,0,32000,32000,32000,32000
1.734,0,0,0,0,0,0,0,0,0,32000,32000,32000,32000
1.735,0,0,0,0,0,0,0,0,0,32000,32000,32000,32000
1.736,0,0,0,0,0,0,0,0,0,32000,32000,32000,32000
1.737,0,0,0,0,0,0,0,0,0,32000,32000,32000,32000
1.738,0,0,0,0,0,0,0,0,0,32000,32000,32000,32000
1.739,0,0,0,0,0,0,0,0,0,32000,32000,32000,32000
1.74,0,0,0,0,0,0,0,0,0,32000,32000,32000,32000
1.741,0,0,0,0,0,0,0,0,0,32000,32000,32000,32000
1.742,0,0,0,0,0,0,0,0,0,32000,32000,32000,32000
1.743,0,0,0,0,0,0,0,0,0,32000,32000,32000,32000
1.744,0,0,0,0,0,0,0,0,0,32000,32000,32000,32000
1.745,0,0,0,0,0,0,0,0,0,32000,32000,32000,32000
1.746,0,0,0,0,0,0,0,0,0,32000,32000,32000,32000
1.747,0,0,0,0,0,0,0,0,0,32000,32000,32000,32000
1.748,0,0,0,0,0,0,0,0,0,32000,32000,32000,32000
1.749,0,0,0,0,0,0,0,0,0,32000,32000,32000,32000
1.75,0,0,0,0,0,0,0,0,0,32000,32000,32000,32000
1.751,0,0,0,0,0,0,0,0,0,32000,32000,32000,32000
1.752,0,0,0,0,0,0,0,0,0,32000,32000,32000,32000
1.753,0,0,0,0,0,0,0,0,0,32000,32000,32000,32000
1.754,0,0,0,0,0,0,0,0,0,32000,32000,32000,32000
1.755,0,0,0,0,0,0,0,0,0,32000,32000,32000,32000
1.756,0,0,0,0,0,0,0,0,0,32000,32000,32000,32000
1.757,0,0,0,0,0,0,0,0,0,32000,32000,32000,32000
1.758,0,0,0,0,0,0,0,0,0,32000,32000,32000,32000
1.759,0,0,0,0,0,0,0,0,0,32000,32000,32000,32000
1.76,0,0,0,0,0,0,0,0,0,32000,32000,32000,32000
1.761,0,0,0,0,0,0,0,0,0,32000,32000,32000,32000
1.762,0,0,0,0,0,0,0,0,0,32000,32000,32000,32000
1.763,0,0,0,0,0,0,0,0,0,32000,32000,32000,32000
1.764,0,0,0,0,0,0,0,0,0,32000,32000,32000,32000
1.765,0,0,0,0,0,0,0,0,0,32000,32000,32000,32000
1.766,0,0,0,0,0,0,0,0,0,32000,32000,32000,32000
1.767,0,0,0,0,0,0,0,0,0,32000,32000,32000,32000
1.768,0,0,0,0,0,0,0,0,0,32000,32000,32000,32000
1.769,0,0,0,0,0,0,0,0,0,32000,32000,32000,32000
1.77,0,0,0,0,0,0,0,0,0,32000,32000,32000,32000
1.771,0,0,0,0,0,0,0,0,0,32000,32000,32000,32000
1.772,0,0,0,0,0,0,0,0,0,32000,32000,32000,32000
1.773,0,0,0,0,0,0,0,0,0,32000,32000,32000,32000
1.774,0,0,0,0,0,0,0,0,0,32000,32000,32000,32000
1.775,0,0,0,0,0,0,0,0,0,32000,32000,32000,32000
1.776,0,0,0,0,0,0,0,0,0,32000,32000,32000,32000
1.777,0,0,0,0,0,0,0,0,0,32000,32000,32000,32000
1.778,0,0,0,0,0,0,0,0,0,32000,32000,32000,32000
1.779,0,0,0,0,0,0,0,0,0,32000,32000,32000,32000
1.78,0,0,0,0,0,0,0,0,0,32000,32000,32000,32000
1.781,0,0,0,0,0,0,0,0,0,32000,32000,32000,32000
1.782,0,0,0,0,0,0,0,0,0,32000,32000,32000,32000
1.783,0,0,0,0,0,0,0,0,0,32000,32000,32000,32000
1.784,0,0,0,0,0,0,0,0,0,32000,32000,32000,32000
1.785,0,0,0,0,0,0,0,0,0,32000,32000,32000,32000
1.786,0,0,0,0,0,0,0,0,0,32000,32000,32000,32000
1.787,0,0,0,0,0,0,0,0,0,32000,32000,32000,32000
1.788,0,0,0,0,0,0,0,0,0,32000,32000,32000,32000
1.789,0,0,0,0,0,0,0,0,0,32000,32000,32000,32000
1.79,0,0,0,0,0,0,0,0,0,32000,32000,32000,32000
1.791,0,0,0,0,0,0,0,0,0,32000,32000,32000,32000
1.792,0,0,0,0,0,0,0,0,0,32000,32000,32000,32000
1.793,0,0,0,0,0,0,0,0,0,32000,32000,32000,32000
1.794,0,0,0,0,0,0,0,0,0,32000,32000,32000,32000
1.795,0,0,0,0,0,0,0,0,0,32000,32000,32000,32000
1.796,0,0,0,0,0,0,0,0,0,32000,32000,32000,32000
1.797,0,0,0,0,0,0,0,0,0,32000,32000,32000,32000
1.798,0,0,0,0,0,0,0,0,0,32000,32000,32000,32000
1.799,0,0,0,0,0,0,0,0,0,32000,32000,32000,32000
1.8,0,0,0,0,0,0,0,0,0,32000,32000,32000,32000
1.801,0,0,0,0,0,0,0,0,0,32000,32000,32000,32000
1.802,0,0,0,0,0,0,0,0,0,32000,32000,32000,32000
1.803,0,0,0,0,0,0,0,0,0,32000,32000,32000,32000
1.804,0,0,0,0,0,0,0,0,0,32000,32000,32000,32000
1.805,0,0,0,0,0,0,0,0,0,32000,32000,32000,32000
1.806,0,0,0,0,0,0,0,0,0,32000,32000,32000,32000
1.807,0,0,0,0,0,0,0,0,0,32000,32000,32000,32000
1.808,0,0,0,0,0,0,0,0,0,32000,32000,32000,32000
1.809,0,0,0,0,0,0,0,0,0,32000,32000,32000,32000
1.81,0,0,0,0,0,0,0,0,0,32000,32000,32000,32000
1.811,0,0,0,0,0,0,0,0,0,32000,32000,32000,32000
1.812,0,0,0,0,0,0,0,0,0,32000,32000,32000,32000
1.813,0,0,0,0,0,0,0,0,0,32000,32000,32000,32000
1.814,0,0,0,0,0,0,0,0,0,32000,32000,32000,32000
1.815,0,0,0,0,0,0,0,0,0,32000,32000,32000,32000
1.816,0,0,0,0,0,0,0,0,0,32000,32000,32000,32000
1.817,0,0,0,0,0,0,0,0,0,32000,32000,32000,32000
1.818,0,0,0,0,0,0,0,0,0,32000,32000,32000,32000
1.819,0,0,0,0,0,0,0,0,0,32000,32000,32000,32000
1.82,0,0,0,0,0,0,0,0,0,32000,32000,32000,32000
1.821,0,0,0,0,0,0,0,0,0,32000,32000,32000,32000
1.822,0,0,0,0,0,0,0,0,0,32000,32000,32000,32000
1.823,0,0,0,0,0,0,0,0,0,32000,32000,32000,32000
1.824,0,0,0,0,0,0,0,0,0,32000,32000,32000,32000
1.825,0,0,0,0,0,0,0,0,0,32000,32000,32000,32000
1.826,0,0,0,0,0,0,0,0,0,32000,32000,32000,32000
1.827,0,0,0,0,0,0,0,0,0,32000,32000,32000,32000
1.828,0,0,0,0,0,0,0,0,0,32000,32000,32000,32000
1.829,0,0,0,0,0,0,0,0,0,32000,32000,32000,32000
1.83,0,0,0,0,0,0,0,0,0,32000,32000,32000,32000
1.831,0,0,0,0,0,0,0,0,0,32000,32000,32000,32000
1.832,0,0,0,0,0,0,0,0,0,32000,32000,32000,32000
1.833,0,0,0,0,0,0,0,0,0,32000,32000,32000,32000
1.834,0,0,0,0,0,0,0,0,0,32000,32000,32000,32000
1.835,0,0,0,0,0,0,0,0,0,32000,32000,32000,32000
1.836,0,0,0,0,0,0,0,0,0,32000,32000,32000,32000
1.837,0,0,0,0,0,0,0,0,0,32000,32000,32000,32000
1.838,0,0,0,0,0,0,0,0,0,32000,32000,32000,32000
1.839,0,0,0,0,0,0,0,0,0,32000,32000,32000,32000
1.84,0,0,0,0,0,0,0,0,0,32000,32000,32000,32000
1.841,0,0,0,0,0,0,0,0,0,32000,32000,32000,32000
1.842,0,0,0,0,0,0,0,0,0,32000,32000,32000,32000
1.843,0,0,0,0,0,0,0,0,0,32000,32000,32000,32000
1.844,0,0,0,0,0,0,0,0,0,32000,32000,32000,32000
1.845,0,0,0,0,0,0,0,0,0,32000,32000,32000,32000
1.846,0,0,0,0,0,0,0,0,0,32000,32000,32000,32000
1.847,0,0,0,0,0,0,0,0,0,32000,32000,32000,32000
1.848,0,0,0,0,0,0,0,0,0,32000,32000,32000,32000
1.849,0,0,0,0,0,0,0,0,0,32000,32000,32000,32000
1.85,0,0,0,0,0,0,0,0,0,32000,32000,32000,32000
1.851,0,0,0,0,0,0,0,0,0,32000,32000,32000,32000
1.852,0,0,0,0,0,0,0,0,0,32000,32000,32000,32000
1.853,0,0,0,0,0,0,0,0,0,32000,32000,32000,32000
1.854,0,0,0,0,0,0,0,0,0,32000,32000,32000,32000
1.855,0,0,0,0,0,0,0,0,0,32000,32000,32000,32000
1.856,0,0,0,0,0,0,0,0,0,32000,32000,32000,32000
1.857,0,0,0,0,0,0,0,0,0,32000,32000,32000,32000
1.858,0,0,0,0,0,0,0,0,0,32000,32000,32000,32000
1.859,0,0,0,0,0,0,0,0,0,32000,32000,32000,32000
1.86,0,0,0,0,0,0,0,0,0,32000,32000,32000,32000
1.861,0,0,0,0,0,0,0,0,0,32000,32000,32000,32000
1.862,0,0,0,0,0,0,0,0,0,32000,32000,32000,32000
1.863,0,0,0,0,0,0,0,0,0,32000,32000,32000,32000
1.864,0,0,0,0,0,0,0,0,0,32000,32000,32000,32000
1.865,0,0,0,0,0,0,0,0,0,32000,32000,32000,32000
1.866,0,0,0,0,0,0,0,0,0,32000,32000,32000,32000
1.867,0,0,0,0,0,0,0,0,0,32000,32000,32000,32000
1.868,0,0,0,0,0,0,0,0,0,32000,32000,32000,32000
1.869,0,0,0,0,0,0,0,0,0,32000,32000,32000,32000
1.87,0,0,0,0,0,0,0,0,0,32000,32000,32000,32000
1.871,0,0,0,0,0,0,0,0,0,32000,32000,32000,32000
1.872,0,0,0,0,0,0,0,0,0,32000,32000,32000,32000
1.873,0,0,0,0,0,0,0,0,0,32000,32000,32000,32000
1.874,0,0,0,0,0,0,0,0,0,32000,32000,32000,32000
1.875,0,0,0,0,0,0,0,0,0,32000,32000,32000,32000
1.876,0,0,0,0,0,0,0,0,0,32000,32000,32000,32000
1.877,0,0,0,0,0,0,0,0,0,32000,32000,32000,32000
1.878,0,0,0,0,0,0,0,0,0,32000,32000,32000,32000
1.879,0,0,0,0,0,0,0,0,0,32000,32000,32000,32000
1.88,0,0,0,0,0,0,0,0,0,32000,32000,32000,32000
1.881,0,0,0,0,0,0,0,0,0,32000,32000,32000,32000
1.882,0,0,0,0,0,0,0,0,0,32000,32000,32000,32000
1.883,0,0,0,0,0,0,0,0,0,32000,32000,32000,32000
1.884,0,0,0,0,0,0,0,0,0,32000,32000,32000,32000
1.885,0,0,0,0,0,0,0,0,0,32000,32000,32000,32000
1.886,0,0,0,0,0,0,0,0,0,32000,32000,32000,32000
1.887,0,0,0,0,0,0,0,0,0,32000,32000,32000,32000
1.888,0,0,0,0,0,0,0,0,0,32000,32000,32000,32000
1.889,0,0,0,0,0,0,0,0,0,32000,32000,32000,32000
1.89,0,0,0,0,0,0,0,0,0,32000,32000,32000,32000
1.891,0,0,0,0,0,0,0,0,0,32000,32000,32000,32000
1.892,0,0,0,0,0,0,0,0,0,32000,32000,32000,32000
1.893,0,0,0,0,0,0,0,0,0,32000,32000,32000,32000
1.894,0,0,0,0,0,0,0,0,0,32000,32000,32000,32000
1.895,0,0,0,0,0,0,0,0,0,32000,32000,32000,32000
1.896,0,0,0,0,0,0,0,0,0,32000,32000,32000,32000
1.897,0,0,0,0,0,0,0,0,0,32000,32000,32000,32000
1.898,0,0,0,0,0,0,0,0,0,32000,32000,32000,32000
1.899,0,0,0,0,0,0,0,0,0,32000,32000,32000,32000
1.9,0,0,0,0,0,0,0,0,0,32000,32000,32000,32000
1.901,0,0,0,0,0,0,0,0,0,32000,32000,32000,32000
1.902,0,0,0,0,0,0,0,0,0,32000,32000,32000,32000
1.903,0,0,0,0,0,0,0,0,0,32000,32000,32000,32000
1.904,0,0,0,0,0,0,0,0,0,32000,32000,32000,32000
1.905,0,0,0,0,0,0,0,0,0,32000,32000,32000,32000
1.906,0,0,0,0,0,0,0,0,0,32000,32000,32000,32000
1.907,0,0,0,0,0,0,0,0,0,32000,32000,32000,32000
1.908,0,0,0,0,0,0,0,0,0,32000,32000,32000,32000
1.909,0,0,0,0,0,0,0,0,0,32000,32000,32000,32000
1.91,0,0,0,0,0,0,0,0,0,32000,32000,32000,32000
1.911,0,0,0,0,0,0,0,0,0,32000,32000,32000,32000
1.912,0,0,0,0,0,0,0,0,0,32000,32000,32000,32000
1.913,0,0,0,0,0,0,0,0,0,32000,32000,32000,32000
1.914,0,0,0,0,0,0,0,0,0,32000,32000,32000,32000
1.915,0,0,0,0,0,0,0,0,0,32000,32000,32000,32000
1.916,0,0,0,0,0,0,0,0,0,32000,32000,32000,32000
1.917,0,0,0,0,0,0,0,0,0,32000,32000,32000,32000
1.918,0,0,0,0,0,0,0,0,0,32000,32000,32000,32000
1.919,0,0,0,0,0,0,0,0,0,32000,32000,32000,32000
1.92,0,0,0,0,0,0,0,0,0,32000,32000,32000,32000
1.921,0,0,0,0,0,0,0,0,0,32000,32000,32000,32000
1.922,0,0,0,0,0,0,0,0,0,32000,32000,32000,32000
1.923,0,0,0,0,0,0,0,0,0,32000,32000,32000,32000
1.924,0,0,0,0,0,0,0,0,0,32000,32000,32000,32000
1.925,0,0,0,0,0,0,0,0,0,32000,32000,32000,32000
1.926,0,0,0,0,0,0,0,0,0,32000,32000,32000,32000
1.927,0,0,0,0,0,0,0,0,0,32000,32000,32000,32000
1.928,0,0,0,0,0,0,0,0,0,32000,32000,32000,32000
1.929,0,0,0,0,0,0,0,0,0,32000,32000,32000,32000
1.93,0,0,0,0,0,0,0,0,0,32000,32000,32000,32000
1.931,0,0,0,0,0,0,0,0,0,32000,32000,32000,32000
1.932,0,0,0,0,0,0,0,0,0,32000,32000,32000,32000
1.933,0,0,0,0,0,0,0,0,0,32000,32000,32000,32000
1.934,0,0,0,0,0,0,0,0,0,32000,32000,32000,32000
1.935,0,0,0,0,0,0,0,0,0,32000,32000,32000,32000
1.936,0,0,0,0,0,0,0,0,0,32000,32000,32000,32000
1.937,0,0,0,0,0,0,0,0,0,32000,32000,32000,32000
1.938,0,0,0,0,0,0,0,0,0,32000,32000,32000,32000
1.939,0,0,0,0,0,0,0,0,0,32000,32000,32000,32000
1.94,0,0,0,0,0,0,0,0,0,32000,32000,32000,32000
1.941,0,0,0,0,0,0,0,0,0,32000,32000,32000,32000
1.942,0,0,0,0,0,0,0,0,0,32000,32000,32000,32000
1.943,0,0,0,0,0,0,0,0,0,32000,32000,32000,32000
1.944,0,0,0,0,0,0,0,0,0,32000,32000,32000,32000
1.945,0,0,0,0,0,0,0,0,0,32000,32000,32000,32000
1.946,0,0,0,0,0,0,0,0,0,32000,32000,32000,32000
1.947,0,0,0,0,0,0,0,0,0,32000,32000,32000,32000
1.948,0,0,0,0,0,0,0,0,0,32000,32000,32000,32000
1.949,0,0,0,0,0,0,0,0,0,32000,32000,32000,32000
1.95,0,0,0,0,0,0,0,0,0,32000,32000,32000,32000
1.951,0,0,0,0,0,0,0,0,0,32000,32000,32000,32000
1.952,0,0,0,0,0,0,0,0,0,32000,32000,32000,32000
1.953,0,0,0,0,0,0,0,0,0,32000,32000,32000,32000
1.954,0,0,0,0,0,0,0,0,0,32000,32000,32000,32000
1.955,0,0,0,0,0,0,0,0,0,32000,32000,32000,32000
1.956,0,0,0,0,0,0,0,0,0,32000,32000,32000,32000
1.957,0,0,0,0,0,0,0,0,0,32000,32000,32000,32000
1.958,0,0,0,0,0,0,0,0,0,32000,32000,32000,32000
1.959,0,0,0,0,0,0,0,0,0,32000,32000,32000,32000
1.96,0,0,0,0,0,0,0,0,0,32000,32000,32000,32000
1.961,0,0,0,0,0,0,0,0,0,32000,32000,32000,32000
1.962,0,0,0,0,0,0,0,0,0,32000,32000,32000,32000
1.963,0,0,0,0,0,0,0,0,0,32000,32000,32000,32000
1.964,0,0,0,0,0,0,0,0,0,32000,32000,32000,32000
1.965,0,0,0,0,0,0,0,0,0,32000,32000,32000,32000
1.966,0,0,0,0,0,0,0,0,0,32000,32000,32000,32000
1.967,0,0,0,0,0,0,0,0,0,32000,32000,32000,32000
1.968,0,0,0,0,0,0,0,0,0,32000,32000,32000,32000
1.969,0,0,0,0,0,0,0,0,0,32000,32000,32000,32000
1.97,0,0,0,0,0,0,0,0,0,32000,32000,32000,32000
1.971,0,0,0,0,0,0,0,0,0,32000,32000,32000,32000
1.972,0,0,0,0,0,0,0,0,0,32000,32000,32000,32000
1.973,0,0,0,0,0,0,0,0,0,32000,32000,32000,32000
1.974,0,0,0,0,0,0,0,0,0,32000,32000,32000,32000
1.975,0,0,0,0,0,0,0,0,0,32000,32000,32000,32000
1.976,0,0,0,0,0,0,0,0,0,32000,32000,32000,32000
1.977,0,0,0,0,0,0,0,0,0,32000,32000,32000,32000
1.978,0,0,0,0,0,0,0,0,0,32000,32000,32000,32000
1.979,0,0,0,0,0,0,0,0,0,32000,32000,32000,32000
1.98,0,0,0,0,0,0,0,0,0,32000,32000,32000,32000
1.981,0,0,0,0,0,0,0,0,0,32000,32000,32000,32000
1.982,0,0,0,0,0,0,0,0,0,32000,32000,32000,32000
1.983,0,0,0,0,0,0,0,0,0,32000,32000,32000,32000
1.984,0,0,0,0,0,0,0,0,0,32000,32000,32000,32000
1.985,0,0,0,0,0,0,0,0,0,32000,32000,32000,32000
1.986,0,0,0,0,0,0,0,0,0,32000,32000,32000,32000
1.987,0,0,0,0,0,0,0,0,0,32000,32000,32000,32000
1.988,0,0,0,0,0,0,0,0,0,32000,32000,32000,32000
1.989,0,0,0,0,0,0,0,0,0,32000,32000,32000,32000
1.99,0,0,0,0,0,0,0,0,0,32000,32000,32000,32000
1.991,0,0,0,0,0,0,0,0,0,32000,32000,32000,32000
1.992,0,0,0,0,0,0,0,0,0,32000,32000,32000,32000
1.993,0,0,0,0,0,0,0,0,0,32000,32000,32000,32000
1.994,0,0,0,0,0,0,0,0,0,32000,32000,32000,32000
1.995,0,0,0,0,0,0,0,0,0,32000,32000,32000,32000
1.996,0,0,0,0,0,0,0,0,0,32000,32000,32000,32000
1.997,0,0,0,0,0,0,0,0,0,32000,32000,32000,32000
1.998,0,0,0,0,0,0,0,0,0,32000,32000,32000,32000
1.999,0,0,0,0,0,0,0,0,0,32000,32000,32000,32000
2,0,0,0,0,0,0,0,0,0,32000,32000,32000,32000
2.001,0.5,-0.5,1,0.000119106,0.119106,-0.000119106,-0.119106,0.00235818,2.35818,64000,0,32000,64000
2.002,0.5,-0.5,1,0.000377554,0.258448,-0.000377554,-0.258448,0.00677823,4.42005,61095.5,0,34611.8,61095.5
2.003,0.5,-0.5,1,0.000794175,0.416621,-0.000794175,-0.416621,0.0130011,6.2229,58480.2,0,36876.5,58480.2
2.004,0.5,-0.5,1,0.0013862,0.592022,-0.0013862,-0.592022,0.0208,7.79891,56118.1,0,38832.8,56118.1
2.005,0.5,-0.5,1,0.00216914,0.782945,-0.00216914,-0.782945,0.029976,9.17596,53977.7,0,40514.7,53977.7
2.006,0.5,-0.5,1,0.0031568,0.98766,-0.0031568,-0.98766,0.0403543,10.3783,52032,0,41952.5,52032
2.007,0.5,-0.5,1,0.00436126,1.20446,-0.00436126,-1.20446,0.0517813,11.427,50257.5,0,43172.9,50257.5
2.008,0.5,-0.5,1,0.00579295,1.43169,-0.00579295,-1.43169,0.0641219,12.3406,48633.7,0,44199.6,48633.7
2.009,0.5,-0.5,1,0.00746074,1.66779,-0.00746074,-1.66779,0.0772569,13.1351,47142.9,0,45053.8,47142.9
2.01,0.5,-0.5,1,0.00937203,1.91129,-0.00937203,-1.91129,0.0910817,13.8247,45769.6,0,45754.2,45769.6
2.011,0.5,-0.5,1,0.0115329,2.16082,-0.0115329,-2.16082,0.105504,14.4219,44500,0,46317.5,44500
2.012,0.5,-0.5,1,0.013948,2.41513,-0.013948,-2.41513,0.120441,14.9375,43322.2,0,46758.5,43322.2
2.013,0.5,-0.5,1,0.016621,2.67305,-0.016621,-2.67305,0.135822,15.3812,42225.8,0,47090.4,42225.8
2.014,0.5,-0.5,1,0.0195546,2.93356,-0.0195546,-2.93356,0.151584,15.7613,41201.6,0,47324.9,41201.6
2.015,0.5,-0.5,1,0.0227503,3.19569,-0.0227503,-3.19569,0.167669,16.0854,40241.4,44.7073,47472.5,40241.4
2.016,0.5,-0.5,1,0.0262085,3.45822,-0.0262085,-3.45822,0.184028,16.3589,39338.1,1781.26,47542.5,39338.1
2.017,0.5,-0.5,1,0.0299282,3.71972,-0.0299282,-3.71972,0.200614,16.5859,38486.7,3483.72,47542.9,38486.7
2.018,0.5,-0.5,1,0.0339071,3.97885,-0.0339071,-3.97885,0.217384,16.7699,37683.8,5151.82,47480.5,37683.8
2.019,0.5,-0.5,1,0.0381415,4.2344,-0.0381415,-4.2344,0.234298,16.914,36926.8,6785.1,47361.4,36926.8
2.02,0.5,-0.5,1,0.0426267,4.48526,-0.0426267,-4.48526,0.251319,17.0211,36212.9,8382.93,47191.3,36212.9
2.021,0.5,-0.5,1,0.0473572,4.73043,-0.0473572,-4.73043,0.268412,17.0937,35540,9944.54,46975.4,35540
2.022,0.5,-0.5,1,0.0523262,4.969,-0.0523262,-4.969,0.285547,17.134,34906.2,11469.1,46718.4,34906.2
2.023,0.5,-0.5,1,0.0575263,5.20016,-0.0575263,-5.20016,0.302691,17.1443,34309.8,12955.8,46424.6,34309.8
2.024,0.5,-0.5,1,0.0629495,5.4232,-0.0629495,-5.4232,0.319817,17.1264,33749.1,14403.7,46098.1,33749.1
2.025,0.5,-0.5,1,0.068587,5.63749,-0.068587,-5.63749,0.336899,17.082,33222.8,15812,45742.3,33222.8
2.026,0.5,-0.5,1,0.0744295,5.84249,-0.0744295,-5.84249,0.353912,17.0128,32729.7,17179.9,45360.7,32729.7
2.027,0.5,-0.5,1,0.0804672,6.03773,-0.0804672,-6.03773,0.370832,16.9204,32268.6,18506.6,44956.2,32268.6
2.028,0.5,-0.5,1,0.08669,6.22283,-0.08669,-6.22283,0.387639,16.8061,31838.3,19791.5,44531.8,31838.3
2.029,0.5,-0.5,1,0.0930875,6.39748,-0.0930875,-6.39748,0.40431,16.6713,31437.9,21034.1,44090,31437.9
2.03,0.5,-0.5,1,0.0996489,6.56142,-0.0996489,-6.56142,0.420827,16.5174,31066.4,22233.8,43633.3,31066.4
2.031,0.5,-0.5,1,0.106363,6.71449,-0.106363,-6.71449,0.437173,16.3455,30722.9,23390.5,43163.8,30722.9
2.032,0.5,-0.5,1,0.11322,6.85656,-0.11322,-6.85656,0.45333,16.1569,30406.3,24503.9,42683.6,30406.3
2.033,0.5,-0.5,1,0.120208,6.98758,-0.120208,-6.98758,0.469282,15.9528,30115.8,25573.8,42194.6,30115.8
2.034,0.5,-0.5,1,0.127315,7.10752,-0.127315,-7.10752,0.485017,15.7342,29850.5,26600.5,41698.6,29850.5
2.035,0.5,-0.5,1,0.134532,7.21643,-0.134532,-7.21643,0.500519,15.5024,29609.4,27584,41197.2,29609.4
2.036,0.5,-0.5,1,0.141846,7.31439,-0.141846,-7.31439,0.515777,15.2584,29391.7,28524.6,40691.9,29391.7
2.037,0.5,-0.5,1,0.149247,7.40151,-0.149247,-7.40151,0.530781,15.0032,29196.5,29422.8,40184.3,29196.5
2.038,0.5,-0.5,1,0.156725,7.47797,-0.156725,-7.47797,0.545519,14.7379,29022.8,30279,39675.5,29022.8
2.039,0.5,-0.5,1,0.164269,7.54394,-0.164269,-7.54394,0.559982,14.4636,28869.6,31094,39166.8,28869.6
2.04,0.5,-0.5,1,0.171869,7.59965,-0.171869,-7.59965,0.574163,14.1811,28736.2,31868.3,38659.3,28736.2
2.041,0.5,-0.5,1,0.179514,7.64534,-0.179514,-7.64534,0.588055,13.8915,28621.6,32602.7,38154.2,28621.6
2.042,0.5,-0.5,1,0.187196,7.68127,-0.187196,-7.68127,0.60165,13.5957,28524.7,33298.3,37652.3,28524.7
2.043,0.5,-0.5,1,0.194903,7.70773,-0.194903,-7.70773,0.614945,13.2946,28444.8,33955.8,37154.6,28444.8
2.044,0.5,-0.5,1,0.202628,7.72501,-0.202628,-7.72501,0.627934,12.9891,28380.8,34576.3,36662,28380.8
2.045,0.5,-0.5,1,0.210362,7.73343,-0.210362,-7.73343,0.640614,12.68,28332,35160.8,36175.3,28332
2.046,0.5,-0.5,1,0.218095,7.7333,-0.218095,-7.7333,0.652982,12.3681,28297.3,35710.4,35695.1,28297.3
2.047,0.5,-0.5,1,0.22582,7.72496,-0.22582,-7.72496,0.665037,12.0543,28275.8,36226.3,35222.1,28275.8
2.048,0.5,-0.5,1,0.233529,7.70873,-0.233529,-7.70873,0.676776,11.7393,28266.8,36709.4,34757,28266.8
2.049,0.5,-0.5,1,0.241214,7.68495,-0.241214,-7.68495,0.6882,11.4237,28269.3,37161.1,34300.2,28269.3
2.05,0.5,-0.5,1,0.248868,7.65396,-0.248868,-7.65396,0.699308,11.1084,28282.5,37582.4,33852.5,28282.5
2.051,0.5,-0.5,1,0.256484,7.61609,-0.256484,-7.61609,0.710102,10.7938,28305.7,37974.6,33414.1,28305.7
2.052,0.5,-0.5,1,0.264055,7.57168,-0.264055,-7.57168,0.720582,10.4807,28337.8,38338.8,32985.6,28337.8
2.053,0.5,-0.5,1,0.271576,7.52106,-0.271576,-7.52106,0.730752,10.1695,28378.3,38676.1,32567.2,28378.3
2.054,0.5,-0.5,1,0.279041,7.46455,-0.279041,-7.46455,0.740613,9.86086,28426.4,38987.7,32159.5,28426.4
2.055,0.5,-0.5,1,0.286444,7.40248,-0.286444,-7.40248,0.750168,9.55524,28481.3,39274.7,31762.6,28481.3
2.056,0.5,-0.5,1,0.293779,7.33516,-0.293779,-7.33516,0.759421,9.25308,28542.4,39538.2,31376.9,28542.4
2.057,0.5,-0.5,1,0.301042,7.2629,-0.301042,-7.2629,0.768376,8.95482,28609,39779.4,31002.6,28609
2.058,0.5,-0.5,1,0.308228,7.186,-0.308228,-7.186,0.777037,8.66083,28680.5,39999.2,30639.9,28680.5
2.059,0.5,-0.5,1,0.315332,7.10476,-0.315332,-7.10476,0.785408,8.37148,28756.2,40198.6,30289,28756.2
2.06,0.5,-0.5,1,0.322352,7.01945,-0.322352,-7.01945,0.793495,8.08709,28835.6,40378.8,29950,28835.6
2.061,0.5,-0.5,1,0.329282,6.93035,-0.329282,-6.93035,0.801303,7.80793,28918.2,40540.6,29623.1,28918.2
2.062,0.5,-0.5,1,0.33612,6.83773,-0.33612,-6.83773,0.808838,7.53426,29003.4,40684.9,29308.3,29003.4
2.063,0.5,-0.5,1,0.342862,6.74185,-0.342862,-6.74185,0.816104,7.26631,29090.8,40812.7,29005.7,29090.8
2.064,0.5,-0.5,1,0.349505,6.64295,-0.349505,-6.64295,0.823108,7.00428,29179.9,40924.9,28715.4,29179.9
2.065,0.5,-0.5,1,0.356046,6.54127,-0.356046,-6.54127,0.829856,6.74832,29270.2,41022.2,28437.4,29270.2
2.066,0.5,-0.5,1,0.362483,6.43705,-0.362483,-6.43705,0.836355,6.49859,29361.5,41105.4,28171.6,29361.5
2.067,0.5,-0.5,1,0.368813,6.33051,-0.368813,-6.33051,0.84261,6.25519,29453.3,41175.4,27918.1,29453.3
2.068,0.5,-0.5,1,0.375035,6.22186,-0.375035,-6.22186,0.848628,6.01823,29545.3,41232.7,27676.7,29545.3
2.069,0.5,-0.5,1,0.381147,6.1113,-0.381147,-6.1113,0.854416,5.78776,29637.1,41278.2,27447.6,29637.1
2.07,0.5,-0.5,1,0.387146,5.99903,-0.387146,-5.99903,0.85998,5.56383,29728.5,41312.5,27230.5,29728.5
2.071,0.5,-0.5,1,0.393031,5.88524,-0.393031,-5.88524,0.865327,5.34648,29819.2,41336.2,27025.3,29819.2
2.072,0.5,-0.5,1,0.398801,5.7701,-0.398801,-5.7701,0.870462,5.13571,29909,41349.9,26832.1,29909
2.073,0.5,-0.5,1,0.404455,5.6538,-0.404455,-5.6538,0.875394,4.9315,29997.7,41354.1,26650.6,29997.7
2.074,0.5,-0.5,1,0.409991,5.53649,-0.409991,-5.53649,0.880128,4.73385,30084.9,41349.5,26480.6,30084.9
2.075,0.5,-0.5,1,0.41541,5.41833,-0.41541,-5.41833,0.88467,4.54271,30170.7,41336.4,26322.2,30170.7
2.076,0.5,-0.5,1,0.420709,5.29948,-0.420709,-5.29948,0.889028,4.35801,30254.8,41315.5,26175,30254.8
2.077,0.5,-0.5,1,0.425889,5.18007,-0.425889,-5.18007,0.893208,4.1797,30337,41287.1,26038.9,30337
2.078,0.5,-0.5,1,0.430949,5.06024,-0.430949,-5.06024,0.897216,4.00771,30417.2,41251.8,25913.8,30417.2
2.079,0.5,-0.5,1,0.43589,4.94013,-0.43589,-4.94013,0.901058,3.84193,30495.4,41209.8,25799.4,30495.4
2.08,0.5,-0.5,1,0.440709,4.81986,-0.440709,-4.81986,0.90474,3.68227,30571.5,41161.6,25695.5,30571.5
2.081,0.5,-0.5,1,0.445409,4.69955,-0.445409,-4.69955,0.908269,3.52862,30645.3,41107.6,25601.9,30645.3
2.082,0.5,-0.5,1,0.449988,4.57931,-0.449988,-4.57931,0.911649,3.38087,30716.8,41048.1,25518.4,30716.8
2.083,0.5,-0.5,1,0.454448,4.45925,-0.454448,-4.45925,0.914888,3.2389,30785.9,40983.4,25444.8,30785.9
2.084,0.5,-0.5,1,0.458787,4.33947,-0.458787,-4.33947,0.917991,3.10259,30852.6,40913.8,25380.9,30852.6
2.085,0.5,-0.5,1,0.463007,4.22008,-0.463007,-4.22008,0.920963,2.97179,30917,40839.7,25326.3,30917
2.086,0.5,-0.5,1,0.467108,4.10117,-0.467108,-4.10117,0.923809,2.84637,30978.9,40761.4,25280.9,30978.9
2.087,0.5,-0.5,1,0.471091,3.98282,-0.471091,-3.98282,0.926535,2.72619,31038.3,40679,25244.4,31038.3
2.088,0.5,-0.5,1,0.474956,3.86512,-0.474956,-3.86512,0.929146,2.6111,31095.3,40592.8,25216.5,31095.3
2.089,0.5,-0.5,1,0.478704,3.74815,-0.478704,-3.74815,0.931647,2.50097,31149.9,40503.1,25197.1,31149.9
2.09,0.5,-0.5,1,0.482336,3.63199,-0.482336,-3.63199,0.934043,2.39564,31202.1,40410.1,25185.8,31202.1
2.091,0.5,-0.5,1,0.485853,3.51672,-0.485853,-3.51672,0.936338,2.29497,31251.8,40314,25182.4,31251.8
2.092,0.5,-0.5,1,0.489255,3.4024,-0.489255,-3.4024,0.938537,2.1988,31299.2,40215,25186.6,31299.2
2.093,0.5,-0.5,1,0.492545,3.28909,-0.492545,-3.28909,0.940644,2.10698,31344.3,40113.3,25198.2,31344.3
2.094,0.5,-0.5,1,0.495721,3.17687,-0.495721,-3.17687,0.942663,2.01936,31387.1,40009.1,25216.8,31387.1
2.095,0.5,-0.5,1,0.498787,3.06578,-0.498787,-3.06578,0.944599,1.9358,31427.6,39902.5,25242.3,31427.6
2.096,0.5,-0.5,1,0.501743,2.95589,-0.501743,-2.95589,0.946455,1.85615,31466,39793.8,25274.3,31466
2.097,0.5,-0.5,1,0.50459,2.84726,-0.50459,-2.84726,0.948235,1.78025,31502.2,39683,25312.7,31502.2
2.098,0.5,-0.5,1,0.50733,2.73992,-0.50733,-2.73992,0.949943,1.70797,31536.3,39570.4,25357.1,31536.3
2.099,0.5,-0.5,1,0.509964,2.63393,-0.509964,-2.63393,0.951582,1.63915,31568.4,39456,25407.2,31568.4
2.1,0.5,-0.5,1,0.512494,2.52933,-0.512494,-2.52933,0.953156,1.57367,31598.5,39340.1,25462.9,31598.5
2.101,0.5,-0.5,1,0.51492,2.42616,-0.51492,-2.42616,0.954667,1.51136,31626.8,39222.7,25523.8,31626.8
2.102,0.5,-0.5,1,0.517244,2.32447,-0.517244,-2.32447,0.95612,1.45212,31653.2,39103.9,25589.7,31653.2
2.103,0.5,-0.5,1,0.519468,2.22429,-0.519468,-2.22429,0.957515,1.39578,31677.9,38984,25660.3,31677.9
2.104,0.5,-0.5,1,0.521594,2.12565,-0.521594,-2.12565,0.958858,1.34224,31700.8,38863,25735.4,31700.8
2.105,0.5,-0.5,1,0.523623,2.02859,-0.523623,-2.02859,0.960149,1.29135,31722.1,38741,25814.8,31722.1
2.106,0.5,-0.5,1,0.525556,1.93314,-0.525556,-1.93314,0.961392,1.243,31741.9,38618.1,25898.1,31741.9
2.107,0.5,-0.5,1,0.527395,1.83932,-0.527395,-1.83932,0.962589,1.19706,31760.1,38494.5,25985.2,31760.1
2.108,0.5,-0.5,1,0.529142,1.74716,-0.529142,-1.74716,0.963742,1.15341,31777,38370.3,26075.8,31777
2.109,0.5,-0.5,1,0.530799,1.65668,-0.530799,-1.65668,0.964854,1.11194,31792.5,38245.4,26169.6,31792.5
2.11,0.5,-0.5,1,0.532367,1.56791,-0.532367,-1.56791,0.965927,1.07255,31806.7,38120.2,26266.5,31806.7
2.111,0.5,-0.5,1,0.533848,1.48086,-0.533848,-1.48086,0.966962,1.03511,31819.6,37994.5,26366.2,31819.6
2.112,0.5,-0.5,1,0.535243,1.39555,-0.535243,-1.39555,0.967962,0.999541,31831.4,37868.6,26468.6,31831.4
2.113,0.5,-0.5,1,0.536555,1.31199,-0.536555,-1.31199,0.968927,0.965726,31842.2,37742.5,26573.2,31842.2
2.114,0.5,-0.5,1,0.537785,1.23021,-0.537785,-1.23021,0.969861,0.933574,31851.8,37616.2,26680.1,31851.8
2.115,0.5,-0.5,1,0.538936,1.1502,-0.538936,-1.1502,0.970764,0.902994,31860.6,37490,26788.9,31860.6
2.116,0.5,-0.5,1,0.540008,1.07198,-0.540008,-1.07198,0.971638,0.873895,31868.4,37363.8,26899.5,31868.4
2.117,0.5,-0.5,1,0.541003,0.995558,-0.541003,-0.995558,0.972484,0.846194,31875.3,37237.8,27011.6,31875.3
2.118,0.5,-0.5,1,0.541924,0.92094,-0.541924,-0.92094,0.973304,0.819809,31881.5,37111.9,27125.1,31881.5
2.119,0.5,-0.5,1,0.542772,0.848128,-0.542772,-0.848128,0.974098,0.794661,31886.9,36986.4,27239.7,31886.9
2.12,0.5,-0.5,1,0.543549,0.777127,-0.543549,-0.777127,0.974869,0.770677,31891.7,36861.2,27355.4,31891.7
2.121,0.5,-0.5,1,0.544257,0.707936,-0.544257,-0.707936,0.975617,0.747786,31895.8,36736.4,27471.9,31895.8
2.122,0.5,-0.5,1,0.544898,0.640556,-0.544898,-0.640556,0.976343,0.72592,31899.4,36612.2,27589.1,31899.4
2.123,0.5,-0.5,1,0.545473,0.574985,-0.545473,-0.574985,0.977048,0.705015,31902.4,36488.5,27706.7,31902.4
2.124,0.5,-0.5,1,0.545984,0.511218,-0.545984,-0.511218,0.977733,0.685011,31904.9,36365.4,27824.7,31904.9
2.125,0.5,-0.5,1,0.546433,0.449252,-0.546433,-0.449252,0.978399,0.665849,31907,36243,27942.9,31907
2.126,0.5,-0.5,1,0.546822,0.38908,-0.546822,-0.38908,0.979046,0.647476,31908.7,36121.4,28061.2,31908.7
2.127,0.5,-0.5,1,0.547153,0.330694,-0.547153,-0.330694,0.979676,0.629839,31910.1,36000.6,28179.3,31910.1
2.128,0.5,-0.5,1,0.547427,0.274085,-0.547427,-0.274085,0.980289,0.612891,31911.1,35880.6,28297.2,31911.1
2.129,0.5,-0.5,1,0.547646,0.219243,-0.547646,-0.219243,0.980885,0.596585,31911.8,35761.6,28414.8,31911.8
2.13,0.5,-0.5,1,0.547813,0.166158,-0.547813,-0.166158,0.981466,0.58088,31912.3,35643.6,28531.8,31912.3
2.131,0.5,-0.5,1,0.547927,0.114815,-0.547927,-0.114815,0.982032,0.565734,31912.6,35526.6,28648.3,31912.6
2.132,0.5,-0.5,1,0.547993,0.0652017,-0.547993,-0.0652017,0.982583,0.55111,31912.6,35410.7,28764,31912.6
2.133,0.5,-0.5,1,0.54801,0.017303,-0.54801,-0.017303,0.98312,0.536973,31912.6,35295.9,28879,31912.6
2.134,0.5,-0.5,1,0.547981,-0.0288968,-0.547981,0.0288968,0.983643,0.52329,31912.4,35182.3,28993,31912.4
2.135,0.5,-0.5,1,0.547908,-0.0734147,-0.547908,0.0734147,0.984153,0.510031,31912,35069.9,29106,31912
2.136,0.5,-0.5,1,0.547791,-0.116269,-0.547791,0.116269,0.984651,0.497167,31911.6,34958.8,29217.9,31911.6
2.137,0.5,-0.5,1,0.547634,-0.157477,-0.547634,0.157477,0.985135,0.484673,31911.2,34849,29328.6,31911.2
2.138,0.5,-0.5,1,0.547437,-0.19706,-0.547437,0.19706,0.985608,0.472523,31910.7,34740.6,29438.1,31910.7
2.139,0.5,-0.5,1,0.547202,-0.235037,-0.547202,0.235037,0.986069,0.460696,31910.1,34633.6,29546.2,31910.1
2.14,0.5,-0.5,1,0.54693,-0.27143,-0.54693,0.27143,0.986518,0.449171,31909.6,34528,29652.9,31909.6
2.141,0.5,-0.5,1,0.546624,-0.306261,-0.546624,0.306261,0.986956,0.437929,31909,34423.8,29758.1,31909
2.142,0.5,-0.5,1,0.546285,-0.339552,-0.546285,0.339552,0.987383,0.426953,31908.5,34321.2,29861.8,31908.5
2.143,0.5,-0.5,1,0.545913,-0.371326,-0.545913,0.371326,0.987799,0.416228,31908,34220.1,29963.9,31908
2.144,0.5,-0.5,1,0.545512,-0.401609,-0.545512,0.401609,0.988205,0.405739,31907.6,34120.5,30064.3,31907.6
2.145,0.5,-0.5,1,0.545081,-0.430423,-0.545081,0.430423,0.9886,0.395472,31907.2,34022.6,30163,31907.2
2.146,0.5,-0.5,1,0.544623,-0.457794,-0.544623,0.457794,0.988985,0.385418,31906.9,33926.2,30260,31906.9
2.147,0.5,-0.5,1,0.54414,-0.483747,-0.54414,0.483747,0.989361,0.375564,31906.6,33831.5,30355.2,31906.6
2.148,0.5,-0.5,1,0.543631,-0.508309,-0.543631,0.508309,0.989727,0.365901,31906.4,33738.5,30448.7,31906.4
2.149,0.5,-0.5,1,0.5431,-0.531506,-0.5431,0.531506,0.990083,0.356422,31906.3,33647.2,30540.2,31906.3
2.15,0.5,-0.5,1,0.542546,-0.553363,-0.542546,0.553363,0.99043,0.347119,31906.3,33557.6,30629.9,31906.3
2.151,0.5,-0.5,1,0.541973,-0.57391,-0.541973,0.57391,0.990768,0.337985,31906.3,33469.7,30717.7,31906.3
2.152,0.5,-0.5,1,0.541379,-0.593171,-0.541379,0.593171,0.991097,0.329014,31906.5,33383.5,30803.5,31906.5
2.153,0.5,-0.5,1,0.540768,-0.611176,-0.540768,0.611176,0.991418,0.320202,31906.7,33299.1,30887.4,31906.7
2.154,0.5,-0.5,1,0.54014,-0.627952,-0.54014,0.627952,0.991729,0.311543,31907.1,33216.5,30969.4,31907.1
2.155,0.5,-0.5,1,0.539497,-0.643528,-0.539497,0.643528,0.992032,0.303036,31907.5,33135.6,31049.4,31907.5
2.156,0.5,-0.5,1,0.538839,-0.65793,-0.538839,0.65793,0.992327,0.294675,31908,33056.6,31127.4,31908
2.157,0.5,-0.5,1,0.538168,-0.671187,-0.538168,0.671187,0.992613,0.286459,31908.6,32979.3,31203.5,31908.6
2.158,0.5,-0.5,1,0.537484,-0.683329,-0.537484,0.683329,0.992892,0.278385,31909.3,32903.9,31277.5,31909.3
2.159,0.5,-0.5,1,0.53679,-0.694382,-0.53679,0.694382,0.993162,0.270451,31910.1,32830.3,31349.6,31910.1
2.16,0.5,-0.5,1,0.536086,-0.704377,-0.536086,0.704377,0.993425,0.262656,31911,32758.5,31419.6,31911
2.161,0.5,-0.5,1,0.535372,-0.71334,-0.535372,0.71334,0.99368,0.255,31911.9,32688.5,31487.7,31911.9
2.162,0.5,-0.5,1,0.534651,-0.7213,-0.534651,0.7213,0.993927,0.24748,31912.9,32620.3,31553.8,31912.9
2.163,0.5,-0.5,1,0.533923,-0.728287,-0.533923,0.728287,0.994167,0.240096,31914,32554,31618,31914
2.164,0.5,-0.5,1,0.533188,-0.734327,-0.533188,0.734327,0.9944,0.232848,31915.2,32489.4,31680.1,31915.2
2.165,0.5,-0.5,1,0.532449,-0.73945,-0.532449,0.73945,0.994626,0.225735,31916.5,32426.7,31740.3,31916.5
2.166,0.5,-0.5,1,0.531705,-0.743683,-0.531705,0.743683,0.994845,0.218758,31917.8,32365.8,31798.6,31917.8
2.167,0.5,-0.5,1,0.530958,-0.747054,-0.530958,0.747054,0.995057,0.211916,31919.2,32306.7,31855,31919.2
2.168,0.5,-0.5,1,0.530208,-0.749591,-0.530208,0.749591,0.995262,0.205209,31920.6,32249.4,31909.4,31920.6
2.169,0.5,-0.5,1,0.529457,-0.751321,-0.529457,0.751321,0.995461,0.198637,31922.1,32193.9,31962,31922.1
2.17,0.5,-0.5,1,0.528705,-0.752273,-0.528705,0.752273,0.995653,0.1922,31923.6,32140.1,32012.7,31923.6
2.171,0.5,-0.5,1,0.527952,-0.752471,-0.527952,0.752471,0.995839,0.185898,31925.2,32088.1,32061.5,31925.2
2.172,0.5,-0.5,1,0.5272,-0.751945,-0.5272,0.751945,0.996018,0.179732,31926.8,32037.9,32108.5,31926.8
2.173,0.5,-0.5,1,0.52645,-0.750719,-0.52645,0.750719,0.996192,0.173701,31928.4,31989.4,32153.7,31928.4
2.174,0.5,-0.5,1,0.525701,-0.748821,-0.525701,0.748821,0.99636,0.167805,31930.1,31942.7,32197.1,31930.1
2.175,0.5,-0.5,1,0.524955,-0.746276,-0.524955,0.746276,0.996522,0.162045,31931.8,31897.6,32238.7,31931.8
2.176,0.5,-0.5,1,0.524212,-0.743111,-0.524212,0.743111,0.996678,0.15642,31933.6,31854.2,32278.6,31933.6
2.177,0.5,-0.5,1,0.523472,-0.739349,-0.523472,0.739349,0.996829,0.150929,31935.3,31812.6,32316.8,31935.3
2.178,0.5,-0.5,1,0.522737,-0.735017,-0.522737,0.735017,0.996975,0.145573,31937.1,31772.5,32353.3,31937.1
2.179,0.5,-0.5,1,0.522007,-0.730139,-0.522007,0.730139,0.997115,0.140351,31938.8,31734.1,32388.2,31938.8
2.18,0.5,-0.5,1,0.521282,-0.724739,-0.521282,0.724739,0.99725,0.135263,31940.6,31697.4,32421.4,31940.6
2.181,0.5,-0.5,1,0.520563,-0.718841,-0.520563,0.718841,0.997381,0.130309,31942.4,31662.2,32453.1,31942.4
2.182,0.5,-0.5,1,0.519851,-0.712468,-0.519851,0.712468,0.997506,0.125486,31944.2,31628.6,32483.1,31944.2
2.183,0.5,-0.5,1,0.519145,-0.705644,-0.519145,0.705644,0.997627,0.120795,31945.9,31596.5,32511.6,31945.9
2.184,0.5,-0.5,1,0.518447,-0.698392,-0.518447,0.698392,0.997743,0.116235,31947.7,31566,32538.6,31947.7
2.185,0.5,-0.5,1,0.517756,-0.690733,-0.517756,0.690733,0.997855,0.111805,31949.5,31536.9,32564.2,31949.5
2.186,0.5,-0.5,1,0.517074,-0.68269,-0.517074,0.68269,0.997963,0.107503,31951.2,31509.4,32588.2,31951.2
2.187,0.5,-0.5,1,0.516399,-0.674283,-0.516399,0.674283,0.998066,0.103329,31952.9,31483.3,32610.9,31952.9
2.188,0.5,-0.5,1,0.515734,-0.665535,-0.515734,0.665535,0.998165,0.0992806,31954.6,31458.6,32632.1,31954.6
2.189,0.5,-0.5,1,0.515077,-0.656465,-0.515077,0.656465,0.998261,0.095357,31956.3,31435.3,32652,31956.3
2.19,0.5,-0.5,1,0.51443,-0.647095,-0.51443,0.647095,0.998352,0.0915565,31958,31413.5,32670.6,31958
2.191,0.5,-0.5,1,0.513793,-0.637442,-0.513793,0.637442,0.99844,0.0878776,31959.6,31392.9,32687.9,31959.6
2.192,0.5,-0.5,1,0.513165,-0.627528,-0.513165,0.627528,0.998524,0.0843185,31961.2,31373.7,32703.9,31961.2
2.193,0.5,-0.5,1,0.512548,-0.61737,-0.512548,0.61737,0.998605,0.0808774,31962.8,31355.8,32718.7,31962.8
2.194,0.5,-0.5,1,0.511941,-0.606988,-0.511941,0.606988,0.998683,0.0775524,31964.3,31339.1,32732.3,31964.3
2.195,0.5,-0.5,1,0.511344,-0.596398,-0.511344,0.596398,0.998757,0.0743416,31965.8,31323.7,32744.7,31965.8
2.196,0.5,-0.5,1,0.510759,-0.585619,-0.510759,0.585619,0.998828,0.071243,31967.3,31309.4,32756,31967.3
2.197,0.5,-0.5,1,0.510184,-0.574668,-0.510184,0.574668,0.998897,0.0682544,31968.7,31296.4,32766.1,31968.7
2.198,0.5,-0.5,1,0.509621,-0.56356,-0.509621,0.56356,0.998962,0.0653738,31970.1,31284.5,32775.2,31970.1
2.199,0.5,-0.5,1,0.509068,-0.552313,-0.509068,0.552313,0.999025,0.0625988,31971.5,31273.7,32783.2,31971.5
2.2,0.5,-0.5,1,0.508527,-0.540942,-0.508527,0.540942,0.999084,0.0599273,31972.8,31264.1,32790.3,31972.8
2.201,0.5,-0.5,1,0.507998,-0.529463,-0.507998,0.529463,0.999142,0.0573569,31974.1,31255.5,32796.3,31974.1
2.202,0.5,-0.5,1,0.50748,-0.51789,-0.50748,0.51789,0.999197,0.0548853,31975.4,31247.9,32801.4,31975.4
2.203,0.5,-0.5,1,0.506974,-0.506237,-0.506974,0.506237,0.999249,0.0525101,31976.6,31241.3,32805.5,31976.6
2.204,0.5,-0.5,1,0.506479,-0.494518,-0.506479,0.494518,0.999299,0.0502289,31977.7,31235.7,32808.8,31977.7
2.205,0.5,-0.5,1,0.505996,-0.482748,-0.505996,0.482748,0.999347,0.0480393,31978.9,31231.1,32811.2,31978.9
2.206,0.5,-0.5,1,0.505526,-0.470939,-0.505526,0.470939,0.999393,0.0459387,31980,31227.3,32812.7,31980
2.207,0.5,-0.5,1,0.505066,-0.459103,-0.505066,0.459103,0.999437,0.0439248,31981,31224.5,32813.5,31981
2.208,0.5,-0.5,1,0.504619,-0.447253,-0.504619,0.447253,0.999479,0.041995,31982,31222.5,32813.4,31982
2.209,0.5,-0.5,1,0.504184,-0.435401,-0.504184,0.435401,0.999519,0.0401469,31983,31221.3,32812.6,31983
2.21,0.5,-0.5,1,0.50376,-0.423558,-0.50376,0.423558,0.999558,0.038378,31983.9,31221,32811.1,31983.9
2.211,0.5,-0.5,1,0.503348,-0.411735,-0.503348,0.411735,0.999595,0.0366859,31984.8,31221.4,32808.9,31984.8
2.212,0.5,-0.5,1,0.502949,-0.399942,-0.502949,0.399942,0.99963,0.035068,31985.7,31222.6,32806,31985.7
2.213,0.5,-0.5,1,0.50256,-0.38819,-0.50256,0.38819,0.999663,0.0335219,31986.5,31224.5,32802.5,31986.5
2.214,0.5,-0.5,1,0.502184,-0.376489,-0.502184,0.376489,0.999695,0.0320453,31987.3,31227.1,32798.4,31987.3
2.215,0.5,-0.5,1,0.501819,-0.364847,-0.501819,0.364847,0.999726,0.0306357,31988,31230.3,32793.6,31988
2.216,0.5,-0.5,1,0.501466,-0.353274,-0.501466,0.353274,0.999755,0.0292906,31988.7,31234.2,32788.3,31988.7
2.217,0.5,-0.5,1,0.501124,-0.341778,-0.501124,0.341778,0.999783,0.0280079,31989.4,31238.7,32782.5,31989.4
2.218,0.5,-0.5,1,0.500794,-0.330367,-0.500794,0.330367,0.99981,0.0267851,31990.1,31243.7,32776.1,31990.1
2.219,0.5,-0.5,1,0.500475,-0.319049,-0.500475,0.319049,0.999836,0.0256199,31990.7,31249.4,32769.3,31990.7
2.22,0.5,-0.5,1,0.500167,-0.307833,-0.500167,0.307833,0.99986,0.0245102,31991.3,31255.5,32761.9,31991.3
2.221,0.5,-0.5,1,0.49987,-0.296723,-0.49987,0.296723,0.999883,0.0234537,31991.8,31262.2,32754.2,31991.8
2.222,0.5,-0.5,1,0.499584,-0.285729,-0.499584,0.285729,0.999906,0.0224483,31992.3,31269.4,32746,31992.3
2.223,0.5,-0.5,1,0.499309,-0.274855,-0.499309,0.274855,0.999927,0.0214918,31992.8,31277,32737.4,31992.8
2.224,0.5,-0.5,1,0.499045,-0.264108,-0.499045,0.264108,0.999948,0.0205822,31993.3,31285,32728.4,31993.3
2.225,0.5,-0.5,1,0.498792,-0.253493,-0.498792,0.253493,0.999968,0.0197175,31993.7,31293.5,32719.1,31993.7
2.226,0.5,-0.5,1,0.498549,-0.243016,-0.498549,0.243016,0.999987,0.0188956,31994.1,31302.3,32709.5,31994.1
2.227,0.5,-0.5,1,0.498316,-0.232683,-0.498316,0.232683,1,0.0181147,31994.5,31311.5,32699.5,31994.5
2.228,0.5,-0.5,1,0.498094,-0.222496,-0.498094,0.222496,1.00002,0.0173728,31994.8,31321.1,32689.2,31994.8
2.229,0.5,-0.5,1,0.497881,-0.212462,-0.497881,0.212462,1.00004,0.0166683,31995.2,31331,32678.7,31995.2
2.23,0.5,-0.5,1,0.497679,-0.202585,-0.497679,0.202585,1.00005,0.0159992,31995.5,31341.1,32667.9,31995.5
2.231,0.5,-0.5,1,0.497486,-0.192867,-0.497486,0.192867,1.00007,0.0153639,31995.8,31351.6,32656.8,31995.8
2.232,0.5,-0.5,1,0.497302,-0.183312,-0.497302,0.183312,1.00008,0.0147608,31996.1,31362.3,32645.6,31996.1
2.233,0.5,-0.5,1,0.497128,-0.173925,-0.497128,0.173925,1.0001,0.0141882,31996.3,31373.2,32634.2,31996.3
2.234,0.5,-0.5,1,0.496964,-0.164707,-0.496964,0.164707,1.00011,0.0136447,31996.5,31384.4,32622.5,31996.5
2.235,0.5,-0.5,1,0.496808,-0.155662,-0.496808,0.155662,1.00013,0.0131286,31996.8,31395.8,32610.7,31996.8
2.236,0.5,-0.5,1,0.496661,-0.146791,-0.496661,0.146791,1.00014,0.0126386,31997,31407.3,32598.8,31997
2.237,0.5,-0.5,1,0.496523,-0.138098,-0.496523,0.138098,1.00015,0.0121732,31997.1,31419,32586.7,31997.1
2.238,0.5,-0.5,1,0.496394,-0.129584,-0.496394,0.129584,1.00016,0.0117313,31997.3,31430.9,32574.5,31997.3
2.239,0.5,-0.5,1,0.496272,-0.12125,-0.496272,0.12125,1.00017,0.0113114,31997.5,31442.8,32562.2,31997.5
2.24,0.5,-0.5,1,0.496159,-0.113099,-0.496159,0.113099,1.00018,0.0109124,31997.6,31454.9,32549.8,31997.6
2.241,0.5,-0.5,1,0.496054,-0.105131,-0.496054,0.105131,1.0002,0.010533,31997.7,31467.1,32537.4,31997.7
2.242,0.5,-0.5,1,0.495957,-0.0973483,-0.495957,0.0973483,1.00021,0.0101723,31997.9,31479.4,32524.9,31997.9
2.243,0.5,-0.5,1,0.495867,-0.0897504,-0.495867,0.0897504,1.00022,0.00982899,31998,31491.7,32512.3,31998
2.244,0.5,-0.5,1,0.495785,-0.0823385,-0.495785,0.0823385,1.00022,0.0095022,31998.1,31504.1,32499.8,31998.1
2.245,0.5,-0.5,1,0.49571,-0.075113,-0.49571,0.075113,1.00023,0.00919092,31998.1,31516.6,32487.1,31998.1
2.246,0.5,-0.5,1,0.495642,-0.068074,-0.495642,0.068074,1.00024,0.00889422,31998.2,31529,32474.5,31998.2
2.247,0.5,-0.5,1,0.49558,-0.0612217,-0.49558,0.0612217,1.00025,0.00861121,31998.3,31541.5,32461.9,31998.3
2.248,0.5,-0.5,1,0.495526,-0.0545558,-0.495526,0.0545558,1.00026,0.00834108,31998.4,31553.9,32449.3,31998.4
2.249,0.5,-0.5,1,0.495478,-0.0480761,-0.495478,0.0480761,1.00027,0.00808302,31998.4,31566.4,32436.8,31998.4
2.25,0.5,-0.5,1,0.495436,-0.0417821,-0.495436,0.0417821,1.00028,0.00783629,31998.5,31578.8,32424.3,31998.5
2.251,0.5,-0.5,1,0.4954,-0.0356732,-0.4954,0.0356732,1.00028,0.00760017,31998.5,31591.2,32411.8,31998.5
2.252,0.5,-0.5,1,0.49537,-0.0297485,-0.49537,0.0297485,1.00029,0.00737401,31998.6,31603.5,32399.4,31998.6
2.253,0.5,-0.5,1,0.495346,-0.0240071,-0.495346,0.0240071,1.0003,0.00715717,31998.6,31615.8,32387,31998.6
2.254,0.5,-0.5,1,0.495328,-0.018448,-0.495328,0.018448,1.0003,0.00694906,31998.6,31628,32374.8,31998.6
2.255,0.5,-0.5,1,0.495315,-0.0130699,-0.495315,0.0130699,1.00031,0.00674912,31998.6,31640.1,32362.6,31998.6
2.256,0.5,-0.5,1,0.495307,-0.00787139,-0.495307,0.00787139,1.00032,0.00655682,31998.7,31652.2,32350.5,31998.7
2.257,0.5,-0.5,1,0.495304,-0.00285114,-0.495304,0.00285114,1.00032,0.00637169,31998.7,31664.1,32338.5,31998.7
2.258,0.5,-0.5,1,0.495306,0.00199249,-0.495306,-0.00199249,1.00033,0.00619325,31998.7,31676,32326.6,31998.7
2.259,0.5,-0.5,1,0.495313,0.0066612,-0.495313,-0.0066612,1.00034,0.00602108,31998.7,31687.7,32314.8,31998.7
2.26,0.5,-0.5,1,0.495324,0.0111568,-0.495324,-0.0111568,1.00034,0.00585478,31998.7,31699.3,32303.2,31998.7
2.261,0.5,-0.5,1,0.49534,0.0154812,-0.49534,-0.0154812,1.00035,0.00569398,31998.7,31710.8,32291.7,31998.7
2.262,0.5,-0.5,1,0.495359,0.0196363,-0.495359,-0.0196363,1.00035,0.00553834,31998.8,31722.2,32280.3,31998.8
2.263,0.5,-0.5,1,0.495383,0.0236243,-0.495383,-0.0236243,1.00036,0.00538752,31998.8,31733.4,32269.1,31998.8
2.264,0.5,-0.5,1,0.49541,0.0274474,-0.49541,-0.0274474,1.00036,0.00524124,31998.8,31744.4,32258,31998.8
2.265,0.5,-0.5,1,0.495441,0.0311077,-0.495441,-0.0311077,1.00037,0.00509923,31998.8,31755.4,32247.1,31998.8
2.266,0.5,-0.5,1,0.495476,0.0346077,-0.495476,-0.0346077,1.00037,0.00496121,31998.8,31766.1,32236.3,31998.8
2.267,0.5,-0.5,1,0.495514,0.0379497,-0.495514,-0.0379497,1.00038,0.00482697,31998.8,31776.7,32225.7,31998.8
2.268,0.5,-0.5,1,0.495555,0.0411361,-0.495555,-0.0411361,1.00038,0.00469629,31998.8,31787.2,32215.2,31998.8
2.269,0.5,-0.5,1,0.495599,0.0441695,-0.495599,-0.0441695,1.00039,0.00456897,31998.8,31797.4,32204.9,31998.8
2.27,0.5,-0.5,1,0.495646,0.0470525,-0.495646,-0.0470525,1.00039,0.00444484,31998.8,31807.5,32194.8,31998.8
2.271,0.5,-0.5,1,0.495696,0.0497877,-0.495696,-0.0497877,1.0004,0.00432372,31998.8,31817.5,32184.9,31998.8
2.272,0.5,-0.5,1,0.495748,0.0523778,-0.495748,-0.0523778,1.0004,0.00420547,31998.8,31827.2,32175.1,31998.8
2.273,0.5,-0.5,1,0.495803,0.0548255,-0.495803,-0.0548255,1.00041,0.00408995,31998.8,31836.8,32165.6,31998.8
2.274,0.5,-0.5,1,0.49586,0.0571335,-0.49586,-0.0571335,1.00041,0.00397705,31998.8,31846.1,32156.2,31998.8
2.275,0.5,-0.5,1,0.49592,0.0593046,-0.49592,-0.0593046,1.00041,0.00386664,31998.9,31855.3,32147,31998.9
2.276,0.5,-0.5,1,0.495981,0.0613417,-0.495981,-0.0613417,1.00042,0.00375863,31998.9,31864.3,32138,31998.9
2.277,0.5,-0.5,1,0.496044,0.0632476,-0.496044,-0.0632476,1.00042,0.00365293,31998.9,31873.1,32129.1,31998.9
2.278,0.5,-0.5,1,0.496109,0.0650252,-0.496109,-0.0650252,1.00042,0.00354945,31998.9,31881.7,32120.5,31998.9
2.279,0.5,-0.5,1,0.496176,0.0666774,-0.496176,-0.0666774,1.00043,0.00344813,31998.9,31890.1,32112.1,31998.9
2.28,0.5,-0.5,1,0.496244,0.068207,-0.496244,-0.068207,1.00043,0.0033489,31998.9,31898.4,32103.8,31998.9
2.281,0.5,-0.5,1,0.496314,0.069617,-0.496314,-0.069617,1.00043,0.0032517,31998.9,31906.4,32095.8,31998.9
2.282,0.5,-0.5,1,0.496385,0.0709103,-0.496385,-0.0709103,1.00044,0.00315648,31998.9,31914.2,32087.9,31998.9
2.283,0.5,-0.5,1,0.496457,0.0720899,-0.496457,-0.0720899,1.00044,0.0030632,31998.9,31921.8,32080.3,31998.9
2.284,0.5,-0.5,1,0.49653,0.0731587,-0.49653,-0.0731587,1.00044,0.00297181,31999,31929.3,32072.8,31999
2.285,0.5,-0.5,1,0.496604,0.0741196,-0.496604,-0.0741196,1.00045,0.00288229,31999,31936.5,32065.6,31999
2.286,0.5,-0.5,1,0.496679,0.0749756,-0.496679,-0.0749756,1.00045,0.0027946,31999,31943.5,32058.5,31999
2.287,0.5,-0.5,1,0.496755,0.0757297,-0.496755,-0.0757297,1.00045,0.00270871,31999,31950.4,32051.6,31999
2.288,0.5,-0.5,1,0.496831,0.0763846,-0.496831,-0.0763846,1.00045,0.0026246,31999,31957,32045,31999
2.289,0.5,-0.5,1,0.496908,0.0769434,-0.496908,-0.0769434,1.00046,0.00254225,31999,31963.4,32038.5,31999
2.29,0.5,-0.5,1,0.496985,0.0774089,-0.496985,-0.0774089,1.00046,0.00246163,31999.1,31969.7,32032.2,31999.1
2.291,0.5,-0.5,1,0.497063,0.0777841,-0.497063,-0.0777841,1.00046,0.00238274,31999.1,31975.7,32026.1,31999.1
2.292,0.5,-0.5,1,0.497141,0.0780718,-0.497141,-0.0780718,1.00046,0.00230556,31999.1,31981.6,32020.2,31999.1
2.293,0.5,-0.5,1,0.49722,0.0782749,-0.49722,-0.0782749,1.00047,0.00223007,31999.1,31987.3,32014.5,31999.1
2.294,0.5,-0.5,1,0.497298,0.0783961,-0.497298,-0.0783961,1.00047,0.00215627,31999.1,31992.7,32009,31999.1
2.295,0.5,-0.5,1,0.497376,0.0784384,-0.497376,-0.0784384,1.00047,0.00208413,31999.1,31998,32003.7,31999.1
2.296,0.5,-0.5,1,0.497455,0.0784044,-0.497455,-0.0784044,1.00047,0.00201366,31999.2,32003.1,31998.6,31999.2
2.297,0.5,-0.5,1,0.497533,0.078297,-0.497533,-0.078297,1.00047,0.00194483,31999.2,32008,31993.6,31999.2
2.298,0.5,-0.5,1,0.497611,0.0781188,-0.497611,-0.0781188,1.00048,0.00187764,31999.2,32012.8,31988.8,31999.2
2.299,0.5,-0.5,1,0.497689,0.0778726,-0.497689,-0.0778726,1.00048,0.00181208,31999.2,32017.3,31984.2,31999.2
2.3,0.5,-0.5,1,0.497767,0.077561,-0.497767,-0.077561,1.00048,0.00174814,31999.2,32021.7,31979.8,31999.2
2.301,0.5,-0.5,1,0.497844,0.0771867,-0.497844,-0.0771867,1.00048,0.00168581,31999.3,32025.9,31975.6,31999.3
2.302,0.5,-0.5,1,0.497921,0.0767522,-0.497921,-0.0767522,1.00048,0.00162507,31999.3,32029.9,31971.5,31999.3
2.303,0.5,-0.5,1,0.497997,0.0762601,-0.497997,-0.0762601,1.00049,0.00156591,31999.3,32033.7,31967.6,31999.3
2.304,0.5,-0.5,1,0.498073,0.075713,-0.498073,-0.075713,1.00049,0.00150833,31999.3,32037.4,31963.9,31999.3
2.305,0.5,-0.5,1,0.498148,0.0751133,-0.498148,-0.0751133,1.00049,0.00145231,31999.3,32040.9,31960.4,31999.3
2.306,0.5,-0.5,1,0.498222,0.0744635,-0.498222,-0.0744635,1.00049,0.00139783,31999.4,32044.3,31957,31999.4
2.307,0.5,-0.5,1,0.498296,0.0737659,-0.498296,-0.0737659,1.00049,0.00134488,31999.4,32047.5,31953.8,31999.4
2.308,0.5,-0.5,1,0.498369,0.0730231,-0.498369,-0.0730231,1.00049,0.00129345,31999.4,32050.5,31950.7,31999.4
2.309,0.5,-0.5,1,0.498441,0.0722372,-0.498441,-0.0722372,1.00049,0.00124352,31999.4,32053.4,31947.8,31999.4
2.31,0.5,-0.5,1,0.498513,0.0714105,-0.498513,-0.0714105,1.00049,0.00119507,31999.4,32056.1,31945,31999.4
2.311,0.5,-0.5,1,0.498583,0.0705454,-0.498583,-0.0705454,1.0005,0.00114809,31999.5,32058.6,31942.4,31999.5
2.312,0.5,-0.5,1,0.498653,0.069644,-0.498653,-0.069644,1.0005,0.00110256,31999.5,32061.1,31940,31999.5
2.313,0.5,-0.5,1,0.498722,0.0687085,-0.498722,-0.0687085,1.0005,0.00105845,31999.5,32063.3,31937.7,31999.5
2.314,0.5,-0.5,1,0.498789,0.0677409,-0.498789,-0.0677409,1.0005,0.00101575,31999.5,32065.5,31935.5,31999.5
2.315,0.5,-0.5,1,0.498856,0.0667434,-0.498856,-0.0667434,1.0005,0.000974437,31999.5,32067.5,31933.5,31999.5
2.316,0.5,-0.5,1,0.498922,0.0657179,-0.498922,-0.0657179,1.0005,0.000934488,31999.6,32069.3,31931.6,31999.6
2.317,0.5,-0.5,1,0.498986,0.0646665,-0.498986,-0.0646665,1.0005,0.000895881,31999.6,32071,31929.8,31999.6
2.318,0.5,-0.5,1,0.49905,0.063591,-0.49905,-0.063591,1.0005,0.000858593,31999.6,32072.6,31928.2,31999.6
2.319,0.5,-0.5,1,0.499112,0.0624934,-0.499112,-0.0624934,1.0005,0.0008226,31999.6,32074.1,31926.7,31999.6
2.32,0.5,-0.5,1,0.499174,0.0613755,-0.499174,-0.0613755,1.0005,0.000787877,31999.6,32075.5,31925.3,31999.6
2.321,0.5,-0.5,1,0.499234,0.060239,-0.499234,-0.060239,1.0005,0.000754398,31999.6,32076.7,31924,31999.6
2.322,0.5,-0.5,1,0.499293,0.0590858,-0.499293,-0.0590858,1.00051,0.000722139,31999.7,32077.8,31922.9,31999.7
2.323,0.5,-0.5,1,0.499351,0.0579175,-0.499351,-0.0579175,1.00051,0.000691074,31999.7,32078.8,31921.8,31999.7
2.324,0.5,-0.5,1,0.499408,0.0567357,-0.499408,-0.0567357,1.00051,0.000661174,31999.7,32079.7,31920.9,31999.7
2.325,0.5,-0.5,1,0.499463,0.0555421,-0.499463,-0.0555421,1.00051,0.000632414,31999.7,32080.5,31920.1,31999.7
2.326,0.5,-0.5,1,0.499518,0.0543383,-0.499518,-0.0543383,1.00051,0.000604766,31999.7,32081.1,31919.4,31999.7
2.327,0.5,-0.5,1,0.499571,0.0531257,-0.499571,-0.0531257,1.00051,0.000578202,31999.7,32081.7,31918.8,31999.7
2.328,0.5,-0.5,1,0.499623,0.0519058,-0.499623,-0.0519058,1.00051,0.000552695,31999.7,32082.2,31918.3,31999.7
2.329,0.5,-0.5,1,0.499673,0.05068,-0.499673,-0.05068,1.00051,0.000528217,31999.8,32082.6,31917.9,31999.8
2.33,0.5,-0.5,1,0.499723,0.0494498,-0.499723,-0.0494498,1.00051,0.000504739,31999.8,32082.9,31917.6,31999.8
2.331,0.5,-0.5,1,0.499771,0.0482164,-0.499771,-0.0482164,1.00051,0.000482233,31999.8,32083.1,31917.4,31999.8
2.332,0.5,-0.5,1,0.499818,0.0469811,-0.499818,-0.0469811,1.00051,0.000460672,31999.8,32083.2,31917.2,31999.8
2.333,0.5,-0.5,1,0.499864,0.0457452,-0.499864,-0.0457452,1.00051,0.000440026,31999.8,32083.2,31917.2,31999.8
2.334,0.5,-0.5,1,0.499908,0.0445099,-0.499908,-0.0445099,1.00051,0.000420267,31999.8,32083.2,31917.2,31999.8
2.335,0.5,-0.5,1,0.499952,0.0432763,-0.499952,-0.0432763,1.00051,0.000401369,31999.8,32083,31917.3,31999.8
2.336,0.5,-0.5,1,0.499994,0.0420456,-0.499994,-0.0420456,1.00051,0.000383302,31999.8,32082.8,31917.5,31999.8
2.337,0.5,-0.5,1,0.500034,0.0408188,-0.500034,-0.0408188,1.00051,0.000366039,31999.8,32082.6,31917.7,31999.8
2.338,0.5,-0.5,1,0.500074,0.0395969,-0.500074,-0.0395969,1.00051,0.000349553,31999.9,32082.2,31918.1,31999.9
2.339,0.5,-0.5,1,0.500112,0.0383809,-0.500112,-0.0383809,1.00051,0.000333817,31999.9,32081.8,31918.5,31999.9
2.34,0.5,-0.5,1,0.50015,0.0371719,-0.50015,-0.0371719,1.00051,0.000318804,31999.9,32081.3,31918.9,31999.9
2.341,0.5,-0.5,1,0.500186,0.0359706,-0.500186,-0.0359706,1.00051,0.000304487,31999.9,32080.8,31919.4,31999.9
2.342,0.5,-0.5,1,0.50022,0.0347779,-0.50022,-0.0347779,1.00051,0.000290841,31999.9,32080.2,31920,31999.9
2.343,0.5,-0.5,1,0.500254,0.0335947,-0.500254,-0.0335947,1.00052,0.000277839,31999.9,32079.6,31920.6,31999.9
2.344,0.5,-0.5,1,0.500286,0.0324218,-0.500286,-0.0324218,1.00052,0.000265457,31999.9,32078.9,31921.3,31999.9
2.345,0.5,-0.5,1,0.500318,0.0312599,-0.500318,-0.0312599,1.00052,0.00025367,31999.9,32078.1,31922.1,31999.9
2.346,0.5,-0.5,1,0.500348,0.0301098,-0.500348,-0.0301098,1.00052,0.000242454,31999.9,32077.3,31922.8,31999.9
2.347,0.5,-0.5,1,0.500377,0.028972,-0.500377,-0.028972,1.00052,0.000231784,31999.9,32076.5,31923.7,31999.9
2.348,0.5,-0.5,1,0.500405,0.0278473,-0.500405,-0.0278473,1.00052,0.000221639,31999.9,32075.6,31924.5,31999.9
2.349,0.5,-0.5,1,0.500431,0.0267362,-0.500431,-0.0267362,1.00052,0.000211995,31999.9,32074.7,31925.4,31999.9
2.35,0.5,-0.5,1,0.500457,0.0256393,-0.500457,-0.0256393,1.00052,0.00020283,31999.9,32073.7,31926.4,31999.9
2.351,0.5,-0.5,1,0.500482,0.0245572,-0.500482,-0.0245572,1.00052,0.000194122,31999.9,32072.7,31927.4,31999.9
2.352,0.5,-0.5,1,0.500505,0.0234904,-0.500505,-0.0234904,1.00052,0.000185851,31999.9,32071.7,31928.4,31999.9
2.353,0.5,-0.5,1,0.500527,0.0224393,-0.500527,-0.0224393,1.00052,0.000177997,31999.9,32070.7,31929.5,31999.9
2.354,0.5,-0.5,1,0.500549,0.0214044,-0.500549,-0.0214044,1.00052,0.00017054,31999.9,32069.6,31930.5,31999.9
2.355,0.5,-0.5,1,0.500569,0.020386,-0.500569,-0.020386,1.00052,0.00016346,32000,32068.4,31931.6,32000
2.356,0.5,-0.5,1,0.500589,0.0193846,-0.500589,-0.0193846,1.00052,0.00015674,32000,32067.3,31932.8,32000
2.357,0.5,-0.5,1,0.500607,0.0184005,-0.500607,-0.0184005,1.00052,0.00015036,32000,32066.1,31933.9,32000
2.358,0.5,-0.5,1,0.500624,0.0174341,-0.500624,-0.0174341,1.00052,0.000144305,32000,32065,31935.1,32000
2.359,0.5,-0.5,1,0.500641,0.0164855,-0.500641,-0.0164855,1.00052,0.000138557,32000,32063.7,31936.3,32000
2.36,0.5,-0.5,1,0.500657,0.0155551,-0.500657,-0.0155551,1.00052,0.000133101,32000,32062.5,31937.5,32000
2.361,0.5,-0.5,1,0.500671,0.0146432,-0.500671,-0.0146432,1.00052,0.000127921,32000,32061.3,31938.8,32000
2.362,0.5,-0.5,1,0.500685,0.0137498,-0.500685,-0.0137498,1.00052,0.000123002,32000,32060,31940,32000
2.363,0.5,-0.5,1,0.500698,0.0128753,-0.500698,-0.0128753,1.00052,0.000118329,32000,32058.8,31941.3,32000
2.364,0.5,-0.5,1,0.50071,0.0120197,-0.50071,-0.0120197,1.00052,0.00011389,32000,32057.5,31942.6,32000
2.365,0.5,-0.5,1,0.500721,0.0111833,-0.500721,-0.0111833,1.00052,0.000109671,32000,32056.2,31943.8,32000
2.366,0.5,-0.5,1,0.500731,0.0103661,-0.500731,-0.0103661,1.00052,0.00010566,32000,32054.9,31945.1,32000
2.367,0.5,-0.5,1,0.500741,0.00956815,-0.500741,-0.00956815,1.00052,0.000101845,32000,32053.6,31946.4,32000
2.368,0.5,-0.5,1,0.50075,0.00878963,-0.50075,-0.00878963,1.00052,9.82138e-05,32000,32052.3,31947.7,32000
2.369,0.5,-0.5,1,0.500758,0.00803054,-0.500758,-0.00803054,1.00052,9.47562e-05,32000,32051,31949,32000
2.37,0.5,-0.5,1,0.500765,0.00729091,-0.500765,-0.00729091,1.00052,9.14618e-05,32000,32049.7,31950.3,32000
2.371,0.5,-0.5,1,0.500772,0.00657076,-0.500772,-0.00657076,1.00052,8.83207e-05,32000,32048.4,31951.6,32000
2.372,0.5,-0.5,1,0.500777,0.00587007,-0.500777,-0.00587007,1.00052,8.53236e-05,32000,32047.1,31953,32000
2.373,0.5,-0.5,1,0.500783,0.00518881,-0.500783,-0.00518881,1.00052,8.24617e-05,32000,32045.8,31954.3,32000
2.374,0.5,-0.5,1,0.500787,0.00452694,-0.500787,-0.00452694,1.00052,7.97265e-05,32000,32044.5,31955.6,32000
2.375,0.5,-0.5,1,0.500791,0.0038844,-0.500791,-0.0038844,1.00052,7.71103e-05,32000,32043.2,31956.9,32000
2.376,0.5,-0.5,1,0.500794,0.0032611,-0.500794,-0.0032611,1.00052,7.46055e-05,32000,32041.9,31958.2,32000
2.377,0.5,-0.5,1,0.500797,0.00265697,-0.500797,-0.00265697,1.00052,7.2205e-05,32000,32040.6,31959.4,32000
2.378,0.5,-0.5,1,0.500799,0.00207187,-0.500799,-0.00207187,1.00052,6.99022e-05,32000,32039.3,31960.7,32000
2.379,0.5,-0.5,1,0.500801,0.0015057,-0.500801,-0.0015057,1.00052,6.7691e-05,32000,32038,31962,32000
2.38,0.5,-0.5,1,0.500802,0.000958318,-0.500802,-0.000958318,1.00052,6.55653e-05,32000,32036.8,31963.2,32000
2.381,0.5,-0.5,1,0.500802,0.00042957,-0.500802,-0.00042957,1.00052,6.35198e-05,32000,32035.5,31964.5,32000
2.382,0.5,-0.5,1,0.500802,-8.07035e-05,-0.500802,8.07035e-05,1.00052,6.15493e-05,32000,32034.3,31965.7,32000
2.383,0.5,-0.5,1,0.500801,-0.000572677,-0.500801,0.000572677,1.00052,5.96489e-05,32000,32033.1,31967,32000
2.384,0.5,-0.5,1,0.5008,-0.00104653,-0.5008,0.00104653,1.00052,5.78143e-05,32000,32031.8,31968.2,32000
2.385,0.5,-0.5,1,0.500799,-0.00150247,-0.500799,0.00150247,1.00052,5.60412e-05,32000,32030.6,31969.4,32000
2.386,0.5,-0.5,1,0.500797,-0.0019407,-0.500797,0.0019407,1.00052,5.43258e-05,32000,32029.4,31970.6,32000
2.387,0.5,-0.5,1,0.500794,-0.00236143,-0.500794,0.00236143,1.00052,5.26643e-05,32000,32028.3,31971.8,32000
2.388,0.5,-0.5,1,0.500792,-0.00276488,-0.500792,0.00276488,1.00052,5.10536e-05,32000,32027.1,31972.9,32000
2.389,0.5,-0.5,1,0.500789,-0.00315129,-0.500789,0.00315129,1.00052,4.94905e-05,32000,32026,31974.1,32000
2.39,0.5,-0.5,1,0.500785,-0.0035209,-0.500785,0.0035209,1.00052,4.79722e-05,32000,32024.8,31975.2,32000
2.391,0.5,-0.5,1,0.500781,-0.00387396,-0.500781,0.00387396,1.00052,4.64959e-05,32000,32023.7,31976.3,32000
2.392,0.5,-0.5,1,0.500777,-0.00421072,-0.500777,0.00421072,1.00052,4.50594e-05,32000,32022.6,31977.4,32000
2.393,0.5,-0.5,1,0.500772,-0.00453145,-0.500772,0.00453145,1.00052,4.36604e-05,32000,32021.6,31978.5,32000
2.394,0.5,-0.5,1,0.500768,-0.0048364,-0.500768,0.0048364,1.00052,4.22969e-05,32000,32020.5,31979.5,32000
2.395,0.5,-0.5,1,0.500762,-0.00512586,-0.500762,0.00512586,1.00052,4.09669e-05,32000,32019.5,31980.6,32000
2.396,0.5,-0.5,1,0.500757,-0.00540011,-0.500757,0.00540011,1.00052,3.96689e-05,32000,32018.4,31981.6,32000
2.397,0.5,-0.5,1,0.500751,-0.00565941,-0.500751,0.00565941,1.00052,3.84012e-05,32000,32017.4,31982.6,32000
2.398,0.5,-0.5,1,0.500745,-0.00590407,-0.500745,0.00590407,1.00052,3.71626e-05,32000,32016.4,31983.6,32000
2.399,0.5,-0.5,1,0.500739,-0.00613437,-0.500739,0.00613437,1.00052,3.59516e-05,32000,32015.5,31984.5,32000
2.4,0.5,-0.5,1,0.500733,-0.0063506,-0.500733,0.0063506,1.00052,3.47673e-05,32000,32014.5,31985.5,32000
2.401,0.5,-0.5,1,0.500726,-0.00655307,-0.500726,0.00655307,1.00052,3.36084e-05,32000,32013.6,31986.4,32000
2.402,0.5,-0.5,1,0.50072,-0.00674206,-0.50072,0.00674206,1.00052,3.24743e-05,32000,32012.7,31987.3,32000
2.403,0.5,-0.5,1,0.500713,-0.00691789,-0.500713,0.00691789,1.00052,3.13639e-05,32000,32011.8,31988.2,32000
2.404,0.5,-0.5,1,0.500706,-0.00708085,-0.500706,0.00708085,1.00052,3.02766e-05,32000,32011,31989.1,32000
2.405,0.5,-0.5,1,0.500698,-0.00723125,-0.500698,0.00723125,1.00052,2.92117e-05,32000,32010.1,31989.9,32000
2.406,0.5,-0.5,1,0.500691,-0.00736939,-0.500691,0.00736939,1.00052,2.81686e-05,32000,32009.3,31990.7,32000
2.407,0.5,-0.5,1,0.500684,-0.00749559,-0.500684,0.00749559,1.00052,2.71469e-05,32000,32008.5,31991.5,32000
2.408,0.5,-0.5,1,0.500676,-0.00761014,-0.500676,0.00761014,1.00052,2.6146e-05,32000,32007.7,31992.3,32000
2.409,0.5,-0.5,1,0.500668,-0.00771335,-0.500668,0.00771335,1.00052,2.51656e-05,32000,32006.9,31993.1,32000
2.41,0.5,-0.5,1,0.50066,-0.00780553,-0.50066,0.00780553,1.00052,2.42052e-05,32000,32006.2,31993.8,32000
2.411,0.5,-0.5,1,0.500653,-0.007887,-0.500653,0.007887,1.00052,2.32647e-05,32000,32005.5,31994.5,32000
2.412,0.5,-0.5,1,0.500645,-0.00795804,-0.500645,0.00795804,1.00052,2.23436e-05,32000,32004.8,31995.2,32000
2.413,0.5,-0.5,1,0.500637,-0.00801897,-0.500637,0.00801897,1.00052,2.14419e-05,32000,32004.1,31995.9,32000
2.414,0.5,-0.5,1,0.500629,-0.00807009,-0.500629,0.00807009,1.00052,2.05591e-05,32000,32003.4,31996.6,32000
2.415,0.5,-0.5,1,0.50062,-0.0081117,-0.50062,0.0081117,1.00052,1.96952e-05,32000,32002.8,31997.2,32000
2.416,0.5,-0.5,1,0.500612,-0.0081441,-0.500612,0.0081441,1.00052,1.885e-05,32000,32002.2,31997.8,32000
2.417,0.5,-0.5,1,0.500604,-0.00816759,-0.500604,0.00816759,1.00052,1.80233e-05,32000,32001.6,31998.4,32000
2.418,0.5,-0.5,1,0.500596,-0.00818246,-0.500596,0.00818246,1.00052,1.7215e-05,32000,32001,31999,32000
2.419,0.5,-0.5,1,0.500588,-0.00818902,-0.500588,0.00818902,1.00052,1.6425e-05,32000,32000.4,31999.6,32000
2.42,0.5,-0.5,1,0.50058,-0.00818754,-0.50058,0.00818754,1.00052,1.56531e-05,32000,31999.9,32000.1,32000
2.421,0.5,-0.5,1,0.500571,-0.00817833,-0.500571,0.00817833,1.00052,1.48992e-05,32000,31999.4,32000.6,32000
2.422,0.5,-0.5,1,0.500563,-0.00816165,-0.500563,0.00816165,1.00052,1.41632e-05,32000,31998.9,32001.1,32000
2.423,0.5,-0.5,1,0.500555,-0.00813781,-0.500555,0.00813781,1.00052,1.34449e-05,32000,31998.4,32001.6,32000
2.424,0.5,-0.5,1,0.500547,-0.00810706,-0.500547,0.00810706,1.00052,1.27444e-05,32000,31997.9,32002.1,32000
2.425,0.5,-0.5,1,0.500539,-0.0080697,-0.500539,0.0080697,1.00052,1.20613e-05,32000,31997.5,32002.5,32000
2.426,0.5,-0.5,1,0.500531,-0.00802599,-0.500531,0.00802599,1.00052,1.13957e-05,32000,31997.1,32002.9,32000
2.427,0.5,-0.5,1,0.500523,-0.0079762,-0.500523,0.0079762,1.00052,1.07474e-05,32000,31996.7,32003.4,32000
2.428,0.5,-0.5,1,0.500515,-0.00792059,-0.500515,0.00792059,1.00052,1.01163e-05,32000,31996.3,32003.7,32000
2.429,0.5,-0.5,1,0.500507,-0.00785943,-0.500507,0.00785943,1.00052,9.50213e-06,32000,31995.9,32004.1,32000
2.43,0.5,-0.5,1,0.500499,-0.00779298,-0.500499,0.00779298,1.00052,8.90488e-06,32000,31995.5,32004.5,32000
2.431,0.5,-0.5,1,0.500492,-0.00772148,-0.500492,0.00772148,1.00052,8.32434e-06,32000,31995.2,32004.8,32000
2.432,0.5,-0.5,1,0.500484,-0.00764518,-0.500484,0.00764518,1.00052,7.76036e-06,32000,31994.9,32005.1,32000
2.433,0.5,-0.5,1,0.500476,-0.00756433,-0.500476,0.00756433,1.00052,7.21277e-06,32000,31994.6,32005.4,32000
2.434,0.5,-0.5,1,0.500469,-0.00747916,-0.500469,0.00747916,1.00052,6.68137e-06,32000,31994.3,32005.7,32000
2.435,0.5,-0.5,1,0.500462,-0.00738992,-0.500462,0.00738992,1.00052,6.16598e-06,32000,31994,32006,32000
2.436,0.5,-0.5,1,0.500454,-0.00729683,-0.500454,0.00729683,1.00052,5.66641e-06,32000,31993.8,32006.3,32000
2.437,0.5,-0.5,1,0.500447,-0.00720012,-0.500447,0.00720012,1.00052,5.18243e-06,32000,31993.5,32006.5,32000
2.438,0.5,-0.5,1,0.50044,-0.00710001,-0.50044,0.00710001,1.00052,4.71384e-06,32000,31993.3,32006.7,32000
2.439,0.5,-0.5,1,0.500433,-0.00699672,-0.500433,0.00699672,1.00052,4.26039e-06,32000,31993.1,32006.9,32000
2.44,0.5,-0.5,1,0.500426,-0.00689046,-0.500426,0.00689046,1.00052,3.82187e-06,32000,31992.9,32007.1,32000
2.441,0.5,-0.5,1,0.500419,-0.00678143,-0.500419,0.00678143,1.00052,3.39802e-06,32000,31992.7,32007.3,32000
2.442,0.5,-0.5,1,0.500413,-0.00666984,-0.500413,0.00666984,1.00052,2.9886e-06,32000,31992.5,32007.5,32000
2.443,0.5,-0.5,1,0.500406,-0.00655589,-0.500406,0.00655589,1.00052,2.59333e-06,32000,31992.4,32007.7,32000
2.444,0.5,-0.5,1,0.5004,-0.00643977,-0.5004,0.00643977,1.00052,2.21197e-06,32000,31992.2,32007.8,32000
2.445,0.5,-0.5,1,0.500393,-0.00632167,-0.500393,0.00632167,1.00052,1.84422e-06,32000,31992.1,32007.9,32000
2.446,0.5,-0.5,1,0.500387,-0.00620177,-0.500387,0.00620177,1.00052,1.48983e-06,32000,31992,32008.1,32000
2.447,0.5,-0.5,1,0.500381,-0.00608024,-0.500381,0.00608024,1.00052,1.14849e-06,32000,31991.8,32008.2,32000
2.448,0.5,-0.5,1,0.500375,-0.00595727,-0.500375,0.00595727,1.00052,8.19928e-07,32000,31991.7,32008.3,32000
2.449,0.5,-0.5,1,0.500369,-0.00583303,-0.500369,0.00583303,1.00052,5.03844e-07,32000,31991.7,32008.3,32000
2.45,0.5,-0.5,1,0.500363,-0.00570766,-0.500363,0.00570766,1.00052,1.99942e-07,32000,31991.6,32008.4,32000
2.451,0.5,-0.5,1,0.500358,-0.00558135,-0.500358,0.00558135,1.00052,-9.20773e-08,32000,31991.5,32008.5,32000
2.452,0.5,-0.5,1,0.500352,-0.00545423,-0.500352,0.00545423,1.00052,-3.72517e-07,32000,31991.5,32008.5,32000
2.453,0.5,-0.5,1,0.500347,-0.00532646,-0.500347,0.00532646,1.00052,-6.41682e-07,32000,31991.4,32008.6,32000
2.454,0.5,-0.5,1,0.500342,-0.00519819,-0.500342,0.00519819,1.00052,-8.99879e-07,32000,31991.4,32008.6,32000
2.455,0.5,-0.5,1,0.500337,-0.00506955,-0.500337,0.00506955,1.00052,-1.14741e-06,32000,31991.4,32008.6,32000
2.456,0.5,-0.5,1,0.500332,-0.00494068,-0.500332,0.00494068,1.00052,-1.38459e-06,32000,31991.3,32008.7,32000
2.457,0.5,-0.5,1,0.500327,-0.00481172,-0.500327,0.00481172,1.00052,-1.61173e-06,32000,31991.3,32008.7,32000
2.458,0.5,-0.5,1,0.500322,-0.00468278,-0.500322,0.00468278,1.00052,-1.82912e-06,32000,31991.3,32008.7,32000
2.459,0.5,-0.5,1,0.500318,-0.00455398,-0.500318,0.00455398,1.00052,-2.03708e-06,32000,31991.4,32008.7,32000
2.46,0.5,-0.5,1,0.500313,-0.00442546,-0.500313,0.00442546,1.00052,-2.2359e-06,32000,31991.4,32008.6,32000
2.461,0.5,-0.5,1,0.500309,-0.00429731,-0.500309,0.00429731,1.00052,-2.4259e-06,32000,31991.4,32008.6,32000
2.462,0.5,-0.5,1,0.500305,-0.00416966,-0.500305,0.00416966,1.00052,-2.60736e-06,32000,31991.4,32008.6,32000
2.463,0.5,-0.5,1,0.500301,-0.00404259,-0.500301,0.00404259,1.00052,-2.78059e-06,32000,31991.5,32008.5,32000
2.464,0.5,-0.5,1,0.500297,-0.00391622,-0.500297,0.00391622,1.00052,-2.94587e-06,32000,31991.5,32008.5,32000
2.465,0.5,-0.5,1,0.500293,-0.00379063,-0.500293,0.00379063,1.00052,-3.10351e-06,32000,31991.6,32008.4,32000
2.466,0.5,-0.5,1,0.50029,-0.00366592,-0.50029,0.00366592,1.00052,-3.25377e-06,32000,31991.6,32008.4,32000
2.467,0.5,-0.5,1,0.500286,-0.00354218,-0.500286,0.00354218,1.00052,-3.39694e-06,32000,31991.7,32008.3,32000
2.468,0.5,-0.5,1,0.500283,-0.00341949,-0.500283,0.00341949,1.00052,-3.5333e-06,32000,31991.8,32008.2,32000
2.469,0.5,-0.5,1,0.500279,-0.00329793,-0.500279,0.00329793,1.00052,-3.66311e-06,32000,31991.8,32008.2,32000
2.47,0.5,-0.5,1,0.500276,-0.00317757,-0.500276,0.00317757,1.00052,-3.78665e-06,32000,31991.9,32008.1,32000
2.471,0.5,-0.5,1,0.500273,-0.00305849,-0.500273,0.00305849,1.00052,-3.90416e-06,32000,31992,32008,32000
2.472,0.5,-0.5,1,0.50027,-0.00294075,-0.50027,0.00294075,1.00052,-4.01591e-06,32000,31992.1,32007.9,32000
2.473,0.5,-0.5,1,0.500267,-0.00282442,-0.500267,0.00282442,1.00052,-4.12214e-06,32000,31992.2,32007.8,32000
2.474,0.5,-0.5,1,0.500265,-0.00270956,-0.500265,0.00270956,1.00052,-4.2231e-06,32000,31992.3,32007.7,32000
2.475,0.5,-0.5,1,0.500262,-0.00259623,-0.500262,0.00259623,1.00052,-4.31901e-06,32000,31992.4,32007.6,32000
2.476,0.5,-0.5,1,0.500259,-0.00248447,-0.500259,0.00248447,1.00052,-4.41012e-06,32000,31992.5,32007.5,32000
2.477,0.5,-0.5,1,0.500257,-0.00237434,-0.500257,0.00237434,1.00052,-4.49663e-06,32000,31992.6,32007.4,32000
2.478,0.5,-0.5,1,0.500255,-0.00226589,-0.500255,0.00226589,1.00052,-4.57877e-06,32000,31992.7,32007.3,32000
2.479,0.5,-0.5,1,0.500253,-0.00215916,-0.500253,0.00215916,1.00052,-4.65675e-06,32000,31992.8,32007.2,32000
2.48,0.5,-0.5,1,0.500251,-0.00205419,-0.500251,0.00205419,1.00052,-4.73077e-06,32000,31992.9,32007.1,32000
2.481,0.5,-0.5,1,0.500249,-0.00195101,-0.500249,0.00195101,1.00052,-4.80103e-06,32000,31993.1,32006.9,32000
2.482,0.5,-0.5,1,0.500247,-0.00184967,-0.500247,0.00184967,1.00052,-4.86771e-06,32000,31993.2,32006.8,32000
2.483,0.5,-0.5,1,0.500245,-0.00175018,-0.500245,0.00175018,1.00052,-4.931e-06,32000,31993.3,32006.7,32000
2.484,0.5,-0.5,1,0.500243,-0.00165259,-0.500243,0.00165259,1.00052,-4.99107e-06,32000,31993.4,32006.6,32000
2.485,0.5,-0.5,1,0.500242,-0.00155691,-0.500242,0.00155691,1.00052,-5.0481e-06,32000,31993.6,32006.4,32000
2.486,0.5,-0.5,1,0.50024,-0.00146317,-0.50024,0.00146317,1.00052,-5.10224e-06,32000,31993.7,32006.3,32000
2.487,0.5,-0.5,1,0.500239,-0.00137139,-0.500239,0.00137139,1.00052,-5.15366e-06,32000,31993.8,32006.2,32000
2.488,0.5,-0.5,1,0.500238,-0.00128158,-0.500238,0.00128158,1.00052,-5.20251e-06,32000,31994,32006,32000
2.489,0.5,-0.5,1,0.500237,-0.00119376,-0.500237,0.00119376,1.00052,-5.24892e-06,32000,31994.1,32005.9,32000
2.49,0.5,-0.5,1,0.500235,-0.00110795,-0.500235,0.00110795,1.00052,-5.29303e-06,32000,31994.2,32005.8,32000
2.491,0.5,-0.5,1,0.500234,-0.00102415,-0.500234,0.00102415,1.00052,-5.33499e-06,32000,31994.4,32005.6,32000
2.492,0.5,-0.5,1,0.500233,-0.000942373,-0.500233,0.000942373,1.00052,-5.37491e-06,32000,31994.5,32005.5,32000
2.493,0.5,-0.5,1,0.500233,-0.000862622,-0.500233,0.000862622,1.00052,-5.41291e-06,32000,31994.6,32005.4,32000
2.494,0.5,-0.5,1,0.500232,-0.000784901,-0.500232,0.000784901,1.00052,-5.4491e-06,32000,31994.8,32005.2,32000
2.495,0.5,-0.5,1,0.500231,-0.000709213,-0.500231,0.000709213,1.00052,-5.4836e-06,32000,31994.9,32005.1,32000
2.496,0.5,-0.5,1,0.500231,-0.000635555,-0.500231,0.000635555,1.00052,-5.51651e-06,32000,31995.1,32004.9,32000
2.497,0.5,-0.5,1,0.50023,-0.000563927,-0.50023,0.000563927,1.00052,-5.54793e-06,32000,31995.2,32004.8,32000
2.498,0.5,-0.5,1,0.500229,-0.000494324,-0.500229,0.000494324,1.00052,-5.57794e-06,32000,31995.3,32004.7,32000
2.499,0.5,-0.5,1,0.500229,-0.000426739,-0.500229,0.000426739,1.00052,-5.60663e-06,32000,31995.5,32004.5,32000
2.5,0.5,-0.5,1,0.500229,-0.000361165,-0.500229,0.000361165,1.00052,-5.6341e-06,32000,31995.6,32004.4,32000
2.501,0.5,-0.5,1,0.500228,-0.000297593,-0.500228,0.000297593,1.00052,-5.66041e-06,32000,31995.7,32004.3,32000
2.502,0.5,-0.5,1,0.500228,-0.000236012,-0.500228,0.000236012,1.00052,-5.68564e-06,32000,31995.9,32004.1,32000
2.503,0.5,-0.5,1,0.500228,-0.000176409,-0.500228,0.000176409,1.00052,-5.70986e-06,32000,31996,32004,32000
2.504,0.5,-0.5,1,0.500228,-0.00011877,-0.500228,0.00011877,1.00052,-5.73313e-06,32000,31996.1,32003.9,32000
2.505,0.5,-0.5,1,0.500228,-6.30805e-05,-0.500228,6.30805e-05,1.00052,-5.75551e-06,32000,31996.3,32003.7,32000
2.506,0.5,-0.5,1,0.500228,-9.32337e-06,-0.500228,9.32337e-06,1.00052,-5.77706e-06,32000,31996.4,32003.6,32000
2.507,0.5,-0.5,1,0.500228,4.25191e-05,-0.500228,-4.25191e-05,1.00052,-5.79784e-06,32000,31996.5,32003.5,32000
2.508,0.5,-0.5,1,0.500228,9.24659e-05,-0.500228,-9.24659e-05,1.00052,-5.81789e-06,32000,31996.6,32003.4,32000
2.509,0.5,-0.5,1,0.500228,0.000140537,-0.500228,-0.000140537,1.00052,-5.83726e-06,32000,31996.8,32003.2,32000
2.51,0.5,-0.5,1,0.500228,0.000186754,-0.500228,-0.000186754,1.00052,-5.85599e-06,32000,31996.9,32003.1,32000
2.511,0.5,-0.5,1,0.500228,0.000231139,-0.500228,-0.000231139,1.00052,-5.87413e-06,32000,31997,32003,32000
2.512,0.5,-0.5,1,0.500229,0.000273715,-0.500229,-0.000273715,1.00052,-5.89171e-06,32000,31997.1,32002.9,32000
2.513,0.5,-0.5,1,0.500229,0.000314506,-0.500229,-0.000314506,1.00052,-5.90876e-06,32000,31997.3,32002.7,32000
2.514,0.5,-0.5,1,0.500229,0.000353538,-0.500229,-0.000353538,1.00052,-5.92531e-06,32000,31997.4,32002.6,32000
2.515,0.5,-0.5,1,0.50023,0.000390834,-0.50023,-0.000390834,1.00052,-5.9414e-06,32000,31997.5,32002.5,32000
2.516,0.5,-0.5,1,0.50023,0.000426424,-0.50023,-0.000426424,1.00052,-5.95705e-06,32000,31997.6,32002.4,32000
2.517,0.5,-0.5,1,0.500231,0.000460332,-0.500231,-0.000460332,1.00052,-5.97229e-06,32000,31997.7,32002.3,32000
2.518,0.5,-0.5,1,0.500231,0.000492587,-0.500231,-0.000492587,1.00052,-5.98714e-06,32000,31997.8,32002.2,32000
2.519,0.5,-0.5,1,0.500232,0.000523218,-0.500232,-0.000523218,1.00052,-6.00162e-06,32000,31997.9,32002.1,32000
2.52,0.5,-0.5,1,0.500232,0.000552253,-0.500232,-0.000552253,1.00052,-6.01574e-06,32000,31998,32002,32000
2.521,0.5,-0.5,1,0.500233,0.000579722,-0.500233,-0.000579722,1.00052,-6.02953e-06,32000,31998.2,32001.8,32000
2.522,0.5,-0.5,1,0.500233,0.000605654,-0.500233,-0.000605654,1.00052,-6.04301e-06,32000,31998.3,32001.7,32000
2.523,0.5,-0.5,1,0.500234,0.000630079,-0.500234,-0.000630079,1.00052,-6.05618e-06,32000,31998.4,32001.6,32000
2.524,0.5,-0.5,1,0.500235,0.000653028,-0.500235,-0.000653028,1.00052,-6.06905e-06,32000,31998.5,32001.5,32000
2.525,0.5,-0.5,1,0.500235,0.000674533,-0.500235,-0.000674533,1.00052,-6.08165e-06,32000,31998.6,32001.4,32000
2.526,0.5,-0.5,1,0.500236,0.000694623,-0.500236,-0.000694623,1.00052,-6.09397e-06,32000,31998.7,32001.3,32000
2.527,0.5,-0.5,1,0.500237,0.000713331,-0.500237,-0.000713331,1.00052,-6.10604e-06,32000,31998.7,32001.3,32000
2.528,0.5,-0.5,1,0.500238,0.000730688,-0.500238,-0.000730688,1.00052,-6.11785e-06,32000,31998.8,32001.2,32000
2.529,0.5,-0.5,1,0.500238,0.000746726,-0.500238,-0.000746726,1.00052,-6.12942e-06,32000,31998.9,32001.1,32000
2.53,0.5,-0.5,1,0.500239,0.000761476,-0.500239,-0.000761476,1.00052,-6.14075e-06,32000,31999,32001,32000
2.531,0.5,-0.5,1,0.50024,0.000774971,-0.50024,-0.000774971,1.00052,-6.15184e-06,32000,31999.1,32000.9,32000
2.532,0.5,-0.5,1,0.500241,0.000787242,-0.500241,-0.000787242,1.00052,-6.16271e-06,32000,31999.2,32000.8,32000
2.533,0.5,-0.5,1,0.500241,0.000798322,-0.500241,-0.000798322,1.00052,-6.17335e-06,32000,31999.3,32000.7,32000
2.534,0.5,-0.5,1,0.500242,0.000808243,-0.500242,-0.000808243,1.00052,-6.18378e-06,32000,31999.3,32000.7,32000
2.535,0.5,-0.5,1,0.500243,0.000817036,-0.500243,-0.000817036,1.00052,-6.19399e-06,32000,31999.4,32000.6,32000
2.536,0.5,-0.5,1,0.500244,0.000824733,-0.500244,-0.000824733,1.00052,-6.20398e-06,32000,31999.5,32000.5,32000
2.537,0.5,-0.5,1,0.500245,0.000831367,-0.500245,-0.000831367,1.00052,-6.21377e-06,32000,31999.6,32000.4,32000
2.538,0.5,-0.5,1,0.500246,0.000836968,-0.500246,-0.000836968,1.00052,-6.22335e-06,32000,31999.6,32000.4,32000
2.539,0.5,-0.5,1,0.500246,0.000841569,-0.500246,-0.000841569,1.00052,-6.23272e-06,32000,31999.7,32000.3,32000
2.54,0.5,-0.5,1,0.500247,0.000845201,-0.500247,-0.000845201,1.00052,-6.24189e-06,32000,31999.8,32000.2,32000
2.541,0.5,-0.5,1,0.500248,0.000847894,-0.500248,-0.000847894,1.00052,-6.25086e-06,32000,31999.8,32000.2,32000
2.542,0.5,-0.5,1,0.500249,0.000849681,-0.500249,-0.000849681,1.00052,-6.25963e-06,32000,31999.9,32000.1,32000
2.543,0.5,-0.5,1,0.50025,0.000850591,-0.50025,-0.000850591,1.00052,-6.2682e-06,32000,31999.9,32000.1,32000
2.544,0.5,-0.5,1,0.500251,0.000850655,-0.500251,-0.000850655,1.00052,-6.27657e-06,32000,32000,32000,32000
2.545,0.5,-0.5,1,0.500251,0.000849903,-0.500251,-0.000849903,1.00052,-6.28474e-06,32000,32000.1,31999.9,32000
2.546,0.5,-0.5,1,0.500252,0.000848365,-0.500252,-0.000848365,1.00052,-6.29272e-06,32000,32000.1,31999.9,32000
2.547,0.5,-0.5,1,0.500253,0.000846071,-0.500253,-0.000846071,1.00052,-6.30051e-06,32000,32000.2,31999.8,32000
2.548,0.5,-0.5,1,0.500254,0.00084305,-0.500254,-0.00084305,1.00052,-6.3081e-06,32000,32000.2,31999.8,32000
2.549,0.5,-0.5,1,0.500255,0.00083933,-0.500255,-0.00083933,1.00052,-6.31551e-06,32000,32000.2,31999.8,32000
2.55,0.5,-0.5,1,0.500256,0.000834941,-0.500256,-0.000834941,1.00052,-6.32272e-06,32000,32000.3,31999.7,32000
2.551,0.5,-0.5,1,0.500256,0.000829909,-0.500256,-0.000829909,1.00052,-6.32974e-06,32000,32000.3,31999.7,32000
2.552,0.5,-0.5,1,0.500257,0.000824264,-0.500257,-0.000824264,1.00052,-6.33658e-06,32000,32000.4,31999.6,32000
2.553,0.5,-0.5,1,0.500258,0.000818032,-0.500258,-0.000818032,1.00052,-6.34323e-06,32000,32000.4,31999.6,32000
2.554,0.5,-0.5,1,0.500259,0.00081124,-0.500259,-0.00081124,1.00052,-6.3497e-06,32000,32000.5,31999.5,32000
2.555,0.5,-0.5,1,0.50026,0.000803914,-0.50026,-0.000803914,1.00052,-6.35599e-06,32000,32000.5,31999.5,32000
2.556,0.5,-0.5,1,0.500261,0.000796082,-0.500261,-0.000796082,1.00052,-6.36209e-06,32000,32000.5,31999.5,32000
2.557,0.5,-0.5,1,0.500261,0.000787767,-0.500261,-0.000787767,1.00052,-6.36802e-06,32000,32000.6,31999.4,32000
2.558,0.5,-0.5,1,0.500262,0.000778996,-0.500262,-0.000778996,1.00052,-6.37377e-06,32000,32000.6,31999.4,32000
2.559,0.5,-0.5,1,0.500263,0.000769793,-0.500263,-0.000769793,1.00052,-6.37934e-06,32000,32000.6,31999.4,32000
2.56,0.5,-0.5,1,0.500264,0.000760182,-0.500264,-0.000760182,1.00052,-6.38474e-06,32000,32000.6,31999.4,32000
2.561,0.5,-0.5,1,0.500264,0.000750187,-0.500264,-0.000750187,1.00052,-6.38997e-06,32000,32000.7,31999.3,32000
2.562,0.5,-0.5,1,0.500265,0.000739831,-0.500265,-0.000739831,1.00052,-6.39504e-06,32000,32000.7,31999.3,32000
2.563,0.5,-0.5,1,0.500266,0.000729137,-0.500266,-0.000729137,1.00052,-6.39994e-06,32000,32000.7,31999.3,32000
2.564,0.5,-0.5,1,0.500267,0.000718128,-0.500267,-0.000718128,1.00052,-6.40467e-06,32000,32000.7,31999.3,32000
2.565,0.5,-0.5,1,0.500267,0.000706824,-0.500267,-0.000706824,1.00052,-6.40925e-06,32000,32000.8,31999.2,32000
2.566,0.5,-0.5,1,0.500268,0.000695247,-0.500268,-0.000695247,1.00052,-6.41366e-06,32000,32000.8,31999.2,32000
2.567,0.5,-0.5,1,0.500269,0.000683419,-0.500269,-0.000683419,1.00052,-6.41792e-06,32000,32000.8,31999.2,32000
2.568,0.5,-0.5,1,0.500269,0.000671359,-0.500269,-0.000671359,1.00052,-6.42203e-06,32000,32000.8,31999.2,32000
2.569,0.5,-0.5,1,0.50027,0.000659086,-0.50027,-0.000659086,1.00052,-6.426e-06,32000,32000.8,31999.2,32000
2.57,0.5,-0.5,1,0.500271,0.000646622,-0.500271,-0.000646622,1.00052,-6.42981e-06,32000,32000.8,31999.2,32000
2.571,0.5,-0.5,1,0.500271,0.000633983,-0.500271,-0.000633983,1.00052,-6.43348e-06,32000,32000.8,31999.2,32000
2.572,0.5,-0.5,1,0.500272,0.000621188,-0.500272,-0.000621188,1.00052,-6.43701e-06,32000,32000.9,31999.1,32000
2.573,0.5,-0.5,1,0.500272,0.000608255,-0.500272,-0.000608255,1.00052,-6.44041e-06,32000,32000.9,31999.1,32000
2.574,0.5,-0.5,1,0.500273,0.000595202,-0.500273,-0.000595202,1.00052,-6.44367e-06,32000,32000.9,31999.1,32000
2.575,0.5,-0.5,1,0.500274,0.000582045,-0.500274,-0.000582045,1.00052,-6.4468e-06,32000,32000.9,31999.1,32000
2.576,0.5,-0.5,1,0.500274,0.0005688,-0.500274,-0.0005688,1.00052,-6.44981e-06,32000,32000.9,31999.1,32000
2.577,0.5,-0.5,1,0.500275,0.000555483,-0.500275,-0.000555483,1.00052,-6.45269e-06,32000,32000.9,31999.1,32000
2.578,0.5,-0.5,1,0.500275,0.000542109,-0.500275,-0.000542109,1.00052,-6.45545e-06,32000,32000.9,31999.1,32000
2.579,0.5,-0.5,1,0.500276,0.000528694,-0.500276,-0.000528694,1.00052,-6.4581e-06,32000,32000.9,31999.1,32000
2.58,0.5,-0.5,1,0.500276,0.00051525,-0.500276,-0.00051525,1.00052,-6.46063e-06,32000,32000.9,31999.1,32000
2.581,0.5,-0.5,1,0.500277,0.000501793,-0.500277,-0.000501793,1.00052,-6.46305e-06,32000,32000.9,31999.1,32000
2.582,0.5,-0.5,1,0.500277,0.000488335,-0.500277,-0.000488335,1.00052,-6.46536e-06,32000,32000.9,31999.1,32000
2.583,0.5,-0.5,1,0.500278,0.00047489,-0.500278,-0.00047489,1.00052,-6.46757e-06,32000,32000.9,31999.1,32000
2.584,0.5,-0.5,1,0.500278,0.000461469,-0.500278,-0.000461469,1.00052,-6.46968e-06,32000,32000.9,31999.1,32000
2.585,0.5,-0.5,1,0.500279,0.000448084,-0.500279,-0.000448084,1.00052,-6.47169e-06,32000,32000.9,31999.1,32000
2.586,0.5,-0.5,1,0.500279,0.000434748,-0.500279,-0.000434748,1.00052,-6.47361e-06,32000,32000.9,31999.1,32000
2.587,0.5,-0.5,1,0.50028,0.00042147,-0.50028,-0.00042147,1.00052,-6.47544e-06,32000,32000.9,31999.1,32000
2.588,0.5,-0.5,1,0.50028,0.000408263,-0.50028,-0.000408263,1.00052,-6.47718e-06,32000,32000.9,31999.1,32000
2.589,0.5,-0.5,1,0.50028,0.000395134,-0.50028,-0.000395134,1.00052,-6.47884e-06,32000,32000.9,31999.1,32000
2.59,0.5,-0.5,1,0.500281,0.000382095,-0.500281,-0.000382095,1.00052,-6.48041e-06,32000,32000.9,31999.1,32000
2.591,0.5,-0.5,1,0.500281,0.000369154,-0.500281,-0.000369154,1.00052,-6.48191e-06,32000,32000.9,31999.1,32000
2.592,0.5,-0.5,1,0.500282,0.000356321,-0.500282,-0.000356321,1.00052,-6.48333e-06,32000,32000.9,31999.1,32000
2.593,0.5,-0.5,1,0.500282,0.000343603,-0.500282,-0.000343603,1.00052,-6.48468e-06,32000,32000.9,31999.1,32000
2.594,0.5,-0.5,1,0.500282,0.00033101,-0.500282,-0.00033101,1.00052,-6.48597e-06,32000,32000.8,31999.2,32000
2.595,0.5,-0.5,1,0.500283,0.000318547,-0.500283,-0.000318547,1.00052,-6.48718e-06,32000,32000.8,31999.2,32000
2.596,0.5,-0.5,1,0.500283,0.000306222,-0.500283,-0.000306222,1.00052,-6.48833e-06,32000,32000.8,31999.2,32000
2.597,0.5,-0.5,1,0.500283,0.000294043,-0.500283,-0.000294043,1.00052,-6.48943e-06,32000,32000.8,31999.2,32000
2.598,0.5,-0.5,1,0.500283,0.000282016,-0.500283,-0.000282016,1.00052,-6.49046e-06,32000,32000.8,31999.2,32000
2.599,0.5,-0.5,1,0.500284,0.000270146,-0.500284,-0.000270146,1.00052,-6.49144e-06,32000,32000.8,31999.2,32000
2.6,0.5,-0.5,1,0.500284,0.00025844,-0.500284,-0.00025844,1.00052,-6.49236e-06,32000,32000.8,31999.2,32000
2.601,0.5,-0.5,1,0.500284,0.000246902,-0.500284,-0.000246902,1.00052,-6.49323e-06,32000,32000.8,31999.2,32000
2.602,0.5,-0.5,1,0.500284,0.000235538,-0.500284,-0.000235538,1.00052,-6.49406e-06,32000,32000.8,31999.2,32000
2.603,0.5,-0.5,1,0.500285,0.000224352,-0.500285,-0.000224352,1.00052,-6.49484e-06,32000,32000.8,31999.2,32000
2.604,0.5,-0.5,1,0.500285,0.000213348,-0.500285,-0.000213348,1.00052,-6.49558e-06,32000,32000.7,31999.3,32000
2.605,0.5,-0.5,1,0.500285,0.000202531,-0.500285,-0.000202531,1.00052,-6.49627e-06,32000,32000.7,31999.3,32000
2.606,0.5,-0.5,1,0.500285,0.000191905,-0.500285,-0.000191905,1.00052,-6.49693e-06,32000,32000.7,31999.3,32000
2.607,0.5,-0.5,1,0.500285,0.000181471,-0.500285,-0.000181471,1.00052,-6.49754e-06,32000,32000.7,31999.3,32000
2.608,0.5,-0.5,1,0.500286,0.000171235,-0.500286,-0.000171235,1.00052,-6.49813e-06,32000,32000.7,31999.3,32000
2.609,0.5,-0.5,1,0.500286,0.000161197,-0.500286,-0.000161197,1.00052,-6.49868e-06,32000,32000.7,31999.3,32000
2.61,0.5,-0.5,1,0.500286,0.000151361,-0.500286,-0.000151361,1.00052,-6.49919e-06,32000,32000.7,31999.3,32000
2.611,0.5,-0.5,1,0.500286,0.000141729,-0.500286,-0.000141729,1.00052,-6.49968e-06,32000,32000.6,31999.4,32000
2.612,0.5,-0.5,1,0.500286,0.000132302,-0.500286,-0.000132302,1.00052,-6.50014e-06,32000,32000.6,31999.4,32000
2.613,0.5,-0.5,1,0.500286,0.000123083,-0.500286,-0.000123083,1.00052,-6.50057e-06,32000,32000.6,31999.4,32000
2.614,0.5,-0.5,1,0.500286,0.000114073,-0.500286,-0.000114073,1.00052,-6.50098e-06,32000,32000.6,31999.4,32000
2.615,0.5,-0.5,1,0.500287,0.000105273,-0.500287,-0.000105273,1.00052,-6.50136e-06,32000,32000.6,31999.4,32000
2.616,0.5,-0.5,1,0.500287,9.66828e-05,-0.500287,-9.66828e-05,1.00052,-6.50172e-06,32000,32000.6,31999.4,32000
2.617,0.5,-0.5,1,0.500287,8.83045e-05,-0.500287,-8.83045e-05,1.00052,-6.50206e-06,32000,32000.6,31999.4,32000
2.618,0.5,-0.5,1,0.500287,8.01379e-05,-0.500287,-8.01379e-05,1.00052,-6.50237e-06,32000,32000.5,31999.5,32000
2.619,0.5,-0.5,1,0.500287,7.21834e-05,-0.500287,-7.21834e-05,1.00052,-6.50267e-06,32000,32000.5,31999.5,32000
2.62,0.5,-0.5,1,0.500287,6.4441e-05,-0.500287,-6.4441e-05,1.00052,-6.50296e-06,32000,32000.5,31999.5,32000
2.621,0.5,-0.5,1,0.500287,5.69103e-05,-0.500287,-5.69103e-05,1.00052,-6.50322e-06,32000,32000.5,31999.5,32000
2.622,0.5,-0.5,1,0.500287,4.95911e-05,-0.500287,-4.95911e-05,1.00052,-6.50347e-06,32000,32000.5,31999.5,32000
2.623,0.5,-0.5,1,0.500287,4.24828e-05,-0.500287,-4.24828e-05,1.00052,-6.50371e-06,32000,32000.5,31999.5,32000
2.624,0.5,-0.5,1,0.500287,3.55845e-05,-0.500287,-3.55845e-05,1.00052,-6.50393e-06,32000,32000.5,31999.5,32000
2.625,0.5,-0.5,1,0.500287,2.88954e-05,-0.500287,-2.88954e-05,1.00052,-6.50414e-06,32000,32000.4,31999.6,32000
2.626,0.5,-0.5,1,0.500287,2.24144e-05,-0.500287,-2.24144e-05,1.00052,-6.50434e-06,32000,32000.4,31999.6,32000
2.627,0.5,-0.5,1,0.500287,1.61401e-05,-0.500287,-1.61401e-05,1.00052,-6.50452e-06,32000,32000.4,31999.6,32000
2.628,0.5,-0.5,1,0.500287,1.00713e-05,-0.500287,-1.00713e-05,1.00052,-6.5047e-06,32000,32000.4,31999.6,32000
2.629,0.5,-0.5,1,0.500287,4.20628e-06,-0.500287,-4.20628e-06,1.00052,-6.50486e-06,32000,32000.4,31999.6,32000
2.63,0.5,-0.5,1,0.500287,-1.45659e-06,-0.500287,1.45659e-06,1.00052,-6.50502e-06,32000,32000.4,31999.6,32000
2.631,0.5,-0.5,1,0.500287,-6.91915e-06,-0.500287,6.91915e-06,1.00052,-6.50517e-06,32000,32000.4,31999.6,32000
2.632,0.5,-0.5,1,0.500287,-1.21833e-05,-0.500287,1.21833e-05,1.00052,-6.50531e-06,32000,32000.4,31999.6,32000
2.633,0.5,-0.5,1,0.500287,-1.72513e-05,-0.500287,1.72513e-05,1.00052,-6.50544e-06,32000,32000.3,31999.7,32000
2.634,0.5,-0.5,1,0.500287,-2.21251e-05,-0.500287,2.21251e-05,1.00052,-6.50556e-06,32000,32000.3,31999.7,32000
2.635,0.5,-0.5,1,0.500287,-2.68071e-05,-0.500287,2.68071e-05,1.00052,-6.50568e-06,32000,32000.3,31999.7,32000
2.636,0.5,-0.5,1,0.500287,-3.12996e-05,-0.500287,3.12996e-05,1.00052,-6.50579e-06,32000,32000.3,31999.7,32000
2.637,0.5,-0.5,1,0.500287,-3.56053e-05,-0.500287,3.56053e-05,1.00052,-6.5059e-06,32000,32000.3,31999.7,32000
2.638,0.5,-0.5,1,0.500287,-3.97266e-05,-0.500287,3.97266e-05,1.00052,-6.506e-06,32000,32000.3,31999.7,32000
2.639,0.5,-0.5,1,0.500287,-4.36662e-05,-0.500287,4.36662e-05,1.00052,-6.5061e-06,32000,32000.3,31999.7,32000
2.64,0.5,-0.5,1,0.500287,-4.74268e-05,-0.500287,4.74268e-05,1.00052,-6.50619e-06,32000,32000.3,31999.7,32000
2.641,0.5,-0.5,1,0.500287,-5.10113e-05,-0.500287,5.10113e-05,1.00052,-6.50628e-06,32000,32000.2,31999.8,32000
2.642,0.5,-0.5,1,0.500287,-5.44225e-05,-0.500287,5.44225e-05,1.00052,-6.50636e-06,32000,32000.2,31999.8,32000
2.643,0.5,-0.5,1,0.500287,-5.76634e-05,-0.500287,5.76634e-05,1.00052,-6.50644e-06,32000,32000.2,31999.8,32000
2.644,0.5,-0.5,1,0.500287,-6.0737e-05,-0.500287,6.0737e-05,1.00052,-6.50651e-06,32000,32000.2,31999.8,32000
2.645,0.5,-0.5,1,0.500287,-6.36462e-05,-0.500287,6.36462e-05,1.00052,-6.50658e-06,32000,32000.2,31999.8,32000
2.646,0.5,-0.5,1,0.500287,-6.63943e-05,-0.500287,6.63943e-05,1.00052,-6.50665e-06,32000,32000.2,31999.8,32000
2.647,0.5,-0.5,1,0.500286,-6.89844e-05,-0.500286,6.89844e-05,1.00052,-6.50671e-06,32000,32000.2,31999.8,32000
2.648,0.5,-0.5,1,0.500286,-7.14196e-05,-0.500286,7.14196e-05,1.00052,-6.50677e-06,32000,32000.2,31999.8,32000
2.649,0.5,-0.5,1,0.500286,-7.37031e-05,-0.500286,7.37031e-05,1.00052,-6.50683e-06,32000,32000.2,31999.8,32000
2.65,0.5,-0.5,1,0.500286,-7.58382e-05,-0.500286,7.58382e-05,1.00052,-6.50688e-06,32000,32000.1,31999.9,32000
2.651,0.5,-0.5,1,0.500286,-7.78282e-05,-0.500286,7.78282e-05,1.00052,-6.50693e-06,32000,32000.1,31999.9,32000
2.652,0.5,-0.5,1,0.500286,-7.96763e-05,-0.500286,7.96763e-05,1.00052,-6.50698e-06,32000,32000.1,31999.9,32000
2.653,0.5,-0.5,1,0.500286,-8.13858e-05,-0.500286,8.13858e-05,1.00052,-6.50703e-06,32000,32000.1,31999.9,32000
2.654,0.5,-0.5,1,0.500286,-8.29602e-05,-0.500286,8.29602e-05,1.00052,-6.50707e-06,32000,32000.1,31999.9,32000
2.655,0.5,-0.5,1,0.500286,-8.44026e-05,-0.500286,8.44026e-05,1.00052,-6.50711e-06,32000,32000.1,31999.9,32000
2.656,0.5,-0.5,1,0.500286,-8.57165e-05,-0.500286,8.57165e-05,1.00052,-6.50715e-06,32000,32000.1,31999.9,32000
2.657,0.5,-0.5,1,0.500286,-8.69052e-05,-0.500286,8.69052e-05,1.00052,-6.50719e-06,32000,32000.1,31999.9,32000
2.658,0.5,-0.5,1,0.500286,-8.7972e-05,-0.500286,8.7972e-05,1.00052,-6.50722e-06,32000,32000.1,31999.9,32000
2.659,0.5,-0.5,1,0.500286,-8.89202e-05,-0.500286,8.89202e-05,1.00052,-6.50725e-06,32000,32000.1,31999.9,32000
2.66,0.5,-0.5,1,0.500285,-8.97533e-05,-0.500285,8.97533e-05,1.00052,-6.50728e-06,32000,32000.1,31999.9,32000
2.661,0.5,-0.5,1,0.500285,-9.04744e-05,-0.500285,9.04744e-05,1.00052,-6.50731e-06,32000,32000,32000,32000
2.662,0.5,-0.5,1,0.500285,-9.1087e-05,-0.500285,9.1087e-05,1.00052,-6.50733e-06,32000,32000,32000,32000
2.663,0.5,-0.5,1,0.500285,-9.15943e-05,-0.500285,9.15943e-05,1.00052,-6.50736e-06,32000,32000,32000,32000
2.664,0.5,-0.5,1,0.500285,-9.19995e-05,-0.500285,9.19995e-05,1.00052,-6.50738e-06,32000,32000,32000,32000
2.665,0.5,-0.5,1,0.500285,-9.23061e-05,-0.500285,9.23061e-05,1.00052,-6.50739e-06,32000,32000,32000,32000
2.666,0.5,-0.5,1,0.500285,-9.25171e-05,-0.500285,9.25171e-05,1.00052,-6.50741e-06,32000,32000,32000,32000
2.667,0.5,-0.5,1,0.500285,-9.26358e-05,-0.500285,9.26358e-05,1.00052,-6.50742e-06,32000,32000,32000,32000
2.668,0.5,-0.5,1,0.500285,-9.26654e-05,-0.500285,9.26654e-05,1.00052,-6.50743e-06,32000,32000,32000,32000
2.669,0.5,-0.5,1,0.500285,-9.26091e-05,-0.500285,9.26091e-05,1.00052,-6.50744e-06,32000,32000,32000,32000
2.67,0.5,-0.5,1,0.500285,-9.24699e-05,-0.500285,9.24699e-05,1.00052,-6.50745e-06,32000,32000,32000,32000
2.671,0.5,-0.5,1,0.500284,-9.22509e-05,-0.500284,9.22509e-05,1.00052,-6.50745e-06,32000,32000,32000,32000
2.672,0.5,-0.5,1,0.500284,-9.19553e-05,-0.500284,9.19553e-05,1.00052,-6.50746e-06,32000,32000,32000,32000
2.673,0.5,-0.5,1,0.500284,-9.1586e-05,-0.500284,9.1586e-05,1.00052,-6.50746e-06,32000,32000,32000,32000
2.674,0.5,-0.5,1,0.500284,-9.1146e-05,-0.500284,9.1146e-05,1.00052,-6.50746e-06,32000,32000,32000,32000
2.675,0.5,-0.5,1,0.500284,-9.06383e-05,-0.500284,9.06383e-05,1.00052,-6.50745e-06,32000,32000,32000,32000
2.676,0.5,-0.5,1,0.500284,-9.00657e-05,-0.500284,9.00657e-05,1.00052,-6.50745e-06,32000,32000,32000,32000
2.677,0.5,-0.5,1,0.500284,-8.94311e-05,-0.500284,8.94311e-05,1.00052,-6.50744e-06,32000,32000,32000,32000
2.678,0.5,-0.5,1,0.500284,-8.87374e-05,-0.500284,8.87374e-05,1.00052,-6.50743e-06,32000,32000,32000,32000
2.679,0.5,-0.5,1,0.500284,-8.79873e-05,-0.500284,8.79873e-05,1.00052,-6.50742e-06,32000,31999.9,32000.1,32000
2.68,0.5,-0.5,1,0.500284,-8.71836e-05,-0.500284,8.71836e-05,1.00052,-6.5074e-06,32000,31999.9,32000.1,32000
2.681,0.5,-0.5,1,0.500284,-8.63289e-05,-0.500284,8.63289e-05,1.00052,-6.50739e-06,32000,31999.9,32000.1,32000
2.682,0.5,-0.5,1,0.500283,-8.54258e-05,-0.500283,8.54258e-05,1.00052,-6.50737e-06,32000,31999.9,32000.1,32000
2.683,0.5,-0.5,1,0.500283,-8.4477e-05,-0.500283,8.4477e-05,1.00052,-6.50735e-06,32000,31999.9,32000.1,32000
2.684,0.5,-0.5,1,0.500283,-8.34849e-05,-0.500283,8.34849e-05,1.00052,-6.50733e-06,32000,31999.9,32000.1,32000
2.685,0.5,-0.5,1,0.500283,-8.24522e-05,-0.500283,8.24522e-05,1.00052,-6.50731e-06,32000,31999.9,32000.1,32000
2.686,0.5,-0.5,1,0.500283,-8.13811e-05,-0.500283,8.13811e-05,1.00052,-6.50728e-06,32000,31999.9,32000.1,32000
2.687,0.5,-0.5,1,0.500283,-8.02742e-05,-0.500283,8.02742e-05,1.00052,-6.50726e-06,32000,31999.9,32000.1,32000
2.688,0.5,-0.5,1,0.500283,-7.91336e-05,-0.500283,7.91336e-05,1.00052,-6.50723e-06,32000,31999.9,32000.1,32000
2.689,0.5,-0.5,1,0.500283,-7.79618e-05,-0.500283,7.79618e-05,1.00052,-6.5072e-06,32000,31999.9,32000.1,32000
2.69,0.5,-0.5,1,0.500283,-7.6761e-05,-0.500283,7.6761e-05,1.00052,-6.50717e-06,32000,31999.9,32000.1,32000
2.691,0.5,-0.5,1,0.500283,-7.55333e-05,-0.500283,7.55333e-05,1.00052,-6.50713e-06,32000,31999.9,32000.1,32000
2.692,0.5,-0.5,1,0.500283,-7.42808e-05,-0.500283,7.42808e-05,1.00052,-6.5071e-06,32000,31999.9,32000.1,32000
2.693,0.5,-0.5,1,0.500283,-7.30057e-05,-0.500283,7.30057e-05,1.00052,-6.50706e-06,32000,31999.9,32000.1,32000
2.694,0.5,-0.5,1,0.500282,-7.171e-05,-0.500282,7.171e-05,1.00052,-6.50702e-06,32000,31999.9,32000.1,32000
2.695,0.5,-0.5,1,0.500282,-7.03956e-05,-0.500282,7.03956e-05,1.00052,-6.50698e-06,32000,31999.9,32000.1,32000
2.696,0.5,-0.5,1,0.500282,-6.90644e-05,-0.500282,6.90644e-05,1.00052,-6.50694e-06,32000,31999.9,32000.1,32000
2.697,0.5,-0.5,1,0.500282,-6.77184e-05,-0.500282,6.77184e-05,1.00052,-6.5069e-06,32000,31999.9,32000.1,32000
2.698,0.5,-0.5,1,0.500282,-6.63593e-05,-0.500282,6.63593e-05,1.00052,-6.50685e-06,32000,31999.9,32000.1,32000
2.699,0.5,-0.5,1,0.500282,-6.49889e-05,-0.500282,6.49889e-05,1.00052,-6.50681e-06,32000,31999.9,32000.1,32000
2.7,0.5,-0.5,1,0.500282,-6.36089e-05,-0.500282,6.36089e-05,1.00052,-6.50676e-06,32000,31999.9,32000.1,32000
2.701,0.5,-0.5,1,0.500282,-6.22209e-05,-0.500282,6.22209e-05,1.00052,-6.50671e-06,32000,31999.9,32000.1,32000
2.702,0.5,-0.5,1,0.500282,-6.08266e-05,-0.500282,6.08266e-05,1.00052,-6.50666e-06,32000,31999.9,32000.1,32000
2.703,0.5,-0.5,1,0.500282,-5.94276e-05,-0.500282,5.94276e-05,1.00052,-6.50661e-06,32000,31999.9,32000.1,32000
2.704,0.5,-0.5,1,0.500282,-5.80253e-05,-0.500282,5.80253e-05,1.00052,-6.50656e-06,32000,31999.9,32000.1,32000
2.705,0.5,-0.5,1,0.500282,-5.66211e-05,-0.500282,5.66211e-05,1.00052,-6.5065e-06,32000,31999.9,32000.1,32000
2.706,0.5,-0.5,1,0.500282,-5.52165e-05,-0.500282,5.52165e-05,1.00052,-6.50645e-06,32000,31999.9,32000.1,32000
2.707,0.5,-0.5,1,0.500282,-5.38129e-05,-0.500282,5.38129e-05,1.00052,-6.50639e-06,32000,31999.9,32000.1,32000
2.708,0.5,-0.5,1,0.500282,-5.24114e-05,-0.500282,5.24114e-05,1.00052,-6.50633e-06,32000,31999.9,32000.1,32000
2.709,0.5,-0.5,1,0.500282,-5.10135e-05,-0.500282,5.10135e-05,1.00052,-6.50627e-06,32000,31999.9,32000.1,32000
2.71,0.5,-0.5,1,0.500282,-4.96203e-05,-0.500282,4.96203e-05,1.00052,-6.50622e-06,32000,31999.9,32000.1,32000
2.711,0.5,-0.5,1,0.500281,-4.82329e-05,-0.500281,4.82329e-05,1.00052,-6.50616e-06,32000,31999.9,32000.1,32000
2.712,0.5,-0.5,1,0.500281,-4.68525e-05,-0.500281,4.68525e-05,1.00052,-6.50609e-06,32000,31999.9,32000.1,32000
2.713,0.5,-0.5,1,0.500281,-4.54801e-05,-0.500281,4.54801e-05,1.00052,-6.50603e-06,32000,31999.9,32000.1,32000
2.714,0.5,-0.5,1,0.500281,-4.41168e-05,-0.500281,4.41168e-05,1.00052,-6.50597e-06,32000,31999.9,32000.1,32000
2.715,0.5,-0.5,1,0.500281,-4.27635e-05,-0.500281,4.27635e-05,1.00052,-6.5059e-06,32000,31999.9,32000.1,32000
2.716,0.5,-0.5,1,0.500281,-4.14212e-05,-0.500281,4.14212e-05,1.00052,-6.50584e-06,32000,31999.9,32000.1,32000
2.717,0.5,-0.5,1,0.500281,-4.00907e-05,-0.500281,4.00907e-05,1.00052,-6.50577e-06,32000,31999.9,32000.1,32000
2.718,0.5,-0.5,1,0.500281,-3.87729e-05,-0.500281,3.87729e-05,1.00052,-6.50571e-06,32000,31999.9,32000.1,32000
2.719,0.5,-0.5,1,0.500281,-3.74686e-05,-0.500281,3.74686e-05,1.00052,-6.50564e-06,32000,31999.9,32000.1,32000
2.72,0.5,-0.5,1,0.500281,-3.61785e-05,-0.500281,3.61785e-05,1.00052,-6.50557e-06,32000,31999.9,32000.1,32000
2.721,0.5,-0.5,1,0.500281,-3.49035e-05,-0.500281,3.49035e-05,1.00052,-6.5055e-06,32000,31999.9,32000.1,32000
2.722,0.5,-0.5,1,0.500281,-3.3644e-05,-0.500281,3.3644e-05,1.00052,-6.50544e-06,32000,31999.9,32000.1,32000
2.723,0.5,-0.5,1,0.500281,-3.24009e-05,-0.500281,3.24009e-05,1.00052,-6.50537e-06,32000,31999.9,32000.1,32000
2.724,0.5,-0.5,1,0.500281,-3.11746e-05,-0.500281,3.11746e-05,1.00052,-6.5053e-06,32000,31999.9,32000.1,32000
2.725,0.5,-0.5,1,0.500281,-2.99658e-05,-0.500281,2.99658e-05,1.00052,-6.50523e-06,32000,31999.9,32000.1,32000
2.726,0.5,-0.5,1,0.500281,-2.8775e-05,-0.500281,2.8775e-05,1.00052,-6.50515e-06,32000,31999.9,32000.1,32000
2.727,0.5,-0.5,1,0.500281,-2.76027e-05,-0.500281,2.76027e-05,1.00052,-6.50508e-06,32000,31999.9,32000.1,32000
2.728,0.5,-0.5,1,0.500281,-2.64493e-05,-0.500281,2.64493e-05,1.00052,-6.50501e-06,32000,31999.9,32000.1,32000
2.729,0.5,-0.5,1,0.500281,-2.53153e-05,-0.500281,2.53153e-05,1.00052,-6.50494e-06,32000,31999.9,32000.1,32000
2.73,0.5,-0.5,1,0.500281,-2.4201e-05,-0.500281,2.4201e-05,1.00052,-6.50486e-06,32000,31999.9,32000.1,32000
2.731,0.5,-0.5,1,0.500281,-2.31068e-05,-0.500281,2.31068e-05,1.00052,-6.50479e-06,32000,31999.9,32000.1,32000
2.732,0.5,-0.5,1,0.500281,-2.2033e-05,-0.500281,2.2033e-05,1.00052,-6.50472e-06,32000,31999.9,32000.1,32000
2.733,0.5,-0.5,1,0.500281,-2.098e-05,-0.500281,2.098e-05,1.00052,-6.50464e-06,32000,31999.9,32000.1,32000
2.734,0.5,-0.5,1,0.500281,-1.99479e-05,-0.500281,1.99479e-05,1.00052,-6.50457e-06,32000,31999.9,32000.1,32000
2.735,0.5,-0.5,1,0.500281,-1.89371e-05,-0.500281,1.89371e-05,1.00052,-6.50449e-06,32000,31999.9,32000.1,32000
2.736,0.5,-0.5,1,0.500281,-1.79476e-05,-0.500281,1.79476e-05,1.00052,-6.50442e-06,32000,31999.9,32000.1,32000
2.737,0.5,-0.5,1,0.500281,-1.69798e-05,-0.500281,1.69798e-05,1.00052,-6.50434e-06,32000,31999.9,32000.1,32000
2.738,0.5,-0.5,1,0.500281,-1.60337e-05,-0.500281,1.60337e-05,1.00052,-6.50426e-06,32000,31999.9,32000.1,32000
2.739,0.5,-0.5,1,0.500281,-1.51095e-05,-0.500281,1.51095e-05,1.00052,-6.50419e-06,32000,31999.9,32000.1,32000
2.74,0.5,-0.5,1,0.500281,-1.42072e-05,-0.500281,1.42072e-05,1.00052,-6.50411e-06,32000,31999.9,32000.1,32000
2.741,0.5,-0.5,1,0.500281,-1.3327e-05,-0.500281,1.3327e-05,1.00052,-6.50404e-06,32000,31999.9,32000.1,32000
2.742,0.5,-0.5,1,0.500281,-1.24689e-05,-0.500281,1.24689e-05,1.00052,-6.50396e-06,32000,31999.9,32000.1,32000
2.743,0.5,-0.5,1,0.500281,-1.16329e-05,-0.500281,1.16329e-05,1.00052,-6.50388e-06,32000,31999.9,32000.1,32000
2.744,0.5,-0.5,1,0.500281,-1.0819e-05,-0.500281,1.0819e-05,1.00052,-6.5038e-06,32000,31999.9,32000.1,32000
2.745,0.5,-0.5,1,0.500281,-1.00273e-05,-0.500281,1.00273e-05,1.00052,-6.50373e-06,32000,31999.9,32000.1,32000
2.746,0.5,-0.5,1,0.500281,-9.25761e-06,-0.500281,9.25761e-06,1.00052,-6.50365e-06,32000,31999.9,32000.1,32000
2.747,0.5,-0.5,1,0.500281,-8.50996e-06,-0.500281,8.50996e-06,1.00052,-6.50357e-06,32000,31999.9,32000.1,32000
2.748,0.5,-0.5,1,0.500281,-7.78426e-06,-0.500281,7.78426e-06,1.00052,-6.50349e-06,32000,32000,32000,32000
2.749,0.5,-0.5,1,0.500281,-7.08041e-06,-0.500281,7.08041e-06,1.00052,-6.50341e-06,32000,32000,32000,32000
2.75,0.5,-0.5,1,0.500281,-6.39831e-06,-0.500281,6.39831e-06,1.00052,-6.50334e-06,32000,32000,32000,32000
2.751,0.5,-0.5,1,0.500281,-5.73783e-06,-0.500281,5.73783e-06,1.00052,-6.50326e-06,32000,32000,32000,32000
2.752,0.5,-0.5,1,0.500281,-5.09882e-06,-0.500281,5.09882e-06,1.00052,-6.50318e-06,32000,32000,32000,32000
2.753,0.5,-0.5,1,0.500281,-4.48112e-06,-0.500281,4.48112e-06,1.00052,-6.5031e-06,32000,32000,32000,32000
2.754,0.5,-0.5,1,0.500281,-3.88457e-06,-0.500281,3.88457e-06,1.00052,-6.50302e-06,32000,32000,32000,32000
2.755,0.5,-0.5,1,0.500281,-3.30898e-06,-0.500281,3.30898e-06,1.00052,-6.50294e-06,32000,32000,32000,32000
2.756,0.5,-0.5,1,0.500281,-2.75414e-06,-0.500281,2.75414e-06,1.00052,-6.50286e-06,32000,32000,32000,32000
2.757,0.5,-0.5,1,0.500281,-2.21984e-06,-0.500281,2.21984e-06,1.00052,-6.50279e-06,32000,32000,32000,32000
2.758,0.5,-0.5,1,0.500281,-1.70586e-06,-0.500281,1.70586e-06,1.00052,-6.50271e-06,32000,32000,32000,32000
2.759,0.5,-0.5,1,0.50028,-1.21196e-06,-0.50028,1.21196e-06,1.00052,-6.50263e-06,32000,32000,32000,32000
2.76,0.5,-0.5,1,0.50028,-7.37889e-07,-0.50028,7.37889e-07,1.00052,-6.50255e-06,32000,32000,32000,32000
2.761,0.5,-0.5,1,0.50028,-2.834e-07,-0.50028,2.834e-07,1.00052,-6.50247e-06,32000,32000,32000,32000
2.762,0.5,-0.5,1,0.50028,1.51779e-07,-0.50028,-1.51779e-07,1.00052,-6.50239e-06,32000,32000,32000,32000
2.763,0.5,-0.5,1,0.50028,5.67923e-07,-0.50028,-5.67923e-07,1.00052,-6.50231e-06,32000,32000,32000,32000
2.764,0.5,-0.5,1,0.50028,9.65315e-07,-0.50028,-9.65315e-07,1.00052,-6.50223e-06,32000,32000,32000,32000
2.765,0.5,-0.5,1,0.500281,1.34425e-06,-0.500281,-1.34425e-06,1.00052,-6.50215e-06,32000,32000,32000,32000
2.766,0.5,-0.5,1,0.500281,1.70502e-06,-0.500281,-1.70502e-06,1.00052,-6.50207e-06,32000,32000,32000,32000
2.767,0.5,-0.5,1,0.500281,2.04793e-06,-0.500281,-2.04793e-06,1.00052,-6.50199e-06,32000,32000,32000,32000
2.768,0.5,-0.5,1,0.500281,2.3733e-06,-0.500281,-2.3733e-06,1.00052,-6.50191e-06,32000,32000,32000,32000
2.769,0.5,-0.5,1,0.500281,2.68144e-06,-0.500281,-2.68144e-06,1.00052,-6.50183e-06,32000,32000,32000,32000
2.77,0.5,-0.5,1,0.500281,2.97267e-06,-0.500281,-2.97267e-06,1.00052,-6.50175e-06,32000,32000,32000,32000
2.771,0.5,-0.5,1,0.500281,3.24733e-06,-0.500281,-3.24733e-06,1.00052,-6.50167e-06,32000,32000,32000,32000
2.772,0.5,-0.5,1,0.500281,3.50573e-06,-0.500281,-3.50573e-06,1.00052,-6.50159e-06,32000,32000,32000,32000
2.773,0.5,-0.5,1,0.500281,3.74822e-06,-0.500281,-3.74822e-06,1.00052,-6.50151e-06,32000,32000,32000,32000
2.774,0.5,-0.5,1,0.500281,3.97513e-06,-0.500281,-3.97513e-06,1.00052,-6.50143e-06,32000,32000,32000,32000
2.775,0.5,-0.5,1,0.500281,4.18681e-06,-0.500281,-4.18681e-06,1.00052,-6.50135e-06,32000,32000,32000,32000
2.776,0.5,-0.5,1,0.500281,4.38359e-06,-0.500281,-4.38359e-06,1.00052,-6.50127e-06,32000,32000,32000,32000
2.777,0.5,-0.5,1,0.500281,4.56582e-06,-0.500281,-4.56582e-06,1.00052,-6.50119e-06,32000,32000,32000,32000
2.778,0.5,-0.5,1,0.500281,4.73385e-06,-0.500281,-4.73385e-06,1.00052,-6.50111e-06,32000,32000,32000,32000
2.779,0.5,-0.5,1,0.500281,4.88802e-06,-0.500281,-4.88802e-06,1.00052,-6.50103e-06,32000,32000,32000,32000
2.78,0.5,-0.5,1,0.500281,5.02868e-06,-0.500281,-5.02868e-06,1.00052,-6.50095e-06,32000,32000,32000,32000
2.781,0.5,-0.5,1,0.500281,5.15619e-06,-0.500281,-5.15619e-06,1.00052,-6.50087e-06,32000,32000,32000,32000
2.782,0.5,-0.5,1,0.500281,5.27088e-06,-0.500281,-5.27088e-06,1.00052,-6.50079e-06,32000,32000,32000,32000
2.783,0.5,-0.5,1,0.500281,5.37312e-06,-0.500281,-5.37312e-06,1.00052,-6.50071e-06,32000,32000,32000,32000
2.784,0.5,-0.5,1,0.500281,5.46323e-06,-0.500281,-5.46323e-06,1.00052,-6.50063e-06,32000,32000,32000,32000
2.785,0.5,-0.5,1,0.500281,5.54158e-06,-0.500281,-5.54158e-06,1.00052,-6.50055e-06,32000,32000,32000,32000
2.786,0.5,-0.5,1,0.500281,5.60851e-06,-0.500281,-5.60851e-06,1.00052,-6.50047e-06,32000,32000,32000,32000
2.787,0.5,-0.5,1,0.500281,5.66436e-06,-0.500281,-5.66436e-06,1.00052,-6.50039e-06,32000,32000,32000,32000
2.788,0.5,-0.5,1,0.500281,5.70948e-06,-0.500281,-5.70948e-06,1.00052,-6.50031e-06,32000,32000,32000,32000
2.789,0.5,-0.5,1,0.500281,5.7442e-06,-0.500281,-5.7442e-06,1.00052,-6.50023e-06,32000,32000,32000,32000
2.79,0.5,-0.5,1,0.500281,5.76886e-06,-0.500281,-5.76886e-06,1.00052,-6.50015e-06,32000,32000,32000,32000
2.791,0.5,-0.5,1,0.500281,5.78381e-06,-0.500281,-5.78381e-06,1.00052,-6.50007e-06,32000,32000,32000,32000
2.792,0.5,-0.5,1,0.500281,5.78937e-06,-0.500281,-5.78937e-06,1.00052,-6.49999e-06,32000,32000,32000,32000
2.793,0.5,-0.5,1,0.500281,5.78587e-06,-0.500281,-5.78587e-06,1.00052,-6.49991e-06,32000,32000,32000,32000
2.794,0.5,-0.5,1,0.500281,5.77364e-06,-0.500281,-5.77364e-06,1.00052,-6.49983e-06,32000,32000,32000,32000
2.795,0.5,-0.5,1,0.500281,5.753e-06,-0.500281,-5.753e-06,1.00052,-6.49975e-06,32000,32000,32000,32000
2.796,0.5,-0.5,1,0.500281,5.72427e-06,-0.500281,-5.72427e-06,1.00052,-6.49967e-06,32000,32000,32000,32000
2.797,0.5,-0.5,1,0.500281,5.68778e-06,-0.500281,-5.68778e-06,1.00052,-6.49959e-06,32000,32000,32000,32000
2.798,0.5,-0.5,1,0.500281,5.64383e-06,-0.500281,-5.64383e-06,1.00052,-6.49951e-06,32000,32000,32000,32000
2.799,0.5,-0.5,1,0.500281,5.59272e-06,-0.500281,-5.59272e-06,1.00052,-6.49943e-06,32000,32000,32000,32000
2.8,0.5,-0.5,1,0.500281,5.53477e-06,-0.500281,-5.53477e-06,1.00052,-6.49935e-06,32000,32000,32000,32000
2.801,0.5,-0.5,1,0.500281,5.47028e-06,-0.500281,-5.47028e-06,1.00052,-6.49927e-06,32000,32000,32000,32000
2.802,0.5,-0.5,1,0.500281,5.39953e-06,-0.500281,-5.39953e-06,1.00052,-6.49919e-06,32000,32000,32000,32000
2.803,0.5,-0.5,1,0.500281,5.32283e-06,-0.500281,-5.32283e-06,1.00052,-6.49911e-06,32000,32000,32000,32000
2.804,0.5,-0.5,1,0.500281,5.24045e-06,-0.500281,-5.24045e-06,1.00052,-6.49903e-06,32000,32000,32000,32000
2.805,0.5,-0.5,1,0.500281,5.15267e-06,-0.500281,-5.15267e-06,1.00052,-6.49895e-06,32000,32000,32000,32000
2.806,0.5,-0.5,1,0.500281,5.05979e-06,-0.500281,-5.05979e-06,1.00052,-6.49887e-06,32000,32000,32000,32000
2.807,0.5,-0.5,1,0.500281,4.96205e-06,-0.500281,-4.96205e-06,1.00052,-6.49879e-06,32000,32000,32000,32000
2.808,0.5,-0.5,1,0.500281,4.85974e-06,-0.500281,-4.85974e-06,1.00052,-6.49871e-06,32000,32000,32000,32000
2.809,0.5,-0.5,1,0.500281,4.7531e-06,-0.500281,-4.7531e-06,1.00052,-6.49863e-06,32000,32000,32000,32000
2.81,0.5,-0.5,1,0.500281,4.64241e-06,-0.500281,-4.64241e-06,1.00052,-6.49854e-06,32000,32000,32000,32000
2.811,0.5,-0.5,1,0.500281,4.5279e-06,-0.500281,-4.5279e-06,1.00052,-6.49846e-06,32000,32000,32000,32000
2.812,0.5,-0.5,1,0.500281,4.40983e-06,-0.500281,-4.40983e-06,1.00052,-6.49838e-06,32000,32000,32000,32000
2.813,0.5,-0.5,1,0.500281,4.28843e-06,-0.500281,-4.28843e-06,1.00052,-6.4983e-06,32000,32000,32000,32000
2.814,0.5,-0.5,1,0.500281,4.16394e-06,-0.500281,-4.16394e-06,1.00052,-6.49822e-06,32000,32000,32000,32000
2.815,0.5,-0.5,1,0.500281,4.03658e-06,-0.500281,-4.03658e-06,1.00052,-6.49814e-06,32000,32000,32000,32000
2.816,0.5,-0.5,1,0.500281,3.90659e-06,-0.500281,-3.90659e-06,1.00052,-6.49806e-06,32000,32000,32000,32000
2.817,0.5,-0.5,1,0.500281,3.77418e-06,-0.500281,-3.77418e-06,1.00052,-6.49798e-06,32000,32000,32000,32000
2.818,0.5,-0.5,1,0.500281,3.63955e-06,-0.500281,-3.63955e-06,1.00052,-6.4979e-06,32000,32000,32000,32000
2.819,0.5,-0.5,1,0.500281,3.50293e-06,-0.500281,-3.50293e-06,1.00052,-6.49782e-06,32000,32000,32000,32000
2.82,0.5,-0.5,1,0.500281,3.3645e-06,-0.500281,-3.3645e-06,1.00052,-6.49774e-06,32000,32000,32000,32000
2.821,0.5,-0.5,1,0.500281,3.22447e-06,-0.500281,-3.22447e-06,1.00052,-6.49766e-06,32000,32000,32000,32000
2.822,0.5,-0.5,1,0.500281,3.08303e-06,-0.500281,-3.08303e-06,1.00052,-6.49758e-06,32000,32000,32000,32000
2.823,0.5,-0.5,1,0.500281,2.94036e-06,-0.500281,-2.94036e-06,1.00052,-6.49749e-06,32000,32000,32000,32000
2.824,0.5,-0.5,1,0.500281,2.79664e-06,-0.500281,-2.79664e-06,1.00052,-6.49741e-06,32000,32000,32000,32000
2.825,0.5,-0.5,1,0.500281,2.65205e-06,-0.500281,-2.65205e-06,1.00052,-6.49733e-06,32000,32000,32000,32000
2.826,0.5,-0.5,1,0.500281,2.50676e-06,-0.500281,-2.50676e-06,1.00052,-6.49725e-06,32000,32000,32000,32000
2.827,0.5,-0.5,1,0.500281,2.36092e-06,-0.500281,-2.36092e-06,1.00052,-6.49717e-06,32000,32000,32000,32000
2.828,0.5,-0.5,1,0.500281,2.2147e-06,-0.500281,-2.2147e-06,1.00052,-6.49709e-06,32000,32000,32000,32000
2.829,0.5,-0.5,1,0.500281,2.06825e-06,-0.500281,-2.06825e-06,1.00052,-6.49701e-06,32000,32000,32000,32000
2.83,0.5,-0.5,1,0.500281,1.92172e-06,-0.500281,-1.92172e-06,1.00052,-6.49693e-06,32000,32000,32000,32000
2.831,0.5,-0.5,1,0.500281,1.77525e-06,-0.500281,-1.77525e-06,1.00052,-6.49685e-06,32000,32000,32000,32000
2.832,0.5,-0.5,1,0.500281,1.62897e-06,-0.500281,-1.62897e-06,1.00052,-6.49677e-06,32000,32000,32000,32000
2.833,0.5,-0.5,1,0.500281,1.48303e-06,-0.500281,-1.48303e-06,1.00052,-6.49669e-06,32000,32000,32000,32000
2.834,0.5,-0.5,1,0.500281,1.33754e-06,-0.500281,-1.33754e-06,1.00052,-6.4966e-06,32000,32000,32000,32000
2.835,0.5,-0.5,1,0.500281,1.19264e-06,-0.500281,-1.19264e-06,1.00052,-6.49652e-06,32000,32000,32000,32000
2.836,0.5,-0.5,1,0.500281,1.04843e-06,-0.500281,-1.04843e-06,1.00052,-6.49644e-06,32000,32000,32000,32000
2.837,0.5,-0.5,1,0.500281,9.05028e-07,-0.500281,-9.05028e-07,1.00052,-6.49636e-06,32000,32000,32000,32000
2.838,0.5,-0.5,1,0.500281,7.62545e-07,-0.500281,-7.62545e-07,1.00052,-6.49628e-06,32000,32000,32000,32000
2.839,0.5,-0.5,1,0.500281,6.21082e-07,-0.500281,-6.21082e-07,1.00052,-6.4962e-06,32000,32000,32000,32000
2.84,0.5,-0.5,1,0.500281,4.80738e-07,-0.500281,-4.80738e-07,1.00052,-6.49612e-06,32000,32000,32000,32000
2.841,0.5,-0.5,1,0.500281,3.41606e-07,-0.500281,-3.41606e-07,1.00052,-6.49604e-06,32000,32000,32000,32000
2.842,0.5,-0.5,1,0.500281,2.03776e-07,-0.500281,-2.03776e-07,1.00052,-6.49596e-06,32000,32000,32000,32000
2.843,0.5,-0.5,1,0.500281,6.73316e-08,-0.500281,-6.73316e-08,1.00052,-6.49587e-06,32000,32000,32000,32000
2.844,0.5,-0.5,1,0.500281,-6.76457e-08,-0.500281,6.76457e-08,1.00052,-6.49579e-06,32000,32000,32000,32000
2.845,0.5,-0.5,1,0.500281,-2.0108e-07,-0.500281,2.0108e-07,1.00052,-6.49571e-06,32000,32000,32000,32000
2.846,0.5,-0.5,1,0.500281,-3.32899e-07,-0.500281,3.32899e-07,1.00052,-6.49563e-06,32000,32000,32000,32000
2.847,0.5,-0.5,1,0.500281,-4.63036e-07,-0.500281,4.63036e-07,1.00052,-6.49555e-06,32000,32000,32000,32000
2.848,0.5,-0.5,1,0.500281,-5.91425e-07,-0.500281,5.91425e-07,1.00052,-6.49547e-06,32000,32000,32000,32000
2.849,0.5,-0.5,1,0.500281,-7.18008e-07,-0.500281,7.18008e-07,1.00052,-6.49539e-06,32000,32000,32000,32000
2.85,0.5,-0.5,1,0.500281,-8.42728e-07,-0.500281,8.42728e-07,1.00052,-6.49531e-06,32000,32000,32000,32000
2.851,0.5,-0.5,1,0.500281,-9.65534e-07,-0.500281,9.65534e-07,1.00052,-6.49523e-06,32000,32000,32000,32000
2.852,0.5,-0.5,1,0.500281,-1.08637e-06,-0.500281,1.08637e-06,1.00052,-6.49514e-06,32000,32000,32000,32000
2.853,0.5,-0.5,1,0.500281,-1.20521e-06,-0.500281,1.20521e-06,1.00052,-6.49506e-06,32000,32000,32000,32000
2.854,0.5,-0.5,1,0.500281,-1.32199e-06,-0.500281,1.32199e-06,1.00052,-6.49498e-06,32000,32000,32000,32000
2.855,0.5,-0.5,1,0.500281,-1.43668e-06,-0.500281,1.43668e-06,1.00052,-6.4949e-06,32000,32000,32000,32000
2.856,0.5,-0.5,1,0.500281,-1.54926e-06,-0.500281,1.54926e-06,1.00052,-6.49482e-06,32000,32000,32000,32000
2.857,0.5,-0.5,1,0.500281,-1.65967e-06,-0.500281,1.65967e-06,1.00052,-6.49474e-06,32000,32000,32000,32000
2.858,0.5,-0.5,1,0.500281,-1.76791e-06,-0.500281,1.76791e-06,1.00052,-6.49466e-06,32000,32000,32000,32000
2.859,0.5,-0.5,1,0.500281,-1.87394e-06,-0.500281,1.87394e-06,1.00052,-6.49458e-06,32000,32000,32000,32000
2.86,0.5,-0.5,1,0.500281,-1.97773e-06,-0.500281,1.97773e-06,1.00052,-6.4945e-06,32000,32000,32000,32000
2.861,0.5,-0.5,1,0.500281,-2.07928e-06,-0.500281,2.07928e-06,1.00052,-6.49441e-06,32000,32000,32000,32000
2.862,0.5,-0.5,1,0.500281,-2.17856e-06,-0.500281,2.17856e-06,1.00052,-6.49433e-06,32000,32000,32000,32000
2.863,0.5,-0.5,1,0.500281,-2.27557e-06,-0.500281,2.27557e-06,1.00052,-6.49425e-06,32000,32000,32000,32000
2.864,0.5,-0.5,1,0.500281,-2.37028e-06,-0.500281,2.37028e-06,1.00052,-6.49417e-06,32000,32000,32000,32000
2.865,0.5,-0.5,1,0.500281,-2.4627e-06,-0.500281,2.4627e-06,1.00052,-6.49409e-06,32000,32000,32000,32000
2.866,0.5,-0.5,1,0.500281,-2.55281e-06,-0.500281,2.55281e-06,1.00052,-6.49401e-06,32000,32000,32000,32000
2.867,0.5,-0.5,1,0.500281,-2.64061e-06,-0.500281,2.64061e-06,1.00052,-6.49393e-06,32000,32000,32000,32000
2.868,0.5,-0.5,1,0.500281,-2.7261e-06,-0.500281,2.7261e-06,1.00052,-6.49385e-06,32000,32000,32000,32000
2.869,0.5,-0.5,1,0.500281,-2.80928e-06,-0.500281,2.80928e-06,1.00052,-6.49377e-06,32000,32000,32000,32000
2.87,0.5,-0.5,1,0.500281,-2.89016e-06,-0.500281,2.89016e-06,1.00052,-6.49368e-06,32000,32000,32000,32000
2.871,0.5,-0.5,1,0.500281,-2.96874e-06,-0.500281,2.96874e-06,1.00052,-6.4936e-06,32000,32000,32000,32000
2.872,0.5,-0.5,1,0.500281,-3.04503e-06,-0.500281,3.04503e-06,1.00052,-6.49352e-06,32000,32000,32000,32000
2.873,0.5,-0.5,1,0.500281,-3.11903e-06,-0.500281,3.11903e-06,1.00052,-6.49344e-06,32000,32000,32000,32000
2.874,0.5,-0.5,1,0.500281,-3.19076e-06,-0.500281,3.19076e-06,1.00052,-6.49336e-06,32000,32000,32000,32000
2.875,0.5,-0.5,1,0.500281,-3.26023e-06,-0.500281,3.26023e-06,1.00052,-6.49328e-06,32000,32000,32000,32000
2.876,0.5,-0.5,1,0.500281,-3.32746e-06,-0.500281,3.32746e-06,1.00052,-6.4932e-06,32000,32000,32000,32000
2.877,0.5,-0.5,1,0.500281,-3.39245e-06,-0.500281,3.39245e-06,1.00052,-6.49312e-06,32000,32000,32000,32000
2.878,0.5,-0.5,1,0.500281,-3.45524e-06,-0.500281,3.45524e-06,1.00052,-6.49303e-06,32000,32000,32000,32000
2.879,0.5,-0.5,1,0.500281,-3.51583e-06,-0.500281,3.51583e-06,1.00052,-6.49295e-06,32000,32000,32000,32000
2.88,0.5,-0.5,1,0.500281,-3.57426e-06,-0.500281,3.57426e-06,1.00052,-6.49287e-06,32000,32000,32000,32000
2.881,0.5,-0.5,1,0.500281,-3.63053e-06,-0.500281,3.63053e-06,1.00052,-6.49279e-06,32000,32000,32000,32000
2.882,0.5,-0.5,1,0.500281,-3.68467e-06,-0.500281,3.68467e-06,1.00052,-6.49271e-06,32000,32000,32000,32000
2.883,0.5,-0.5,1,0.500281,-3.73672e-06,-0.500281,3.73672e-06,1.00052,-6.49263e-06,32000,32000,32000,32000
2.884,0.5,-0.5,1,0.500281,-3.78668e-06,-0.500281,3.78668e-06,1.00052,-6.49255e-06,32000,32000,32000,32000
2.885,0.5,-0.5,1,0.500281,-3.8346e-06,-0.500281,3.8346e-06,1.00052,-6.49247e-06,32000,32000,32000,32000
2.886,0.5,-0.5,1,0.500281,-3.88049e-06,-0.500281,3.88049e-06,1.00052,-6.49239e-06,32000,32000,32000,32000
2.887,0.5,-0.5,1,0.500281,-3.92439e-06,-0.500281,3.92439e-06,1.00052,-6.4923e-06,32000,32000,32000,32000
2.888,0.5,-0.5,1,0.500281,-3.96633e-06,-0.500281,3.96633e-06,1.00052,-6.49222e-06,32000,32000,32000,32000
2.889,0.5,-0.5,1,0.500281,-4.00633e-06,-0.500281,4.00633e-06,1.00052,-6.49214e-06,32000,32000,32000,32000
2.89,0.5,-0.5,1,0.500281,-4.04443e-06,-0.500281,4.04443e-06,1.00052,-6.49206e-06,32000,32000,32000,32000
2.891,0.5,-0.5,1,0.500281,-4.08065e-06,-0.500281,4.08065e-06,1.00052,-6.49198e-06,32000,32000,32000,32000
2.892,0.5,-0.5,1,0.500281,-4.11504e-06,-0.500281,4.11504e-06,1.00052,-6.4919e-06,32000,32000,32000,32000
2.893,0.5,-0.5,1,0.500281,-4.14762e-06,-0.500281,4.14762e-06,1.00052,-6.49182e-06,32000,32000,32000,32000
2.894,0.5,-0.5,1,0.500281,-4.17842e-06,-0.500281,4.17842e-06,1.00052,-6.49174e-06,32000,32000,32000,32000
2.895,0.5,-0.5,1,0.500281,-4.20749e-06,-0.500281,4.20749e-06,1.00052,-6.49165e-06,32000,32000,32000,32000
2.896,0.5,-0.5,1,0.500281,-4.23485e-06,-0.500281,4.23485e-06,1.00052,-6.49157e-06,32000,32000,32000,32000
2.897,0.5,-0.5,1,0.500281,-4.26054e-06,-0.500281,4.26054e-06,1.00052,-6.49149e-06,32000,32000,32000,32000
2.898,0.5,-0.5,1,0.500281,-4.2846e-06,-0.500281,4.2846e-06,1.00052,-6.49141e-06,32000,32000,32000,32000
2.899,0.5,-0.5,1,0.500281,-4.30705e-06,-0.500281,4.30705e-06,1.00052,-6.49133e-06,32000,32000,32000,32000
2.9,0.5,-0.5,1,0.500281,-4.32795e-06,-0.500281,4.32795e-06,1.00052,-6.49125e-06,32000,32000,32000,32000
2.901,0.5,-0.5,1,0.500281,-4.34731e-06,-0.500281,4.34731e-06,1.00052,-6.49117e-06,32000,32000,32000,32000
2.902,0.5,-0.5,1,0.500281,-4.36519e-06,-0.500281,4.36519e-06,1.00052,-6.49109e-06,32000,32000,32000,32000
2.903,0.5,-0.5,1,0.500281,-4.3816e-06,-0.500281,4.3816e-06,1.00052,-6.49101e-06,32000,32000,32000,32000
2.904,0.5,-0.5,1,0.500281,-4.3966e-06,-0.500281,4.3966e-06,1.00052,-6.49092e-06,32000,32000,32000,32000
2.905,0.5,-0.5,1,0.500281,-4.41022e-06,-0.500281,4.41022e-06,1.00052,-6.49084e-06,32000,32000,32000,32000
2.906,0.5,-0.5,1,0.500281,-4.42249e-06,-0.500281,4.42249e-06,1.00052,-6.49076e-06,32000,32000,32000,32000
2.907,0.5,-0.5,1,0.500281,-4.43345e-06,-0.500281,4.43345e-06,1.00052,-6.49068e-06,32000,32000,32000,32000
2.908,0.5,-0.5,1,0.500281,-4.44313e-06,-0.500281,4.44313e-06,1.00052,-6.4906e-06,32000,32000,32000,32000
2.909,0.5,-0.5,1,0.500281,-4.45158e-06,-0.500281,4.45158e-06,1.00052,-6.49052e-06,32000,32000,32000,32000
2.91,0.5,-0.5,1,0.500281,-4.45883e-06,-0.500281,4.45883e-06,1.00052,-6.49044e-06,32000,32000,32000,32000
2.911,0.5,-0.5,1,0.500281,-4.46491e-06,-0.500281,4.46491e-06,1.00052,-6.49036e-06,32000,32000,32000,32000
2.912,0.5,-0.5,1,0.500281,-4.46986e-06,-0.500281,4.46986e-06,1.00052,-6.49027e-06,32000,32000,32000,32000
2.913,0.5,-0.5,1,0.500281,-4.47372e-06,-0.500281,4.47372e-06,1.00052,-6.49019e-06,32000,32000,32000,32000
2.914,0.5,-0.5,1,0.500281,-4.47652e-06,-0.500281,4.47652e-06,1.00052,-6.49011e-06,32000,32000,32000,32000
2.915,0.5,-0.5,1,0.500281,-4.47829e-06,-0.500281,4.47829e-06,1.00052,-6.49003e-06,32000,32000,32000,32000
2.916,0.5,-0.5,1,0.500281,-4.47908e-06,-0.500281,4.47908e-06,1.00052,-6.48995e-06,32000,32000,32000,32000
2.917,0.5,-0.5,1,0.500281,-4.47891e-06,-0.500281,4.47891e-06,1.00052,-6.48987e-06,32000,32000,32000,32000
2.918,0.5,-0.5,1,0.500281,-4.47782e-06,-0.500281,4.47782e-06,1.00052,-6.48979e-06,32000,32000,32000,32000
2.919,0.5,-0.5,1,0.500281,-4.47585e-06,-0.500281,4.47585e-06,1.00052,-6.48971e-06,32000,32000,32000,32000
2.92,0.5,-0.5,1,0.500281,-4.47302e-06,-0.500281,4.47302e-06,1.00052,-6.48963e-06,32000,32000,32000,32000
2.921,0.5,-0.5,1,0.500281,-4.46938e-06,-0.500281,4.46938e-06,1.00052,-6.48954e-06,32000,32000,32000,32000
2.922,0.5,-0.5,1,0.500281,-4.46494e-06,-0.500281,4.46494e-06,1.00052,-6.48946e-06,32000,32000,32000,32000
2.923,0.5,-0.5,1,0.500281,-4.45976e-06,-0.500281,4.45976e-06,1.00052,-6.48938e-06,32000,32000,32000,32000
2.924,0.5,-0.5,1,0.500281,-4.45384e-06,-0.500281,4.45384e-06,1.00052,-6.4893e-06,32000,32000,32000,32000
2.925,0.5,-0.5,1,0.500281,-4.44724e-06,-0.500281,4.44724e-06,1.00052,-6.48922e-06,32000,32000,32000,32000
2.926,0.5,-0.5,1,0.500281,-4.43998e-06,-0.500281,4.43998e-06,1.00052,-6.48914e-06,32000,32000,32000,32000
2.927,0.5,-0.5,1,0.500281,-4.43209e-06,-0.500281,4.43209e-06,1.00052,-6.48906e-06,32000,32000,32000,32000
2.928,0.5,-0.5,1,0.500281,-4.4236e-06,-0.500281,4.4236e-06,1.00052,-6.48898e-06,32000,32000,32000,32000
2.929,0.5,-0.5,1,0.500281,-4.41453e-06,-0.500281,4.41453e-06,1.00052,-6.4889e-06,32000,32000,32000,32000
2.93,0.5,-0.5,1,0.500281,-4.40493e-06,-0.500281,4.40493e-06,1.00052,-6.48881e-06,32000,32000,32000,32000
2.931,0.5,-0.5,1,0.500281,-4.39481e-06,-0.500281,4.39481e-06,1.00052,-6.48873e-06,32000,32000,32000,32000
2.932,0.5,-0.5,1,0.50028,-4.38421e-06,-0.50028,4.38421e-06,1.00052,-6.48865e-06,32000,32000,32000,32000
2.933,0.5,-0.5,1,0.50028,-4.37315e-06,-0.50028,4.37315e-06,1.00052,-6.48857e-06,32000,32000,32000,32000
2.934,0.5,-0.5,1,0.50028,-4.36166e-06,-0.50028,4.36166e-06,1.00052,-6.48849e-06,32000,32000,32000,32000
2.935,0.5,-0.5,1,0.50028,-4.34976e-06,-0.50028,4.34976e-06,1.00052,-6.48841e-06,32000,32000,32000,32000
2.936,0.5,-0.5,1,0.50028,-4.33749e-06,-0.50028,4.33749e-06,1.00052,-6.48833e-06,32000,32000,32000,32000
2.937,0.5,-0.5,1,0.50028,-4.32486e-06,-0.50028,4.32486e-06,1.00052,-6.48825e-06,32000,32000,32000,32000
2.938,0.5,-0.5,1,0.50028,-4.3119e-06,-0.50028,4.3119e-06,1.00052,-6.48817e-06,32000,32000,32000,32000
2.939,0.5,-0.5,1,0.50028,-4.29864e-06,-0.50028,4.29864e-06,1.00052,-6.48808e-06,32000,32000,32000,32000
2.94,0.5,-0.5,1,0.50028,-4.2851e-06,-0.50028,4.2851e-06,1.00052,-6.488e-06,32000,32000,32000,32000
2.941,0.5,-0.5,1,0.50028,-4.27129e-06,-0.50028,4.27129e-06,1.00052,-6.48792e-06,32000,32000,32000,32000
2.942,0.5,-0.5,1,0.50028,-4.25726e-06,-0.50028,4.25726e-06,1.00052,-6.48784e-06,32000,32000,32000,32000
2.943,0.5,-0.5,1,0.50028,-4.243e-06,-0.50028,4.243e-06,1.00052,-6.48776e-06,32000,32000,32000,32000
2.944,0.5,-0.5,1,0.50028,-4.22856e-06,-0.50028,4.22856e-06,1.00052,-6.48768e-06,32000,32000,32000,32000
2.945,0.5,-0.5,1,0.50028,-4.21394e-06,-0.50028,4.21394e-06,1.00052,-6.4876e-06,32000,32000,32000,32000
2.946,0.5,-0.5,1,0.50028,-4.19916e-06,-0.50028,4.19916e-06,1.00052,-6.48752e-06,32000,32000,32000,32000
2.947,0.5,-0.5,1,0.50028,-4.18426e-06,-0.50028,4.18426e-06,1.00052,-6.48743e-06,32000,32000,32000,32000
2.948,0.5,-0.5,1,0.50028,-4.16924e-06,-0.50028,4.16924e-06,1.00052,-6.48735e-06,32000,32000,32000,32000
2.949,0.5,-0.5,1,0.50028,-4.15413e-06,-0.50028,4.15413e-06,1.00052,-6.48727e-06,32000,32000,32000,32000
2.95,0.5,-0.5,1,0.50028,-4.13893e-06,-0.50028,4.13893e-06,1.00052,-6.48719e-06,32000,32000,32000,32000
2.951,0.5,-0.5,1,0.50028,-4.12368e-06,-0.50028,4.12368e-06,1.00052,-6.48711e-06,32000,32000,32000,32000
2.952,0.5,-0.5,1,0.50028,-4.10838e-06,-0.50028,4.10838e-06,1.00052,-6.48703e-06,32000,32000,32000,32000
2.953,0.5,-0.5,1,0.50028,-4.09305e-06,-0.50028,4.09305e-06,1.00052,-6.48695e-06,32000,32000,32000,32000
2.954,0.5,-0.5,1,0.50028,-4.07771e-06,-0.50028,4.07771e-06,1.00052,-6.48687e-06,32000,32000,32000,32000
2.955,0.5,-0.5,1,0.50028,-4.06238e-06,-0.50028,4.06238e-06,1.00052,-6.48679e-06,32000,32000,32000,32000
2.956,0.5,-0.5,1,0.50028,-4.04706e-06,-0.50028,4.04706e-06,1.00052,-6.4867e-06,32000,32000,32000,32000
2.957,0.5,-0.5,1,0.50028,-4.03177e-06,-0.50028,4.03177e-06,1.00052,-6.48662e-06,32000,32000,32000,32000
2.958,0.5,-0.5,1,0.50028,-4.01652e-06,-0.50028,4.01652e-06,1.00052,-6.48654e-06,32000,32000,32000,32000
2.959,0.5,-0.5,1,0.50028,-4.00133e-06,-0.50028,4.00133e-06,1.00052,-6.48646e-06,32000,32000,32000,32000
2.96,0.5,-0.5,1,0.50028,-3.98622e-06,-0.50028,3.98622e-06,1.00052,-6.48638e-06,32000,32000,32000,32000
2.961,0.5,-0.5,1,0.50028,-3.97118e-06,-0.50028,3.97118e-06,1.00052,-6.4863e-06,32000,32000,32000,32000
2.962,0.5,-0.5,1,0.50028,-3.95624e-06,-0.50028,3.95624e-06,1.00052,-6.48622e-06,32000,32000,32000,32000
2.963,0.5,-0.5,1,0.50028,-3.9414e-06,-0.50028,3.9414e-06,1.00052,-6.48614e-06,32000,32000,32000,32000
2.964,0.5,-0.5,1,0.50028,-3.92667e-06,-0.50028,3.92667e-06,1.00052,-6.48606e-06,32000,32000,32000,32000
2.965,0.5,-0.5,1,0.50028,-3.91207e-06,-0.50028,3.91207e-06,1.00052,-6.48597e-06,32000,32000,32000,32000
2.966,0.5,-0.5,1,0.50028,-3.8976e-06,-0.50028,3.8976e-06,1.00052,-6.48589e-06,32000,32000,32000,32000
2.967,0.5,-0.5,1,0.50028,-3.88327e-06,-0.50028,3.88327e-06,1.00052,-6.48581e-06,32000,32000,32000,32000
2.968,0.5,-0.5,1,0.50028,-3.8691e-06,-0.50028,3.8691e-06,1.00052,-6.48573e-06,32000,32000,32000,32000
2.969,0.5,-0.5,1,0.50028,-3.85508e-06,-0.50028,3.85508e-06,1.00052,-6.48565e-06,32000,32000,32000,32000
2.97,0.5,-0.5,1,0.50028,-3.84123e-06,-0.50028,3.84123e-06,1.00052,-6.48557e-06,32000,32000,32000,32000
2.971,0.5,-0.5,1,0.50028,-3.82756e-06,-0.50028,3.82756e-06,1.00052,-6.48549e-06,32000,32000,32000,32000
2.972,0.5,-0.5,1,0.50028,-3.81406e-06,-0.50028,3.81406e-06,1.00052,-6.48541e-06,32000,32000,32000,32000
2.973,0.5,-0.5,1,0.50028,-3.80075e-06,-0.50028,3.80075e-06,1.00052,-6.48533e-06,32000,32000,32000,32000
2.974,0.5,-0.5,1,0.50028,-3.78764e-06,-0.50028,3.78764e-06,1.00052,-6.48524e-06,32000,32000,32000,32000
2.975,0.5,-0.5,1,0.50028,-3.77472e-06,-0.50028,3.77472e-06,1.00052,-6.48516e-06,32000,32000,32000,32000
2.976,0.5,-0.5,1,0.50028,-3.76201e-06,-0.50028,3.76201e-06,1.00052,-6.48508e-06,32000,32000,32000,32000
2.977,0.5,-0.5,1,0.50028,-3.7495e-06,-0.50028,3.7495e-06,1.00052,-6.485e-06,32000,32000,32000,32000
2.978,0.5,-0.5,1,0.50028,-3.73721e-06,-0.50028,3.73721e-06,1.00052,-6.48492e-06,32000,32000,32000,32000
2.979,0.5,-0.5,1,0.50028,-3.72513e-06,-0.50028,3.72513e-06,1.00052,-6.48484e-06,32000,32000,32000,32000
2.98,0.5,-0.5,1,0.50028,-3.71328e-06,-0.50028,3.71328e-06,1.00052,-6.48476e-06,32000,32000,32000,32000
2.981,0.5,-0.5,1,0.50028,-3.70165e-06,-0.50028,3.70165e-06,1.00052,-6.48468e-06,32000,32000,32000,32000
2.982,0.5,-0.5,1,0.50028,-3.69024e-06,-0.50028,3.69024e-06,1.00052,-6.4846e-06,32000,32000,32000,32000
2.983,0.5,-0.5,1,0.50028,-3.67907e-06,-0.50028,3.67907e-06,1.00052,-6.48451e-06,32000,32000,32000,32000
2.984,0.5,-0.5,1,0.50028,-3.66813e-06,-0.50028,3.66813e-06,1.00052,-6.48443e-06,32000,32000,32000,32000
2.985,0.5,-0.5,1,0.50028,-3.65742e-06,-0.50028,3.65742e-06,1.00052,-6.48435e-06,32000,32000,32000,32000
2.986,0.5,-0.5,1,0.50028,-3.64695e-06,-0.50028,3.64695e-06,1.00052,-6.48427e-06,32000,32000,32000,32000
2.987,0.5,-0.5,1,0.50028,-3.63671e-06,-0.50028,3.63671e-06,1.00052,-6.48419e-06,32000,32000,32000,32000
2.988,0.5,-0.5,1,0.50028,-3.62672e-06,-0.50028,3.62672e-06,1.00052,-6.48411e-06,32000,32000,32000,32000
2.989,0.5,-0.5,1,0.50028,-3.61696e-06,-0.50028,3.61696e-06,1.00052,-6.48403e-06,32000,32000,32000,32000
2.99,0.5,-0.5,1,0.50028,-3.60745e-06,-0.50028,3.60745e-06,1.00052,-6.48395e-06,32000,32000,32000,32000
2.991,0.5,-0.5,1,0.50028,-3.59817e-06,-0.50028,3.59817e-06,1.00052,-6.48387e-06,32000,32000,32000,32000
2.992,0.5,-0.5,1,0.50028,-3.58914e-06,-0.50028,3.58914e-06,1.00052,-6.48379e-06,32000,32000,32000,32000
2.993,0.5,-0.5,1,0.50028,-3.58035e-06,-0.50028,3.58035e-06,1.00052,-6.4837e-06,32000,32000,32000,32000
2.994,0.5,-0.5,1,0.50028,-3.57179e-06,-0.50028,3.57179e-06,1.00052,-6.48362e-06,32000,32000,32000,32000
2.995,0.5,-0.5,1,0.50028,-3.56348e-06,-0.50028,3.56348e-06,1.00052,-6.48354e-06,32000,32000,32000,32000
2.996,0.5,-0.5,1,0.50028,-3.55541e-06,-0.50028,3.55541e-06,1.00052,-6.48346e-06,32000,32000,32000,32000
2.997,0.5,-0.5,1,0.50028,-3.54758e-06,-0.50028,3.54757e-06,1.00052,-6.48338e-06,32000,32000,32000,32000
2.998,0.5,-0.5,1,0.50028,-3.53998e-06,-0.50028,3.53998e-06,1.00052,-6.4833e-06,32000,32000,32000,32000
2.999,0.5,-0.5,1,0.50028,-3.53262e-06,-0.50028,3.53262e-06,1.00052,-6.48322e-06,32000,32000,32000,32000
3,0.5,-0.5,1,0.50028,-3.52549e-06,-0.50028,3.52549e-06,1.00052,-6.48314e-06,32000,32000,32000,32000
3.001,0.5,-0.5,1,0.50028,-3.5186e-06,-0.50028,3.5186e-06,1.00052,-6.48306e-06,32000,32000,32000,32000
3.002,0.5,-0.5,1,0.50028,-3.51194e-06,-0.50028,3.51194e-06,1.00052,-6.48297e-06,32000,32000,32000,32000
3.003,0.5,-0.5,1,0.50028,-3.50551e-06,-0.50028,3.50551e-06,1.00052,-6.48289e-06,32000,32000,32000,32000
3.004,0.5,-0.5,1,0.50028,-3.4993e-06,-0.50028,3.4993e-06,1.00052,-6.48281e-06,32000,32000,32000,32000
3.005,0.5,-0.5,1,0.50028,-3.49332e-06,-0.50028,3.49332e-06,1.00052,-6.48273e-06,32000,32000,32000,32000
3.006,0.5,-0.5,1,0.50028,-3.48757e-06,-0.50028,3.48757e-06,1.00052,-6.48265e-06,32000,32000,32000,32000
3.007,0.5,-0.5,1,0.50028,-3.48203e-06,-0.50028,3.48203e-06,1.00052,-6.48257e-06,32000,32000,32000,32000
3.008,0.5,-0.5,1,0.50028,-3.47671e-06,-0.50028,3.47671e-06,1.00052,-6.48249e-06,32000,32000,32000,32000
3.009,0.5,-0.5,1,0.50028,-3.4716e-06,-0.50028,3.4716e-06,1.00052,-6.48241e-06,32000,32000,32000,32000
3.01,0.5,-0.5,1,0.50028,-3.46671e-06,-0.50028,3.46671e-06,1.00052,-6.48233e-06,32000,32000,32000,32000
3.011,0.5,-0.5,1,0.50028,-3.46203e-06,-0.50028,3.46203e-06,1.00052,-6.48224e-06,32000,32000,32000,32000
3.012,0.5,-0.5,1,0.50028,-3.45755e-06,-0.50028,3.45755e-06,1.00052,-6.48216e-06,32000,32000,32000,32000
3.013,0.5,-0.5,1,0.50028,-3.45327e-06,-0.50028,3.45327e-06,1.00052,-6.48208e-06,32000,32000,32000,32000
3.014,0.5,-0.5,1,0.50028,-3.4492e-06,-0.50028,3.4492e-06,1.00052,-6.482e-06,32000,32000,32000,32000
3.015,0.5,-0.5,1,0.50028,-3.44532e-06,-0.50028,3.44532e-06,1.00052,-6.48192e-06,32000,32000,32000,32000
3.016,0.5,-0.5,1,0.50028,-3.44163e-06,-0.50028,3.44163e-06,1.00052,-6.48184e-06,32000,32000,32000,32000
3.017,0.5,-0.5,1,0.50028,-3.43813e-06,-0.50028,3.43813e-06,1.00052,-6.48176e-06,32000,32000,32000,32000
3.018,0.5,-0.5,1,0.50028,-3.43482e-06,-0.50028,3.43482e-06,1.00052,-6.48168e-06,32000,32000,32000,32000
3.019,0.5,-0.5,1,0.50028,-3.43169e-06,-0.50028,3.43169e-06,1.00052,-6.4816e-06,32000,32000,32000,32000
3.02,0.5,-0.5,1,0.50028,-3.42874e-06,-0.50028,3.42874e-06,1.00052,-6.48152e-06,32000,32000,32000,32000
3.021,0.5,-0.5,1,0.50028,-3.42597e-06,-0.50028,3.42597e-06,1.00052,-6.48143e-06,32000,32000,32000,32000
3.022,0.5,-0.5,1,0.50028,-3.42336e-06,-0.50028,3.42336e-06,1.00052,-6.48135e-06,32000,32000,32000,32000
3.023,0.5,-0.5,1,0.50028,-3.42093e-06,-0.50028,3.42093e-06,1.00052,-6.48127e-06,32000,32000,32000,32000
3.024,0.5,-0.5,1,0.50028,-3.41866e-06,-0.50028,3.41866e-06,1.00052,-6.48119e-06,32000,32000,32000,32000
3.025,0.5,-0.5,1,0.50028,-3.41654e-06,-0.50028,3.41654e-06,1.00052,-6.48111e-06,32000,32000,32000,32000
3.026,0.5,-0.5,1,0.50028,-3.41459e-06,-0.50028,3.41459e-06,1.00052,-6.48103e-06,32000,32000,32000,32000
3.027,0.5,-0.5,1,0.50028,-3.41279e-06,-0.50028,3.41279e-06,1.00052,-6.48095e-06,32000,32000,32000,32000
3.028,0.5,-0.5,1,0.50028,-3.41114e-06,-0.50028,3.41114e-06,1.00052,-6.48087e-06,32000,32000,32000,32000
3.029,0.5,-0.5,1,0.50028,-3.40963e-06,-0.50028,3.40963e-06,1.00052,-6.48079e-06,32000,32000,32000,32000
3.03,0.5,-0.5,1,0.50028,-3.40826e-06,-0.50028,3.40826e-06,1.00052,-6.4807e-06,32000,32000,32000,32000
3.031,0.5,-0.5,1,0.50028,-3.40704e-06,-0.50028,3.40704e-06,1.00052,-6.48062e-06,32000,32000,32000,32000
3.032,0.5,-0.5,1,0.50028,-3.40594e-06,-0.50028,3.40594e-06,1.00052,-6.48054e-06,32000,32000,32000,32000
3.033,0.5,-0.5,1,0.50028,-3.40498e-06,-0.50028,3.40498e-06,1.00052,-6.48046e-06,32000,32000,32000,32000
3.034,0.5,-0.5,1,0.50028,-3.40414e-06,-0.50028,3.40414e-06,1.00052,-6.48038e-06,32000,32000,32000,32000
3.035,0.5,-0.5,1,0.50028,-3.40343e-06,-0.50028,3.40343e-06,1.00052,-6.4803e-06,32000,32000,32000,32000
3.036,0.5,-0.5,1,0.50028,-3.40283e-06,-0.50028,3.40283e-06,1.00052,-6.48022e-06,32000,32000,32000,32000
3.037,0.5,-0.5,1,0.50028,-3.40235e-06,-0.50028,3.40235e-06,1.00052,-6.48014e-06,32000,32000,32000,32000
3.038,0.5,-0.5,1,0.50028,-3.40198e-06,-0.50028,3.40198e-06,1.00052,-6.48006e-06,32000,32000,32000,32000
3.039,0.5,-0.5,1,0.50028,-3.40172e-06,-0.50028,3.40172e-06,1.00052,-6.47998e-06,32000,32000,32000,32000
3.04,0.5,-0.5,1,0.50028,-3.40156e-06,-0.50028,3.40156e-06,1.00052,-6.47989e-06,32000,32000,32000,32000
3.041,0.5,-0.5,1,0.50028,-3.40151e-06,-0.50028,3.40151e-06,1.00052,-6.47981e-06,32000,32000,32000,32000
3.042,0.5,-0.5,1,0.50028,-3.40155e-06,-0.50028,3.40155e-06,1.00052,-6.47973e-06,32000,32000,32000,32000
3.043,0.5,-0.5,1,0.50028,-3.40168e-06,-0.50028,3.40168e-06,1.00052,-6.47965e-06,32000,32000,32000,32000
3.044,0.5,-0.5,1,0.50028,-3.4019e-06,-0.50028,3.4019e-06,1.00052,-6.47957e-06,32000,32000,32000,32000
3.045,0.5,-0.5,1,0.50028,-3.40221e-06,-0.50028,3.40221e-06,1.00052,-6.47949e-06,32000,32000,32000,32000
3.046,0.5,-0.5,1,0.50028,-3.40261e-06,-0.50028,3.40261e-06,1.00052,-6.47941e-06,32000,32000,32000,32000
3.047,0.5,-0.5,1,0.50028,-3.40308e-06,-0.50028,3.40308e-06,1.00052,-6.47933e-06,32000,32000,32000,32000
3.048,0.5,-0.5,1,0.50028,-3.40363e-06,-0.50028,3.40363e-06,1.00052,-6.47925e-06,32000,32000,32000,32000
3.049,0.5,-0.5,1,0.50028,-3.40425e-06,-0.50028,3.40425e-06,1.00052,-6.47916e-06,32000,32000,32000,32000
3.05,0.5,-0.5,1,0.50028,-3.40494e-06,-0.50028,3.40494e-06,1.00052,-6.47908e-06,32000,32000,32000,32000
3.051,0.5,-0.5,1,0.50028,-3.4057e-06,-0.50028,3.4057e-06,1.00052,-6.479e-06,32000,32000,32000,32000
3.052,0.5,-0.5,1,0.50028,-3.40652e-06,-0.50028,3.40652e-06,1.00052,-6.47892e-06,32000,32000,32000,32000
3.053,0.5,-0.5,1,0.50028,-3.4074e-06,-0.50028,3.4074e-06,1.00052,-6.47884e-06,32000,32000,32000,32000
3.054,0.5,-0.5,1,0.50028,-3.40834e-06,-0.50028,3.40834e-06,1.00052,-6.47876e-06,32000,32000,32000,32000
3.055,0.5,-0.5,1,0.50028,-3.40934e-06,-0.50028,3.40934e-06,1.00052,-6.47868e-06,32000,32000,32000,32000
3.056,0.5,-0.5,1,0.50028,-3.41038e-06,-0.50028,3.41038e-06,1.00052,-6.4786e-06,32000,32000,32000,32000
3.057,0.5,-0.5,1,0.50028,-3.41147e-06,-0.50028,3.41147e-06,1.00052,-6.47852e-06,32000,32000,32000,32000
3.058,0.5,-0.5,1,0.50028,-3.41261e-06,-0.50028,3.41261e-06,1.00052,-6.47844e-06,32000,32000,32000,32000
3.059,0.5,-0.5,1,0.50028,-3.4138e-06,-0.50028,3.4138e-06,1.00052,-6.47835e-06,32000,32000,32000,32000
3.06,0.5,-0.5,1,0.50028,-3.41502e-06,-0.50028,3.41502e-06,1.00052,-6.47827e-06,32000,32000,32000,32000
3.061,0.5,-0.5,1,0.50028,-3.41628e-06,-0.50028,3.41628e-06,1.00052,-6.47819e-06,32000,32000,32000,32000
3.062,0.5,-0.5,1,0.50028,-3.41757e-06,-0.50028,3.41757e-06,1.00052,-6.47811e-06,32000,32000,32000,32000
3.063,0.5,-0.5,1,0.50028,-3.4189e-06,-0.50028,3.4189e-06,1.00052,-6.47803e-06,32000,32000,32000,32000
3.064,0.5,-0.5,1,0.50028,-3.42026e-06,-0.50028,3.42026e-06,1.00052,-6.47795e-06,32000,32000,32000,32000
3.065,0.5,-0.5,1,0.50028,-3.42164e-06,-0.50028,3.42164e-06,1.00052,-6.47787e-06,32000,32000,32000,32000
3.066,0.5,-0.5,1,0.50028,-3.42305e-06,-0.50028,3.42305e-06,1.00052,-6.47779e-06,32000,32000,32000,32000
3.067,0.5,-0.5,1,0.50028,-3.42449e-06,-0.50028,3.42449e-06,1.00052,-6.47771e-06,32000,32000,32000,32000
3.068,0.5,-0.5,1,0.50028,-3.42594e-06,-0.50028,3.42594e-06,1.00052,-6.47763e-06,32000,32000,32000,32000
3.069,0.5,-0.5,1,0.50028,-3.42741e-06,-0.50028,3.42741e-06,1.00052,-6.47754e-06,32000,32000,32000,32000
3.07,0.5,-0.5,1,0.50028,-3.4289e-06,-0.50028,3.4289e-06,1.00052,-6.47746e-06,32000,32000,32000,32000
3.071,0.5,-0.5,1,0.50028,-3.43041e-06,-0.50028,3.43041e-06,1.00052,-6.47738e-06,32000,32000,32000,32000
3.072,0.5,-0.5,1,0.50028,-3.43192e-06,-0.50028,3.43192e-06,1.00052,-6.4773e-06,32000,32000,32000,32000
3.073,0.5,-0.5,1,0.50028,-3.43345e-06,-0.50028,3.43345e-06,1.00052,-6.47722e-06,32000,32000,32000,32000
3.074,0.5,-0.5,1,0.50028,-3.43498e-06,-0.50028,3.43498e-06,1.00052,-6.47714e-06,32000,32000,32000,32000
3.075,0.5,-0.5,1,0.50028,-3.43653e-06,-0.50028,3.43653e-06,1.00052,-6.47706e-06,32000,32000,32000,32000
3.076,0.5,-0.5,1,0.50028,-3.43807e-06,-0.50028,3.43807e-06,1.00052,-6.47698e-06,32000,32000,32000,32000
3.077,0.5,-0.5,1,0.50028,-3.43962e-06,-0.50028,3.43962e-06,1.00052,-6.4769e-06,32000,32000,32000,32000
3.078,0.5,-0.5,1,0.50028,-3.44118e-06,-0.50028,3.44118e-06,1.00052,-6.47682e-06,32000,32000,32000,32000
3.079,0.5,-0.5,1,0.50028,-3.44273e-06,-0.50028,3.44273e-06,1.00052,-6.47673e-06,32000,32000,32000,32000
3.08,0.5,-0.5,1,0.50028,-3.44428e-06,-0.50028,3.44428e-06,1.00052,-6.47665e-06,32000,32000,32000,32000
3.081,0.5,-0.5,1,0.50028,-3.44583e-06,-0.50028,3.44583e-06,1.00052,-6.47657e-06,32000,32000,32000,32000
3.082,0.5,-0.5,1,0.50028,-3.44737e-06,-0.50028,3.44737e-06,1.00052,-6.47649e-06,32000,32000,32000,32000
3.083,0.5,-0.5,1,0.50028,-3.44891e-06,-0.50028,3.44891e-06,1.00052,-6.47641e-06,32000,32000,32000,32000
3.084,0.5,-0.5,1,0.50028,-3.45044e-06,-0.50028,3.45044e-06,1.00052,-6.47633e-06,32000,32000,32000,32000
3.085,0.5,-0.5,1,0.50028,-3.45196e-06,-0.50028,3.45196e-06,1.00052,-6.47625e-06,32000,32000,32000,32000
3.086,0.5,-0.5,1,0.50028,-3.45348e-06,-0.50028,3.45348e-06,1.00052,-6.47617e-06,32000,32000,32000,32000
3.087,0.5,-0.5,1,0.50028,-3.45498e-06,-0.50028,3.45498e-06,1.00052,-6.47609e-06,32000,32000,32000,32000
3.088,0.5,-0.5,1,0.50028,-3.45647e-06,-0.50028,3.45647e-06,1.00052,-6.47601e-06,32000,32000,32000,32000
3.089,0.5,-0.5,1,0.50028,-3.45795e-06,-0.50028,3.45795e-06,1.00052,-6.47592e-06,32000,32000,32000,32000
3.09,0.5,-0.5,1,0.50028,-3.45942e-06,-0.50028,3.45942e-06,1.00052,-6.47584e-06,32000,32000,32000,32000
3.091,0.5,-0.5,1,0.50028,-3.46087e-06,-0.50028,3.46087e-06,1.00052,-6.47576e-06,32000,32000,32000,32000
3.092,0.5,-0.5,1,0.50028,-3.4623e-06,-0.50028,3.4623e-06,1.00052,-6.47568e-06,32000,32000,32000,32000
3.093,0.5,-0.5,1,0.50028,-3.46372e-06,-0.50028,3.46372e-06,1.00052,-6.4756e-06,32000,32000,32000,32000
3.094,0.5,-0.5,1,0.50028,-3.46512e-06,-0.50028,3.46512e-06,1.00052,-6.47552e-06,32000,32000,32000,32000
3.095,0.5,-0.5,1,0.50028,-3.46651e-06,-0.50028,3.46651e-06,1.00052,-6.47544e-06,32000,32000,32000,32000
3.096,0.5,-0.5,1,0.50028,-3.46787e-06,-0.50028,3.46787e-06,1.00052,-6.47536e-06,32000,32000,32000,32000
3.097,0.5,-0.5,1,0.50028,-3.46922e-06,-0.50028,3.46922e-06,1.00052,-6.47528e-06,32000,32000,32000,32000
3.098,0.5,-0.5,1,0.50028,-3.47054e-06,-0.50028,3.47054e-06,1.00052,-6.4752e-06,32000,32000,32000,32000
3.099,0.5,-0.5,1,0.50028,-3.47185e-06,-0.50028,3.47185e-06,1.00052,-6.47511e-06,32000,32000,32000,32000
3.1,0.5,-0.5,1,0.50028,-3.47313e-06,-0.50028,3.47313e-06,1.00052,-6.47503e-06,32000,32000,32000,32000
3.101,0.5,-0.5,1,0.50028,-3.4744e-06,-0.50028,3.4744e-06,1.00052,-6.47495e-06,32000,32000,32000,32000
3.102,0.5,-0.5,1,0.50028,-3.47564e-06,-0.50028,3.47564e-06,1.00052,-6.47487e-06,32000,32000,32000,32000
3.103,0.5,-0.5,1,0.50028,-3.47685e-06,-0.50028,3.47685e-06,1.00052,-6.47479e-06,32000,32000,32000,32000
3.104,0.5,-0.5,1,0.50028,-3.47805e-06,-0.50028,3.47805e-06,1.00052,-6.47471e-06,32000,32000,32000,32000
3.105,0.5,-0.5,1,0.50028,-3.47922e-06,-0.50028,3.47922e-06,1.00052,-6.47463e-06,32000,32000,32000,32000
3.106,0.5,-0.5,1,0.50028,-3.48037e-06,-0.50028,3.48037e-06,1.00052,-6.47455e-06,32000,32000,32000,32000
3.107,0.5,-0.5,1,0.50028,-3.48149e-06,-0.50028,3.48149e-06,1.00052,-6.47447e-06,32000,32000,32000,32000
3.108,0.5,-0.5,1,0.50028,-3.48259e-06,-0.50028,3.48259e-06,1.00052,-6.47439e-06,32000,32000,32000,32000
3.109,0.5,-0.5,1,0.50028,-3.48367e-06,-0.50028,3.48367e-06,1.00052,-6.47431e-06,32000,32000,32000,32000
3.11,0.5,-0.5,1,0.50028,-3.48472e-06,-0.50028,3.48472e-06,1.00052,-6.47422e-06,32000,32000,32000,32000
3.111,0.5,-0.5,1,0.50028,-3.48574e-06,-0.50028,3.48574e-06,1.00052,-6.47414e-06,32000,32000,32000,32000
3.112,0.5,-0.5,1,0.50028,-3.48675e-06,-0.50028,3.48675e-06,1.00052,-6.47406e-06,32000,32000,32000,32000
3.113,0.5,-0.5,1,0.50028,-3.48772e-06,-0.50028,3.48772e-06,1.00052,-6.47398e-06,32000,32000,32000,32000
3.114,0.5,-0.5,1,0.50028,-3.48867e-06,-0.50028,3.48867e-06,1.00052,-6.4739e-06,32000,32000,32000,32000
3.115,0.5,-0.5,1,0.50028,-3.4896e-06,-0.50028,3.4896e-06,1.00052,-6.47382e-06,32000,32000,32000,32000
3.116,0.5,-0.5,1,0.50028,-3.4905e-06,-0.50028,3.4905e-06,1.00052,-6.47374e-06,32000,32000,32000,32000
3.117,0.5,-0.5,1,0.50028,-3.49138e-06,-0.50028,3.49138e-06,1.00052,-6.47366e-06,32000,32000,32000,32000
3.118,0.5,-0.5,1,0.50028,-3.49223e-06,-0.50028,3.49223e-06,1.00052,-6.47358e-06,32000,32000,32000,32000
3.119,0.5,-0.5,1,0.50028,-3.49305e-06,-0.50028,3.49305e-06,1.00052,-6.4735e-06,32000,32000,32000,32000
3.12,0.5,-0.5,1,0.50028,-3.49385e-06,-0.50028,3.49385e-06,1.00052,-6.47341e-06,32000,32000,32000,32000
3.121,0.5,-0.5,1,0.50028,-3.49463e-06,-0.50028,3.49463e-06,1.00052,-6.47333e-06,32000,32000,32000,32000
3.122,0.5,-0.5,1,0.50028,-3.49538e-06,-0.50028,3.49538e-06,1.00052,-6.47325e-06,32000,32000,32000,32000
3.123,0.5,-0.5,1,0.50028,-3.49611e-06,-0.50028,3.49611e-06,1.00052,-6.47317e-06,32000,32000,32000,32000
3.124,0.5,-0.5,1,0.50028,-3.49681e-06,-0.50028,3.49681e-06,1.00052,-6.47309e-06,32000,32000,32000,32000
3.125,0.5,-0.5,1,0.50028,-3.49749e-06,-0.50028,3.49749e-06,1.00052,-6.47301e-06,32000,32000,32000,32000
3.126,0.5,-0.5,1,0.50028,-3.49814e-06,-0.50028,3.49814e-06,1.00052,-6.47293e-06,32000,32000,32000,32000
3.127,0.5,-0.5,1,0.50028,-3.49877e-06,-0.50028,3.49877e-06,1.00052,-6.47285e-06,32000,32000,32000,32000
3.128,0.5,-0.5,1,0.50028,-3.49937e-06,-0.50028,3.49937e-06,1.00052,-6.47277e-06,32000,32000,32000,32000
3.129,0.5,-0.5,1,0.50028,-3.49996e-06,-0.50028,3.49996e-06,1.00052,-6.47269e-06,32000,32000,32000,32000
3.13,0.5,-0.5,1,0.50028,-3.50051e-06,-0.50028,3.50051e-06,1.00052,-6.47261e-06,32000,32000,32000,32000
3.131,0.5,-0.5,1,0.50028,-3.50105e-06,-0.50028,3.50105e-06,1.00052,-6.47252e-06,32000,32000,32000,32000
3.132,0.5,-0.5,1,0.50028,-3.50156e-06,-0.50028,3.50156e-06,1.00052,-6.47244e-06,32000,32000,32000,32000
3.133,0.5,-0.5,1,0.50028,-3.50205e-06,-0.50028,3.50205e-06,1.00052,-6.47236e-06,32000,32000,32000,32000
3.134,0.5,-0.5,1,0.50028,-3.50252e-06,-0.50028,3.50252e-06,1.00052,-6.47228e-06,32000,32000,32000,32000
3.135,0.5,-0.5,1,0.50028,-3.50297e-06,-0.50028,3.50297e-06,1.00052,-6.4722e-06,32000,32000,32000,32000
3.136,0.5,-0.5,1,0.50028,-3.50339e-06,-0.50028,3.50339e-06,1.00052,-6.47212e-06,32000,32000,32000,32000
3.137,0.5,-0.5,1,0.50028,-3.50379e-06,-0.50028,3.50379e-06,1.00052,-6.47204e-06,32000,32000,32000,32000
3.138,0.5,-0.5,1,0.50028,-3.50418e-06,-0.50028,3.50418e-06,1.00052,-6.47196e-06,32000,32000,32000,32000
3.139,0.5,-0.5,1,0.50028,-3.50454e-06,-0.50028,3.50454e-06,1.00052,-6.47188e-06,32000,32000,32000,32000
3.14,0.5,-0.5,1,0.50028,-3.50488e-06,-0.50028,3.50488e-06,1.00052,-6.4718e-06,32000,32000,32000,32000
3.141,0.5,-0.5,1,0.50028,-3.5052e-06,-0.50028,3.5052e-06,1.00052,-6.47171e-06,32000,32000,32000,32000
3.142,0.5,-0.5,1,0.50028,-3.50551e-06,-0.50028,3.50551e-06,1.00052,-6.47163e-06,32000,32000,32000,32000
3.143,0.5,-0.5,1,0.50028,-3.50579e-06,-0.50028,3.50579e-06,1.00052,-6.47155e-06,32000,32000,32000,32000
3.144,0.5,-0.5,1,0.50028,-3.50605e-06,-0.50028,3.50605e-06,1.00052,-6.47147e-06,32000,32000,32000,32000
3.145,0.5,-0.5,1,0.50028,-3.5063e-06,-0.50028,3.5063e-06,1.00052,-6.47139e-06,32000,32000,32000,32000
3.146,0.5,-0.5,1,0.50028,-3.50653e-06,-0.50028,3.50653e-06,1.00052,-6.47131e-06,32000,32000,32000,32000
3.147,0.5,-0.5,1,0.50028,-3.50674e-06,-0.50028,3.50674e-06,1.00052,-6.47123e-06,32000,32000,32000,32000
3.148,0.5,-0.5,1,0.50028,-3.50693e-06,-0.50028,3.50693e-06,1.00052,-6.47115e-06,32000,32000,32000,32000
3.149,0.5,-0.5,1,0.50028,-3.50711e-06,-0.50028,3.50711e-06,1.00052,-6.47107e-06,32000,32000,32000,32000
3.15,0.5,-0.5,1,0.50028,-3.50727e-06,-0.50028,3.50727e-06,1.00052,-6.47099e-06,32000,32000,32000,32000
3.151,0.5,-0.5,1,0.50028,-3.50741e-06,-0.50028,3.50741e-06,1.00052,-6.47091e-06,32000,32000,32000,32000
3.152,0.5,-0.5,1,0.50028,-3.50754e-06,-0.50028,3.50754e-06,1.00052,-6.47082e-06,32000,32000,32000,32000
3.153,0.5,-0.5,1,0.50028,-3.50765e-06,-0.50028,3.50765e-06,1.00052,-6.47074e-06,32000,32000,32000,32000
3.154,0.5,-0.5,1,0.50028,-3.50775e-06,-0.50028,3.50775e-06,1.00052,-6.47066e-06,32000,32000,32000,32000
3.155,0.5,-0.5,1,0.50028,-3.50783e-06,-0.50028,3.50783e-06,1.00052,-6.47058e-06,32000,32000,32000,32000
3.156,0.5,-0.5,1,0.50028,-3.5079e-06,-0.50028,3.5079e-06,1.00052,-6.4705e-06,32000,32000,32000,32000
3.157,0.5,-0.5,1,0.50028,-3.50796e-06,-0.50028,3.50796e-06,1.00052,-6.47042e-06,32000,32000,32000,32000
3.158,0.5,-0.5,1,0.50028,-3.508e-06,-0.50028,3.508e-06,1.00052,-6.47034e-06,32000,32000,32000,32000
3.159,0.5,-0.5,1,0.50028,-3.50803e-06,-0.50028,3.50803e-06,1.00052,-6.47026e-06,32000,32000,32000,32000
3.16,0.5,-0.5,1,0.50028,-3.50805e-06,-0.50028,3.50805e-06,1.00052,-6.47018e-06,32000,32000,32000,32000
3.161,0.5,-0.5,1,0.50028,-3.50805e-06,-0.50028,3.50805e-06,1.00052,-6.4701e-06,32000,32000,32000,32000
3.162,0.5,-0.5,1,0.50028,-3.50805e-06,-0.50028,3.50805e-06,1.00052,-6.47002e-06,32000,32000,32000,32000
3.163,0.5,-0.5,1,0.50028,-3.50803e-06,-0.50028,3.50803e-06,1.00052,-6.46993e-06,32000,32000,32000,32000
3.164,0.5,-0.5,1,0.50028,-3.508e-06,-0.50028,3.508e-06,1.00052,-6.46985e-06,32000,32000,32000,32000
3.165,0.5,-0.5,1,0.50028,-3.50796e-06,-0.50028,3.50796e-06,1.00052,-6.46977e-06,32000,32000,32000,32000
3.166,0.5,-0.5,1,0.50028,-3.50791e-06,-0.50028,3.50791e-06,1.00052,-6.46969e-06,32000,32000,32000,32000
3.167,0.5,-0.5,1,0.50028,-3.50785e-06,-0.50028,3.50785e-06,1.00052,-6.46961e-06,32000,32000,32000,32000
3.168,0.5,-0.5,1,0.50028,-3.50778e-06,-0.50028,3.50778e-06,1.00052,-6.46953e-06,32000,32000,32000,32000
3.169,0.5,-0.5,1,0.50028,-3.5077e-06,-0.50028,3.5077e-06,1.00052,-6.46945e-06,32000,32000,32000,32000
3.17,0.5,-0.5,1,0.50028,-3.50761e-06,-0.50028,3.50761e-06,1.00052,-6.46937e-06,32000,32000,32000,32000
3.171,0.5,-0.5,1,0.50028,-3.50752e-06,-0.50028,3.50752e-06,1.00052,-6.46929e-06,32000,32000,32000,32000
3.172,0.5,-0.5,1,0.50028,-3.50742e-06,-0.50028,3.50742e-06,1.00052,-6.46921e-06,32000,32000,32000,32000
3.173,0.5,-0.5,1,0.50028,-3.5073e-06,-0.50028,3.5073e-06,1.00052,-6.46913e-06,32000,32000,32000,32000
3.174,0.5,-0.5,1,0.50028,-3.50719e-06,-0.50028,3.50719e-06,1.00052,-6.46904e-06,32000,32000,32000,32000
3.175,0.5,-0.5,1,0.50028,-3.50706e-06,-0.50028,3.50706e-06,1.00052,-6.46896e-06,32000,32000,32000,32000
3.176,0.5,-0.5,1,0.50028,-3.50693e-06,-0.50028,3.50693e-06,1.00052,-6.46888e-06,32000,32000,32000,32000
3.177,0.5,-0.5,1,0.50028,-3.50679e-06,-0.50028,3.50679e-06,1.00052,-6.4688e-06,32000,32000,32000,32000
3.178,0.5,-0.5,1,0.50028,-3.50664e-06,-0.50028,3.50664e-06,1.00052,-6.46872e-06,32000,32000,32000,32000
3.179,0.5,-0.5,1,0.50028,-3.50649e-06,-0.50028,3.50649e-06,1.00052,-6.46864e-06,32000,32000,32000,32000
3.18,0.5,-0.5,1,0.50028,-3.50634e-06,-0.50028,3.50634e-06,1.00052,-6.46856e-06,32000,32000,32000,32000
3.181,0.5,-0.5,1,0.50028,-3.50618e-06,-0.50028,3.50618e-06,1.00052,-6.46848e-06,32000,32000,32000,32000
3.182,0.5,-0.5,1,0.50028,-3.50601e-06,-0.50028,3.50601e-06,1.00052,-6.4684e-06,32000,32000,32000,32000
3.183,0.5,-0.5,1,0.50028,-3.50584e-06,-0.50028,3.50584e-06,1.00052,-6.46832e-06,32000,32000,32000,32000
3.184,0.5,-0.5,1,0.50028,-3.50567e-06,-0.50028,3.50567e-06,1.00052,-6.46824e-06,32000,32000,32000,32000
3.185,0.5,-0.5,1,0.50028,-3.50549e-06,-0.50028,3.50549e-06,1.00052,-6.46815e-06,32000,32000,32000,32000
3.186,0.5,-0.5,1,0.50028,-3.5053e-06,-0.50028,3.5053e-06,1.00052,-6.46807e-06,32000,32000,32000,32000
3.187,0.5,-0.5,1,0.50028,-3.50512e-06,-0.50028,3.50512e-06,1.00052,-6.46799e-06,32000,32000,32000,32000
3.188,0.5,-0.5,1,0.50028,-3.50493e-06,-0.50028,3.50493e-06,1.00052,-6.46791e-06,32000,32000,32000,32000
3.189,0.5,-0.5,1,0.50028,-3.50474e-06,-0.50028,3.50474e-06,1.00052,-6.46783e-06,32000,32000,32000,32000
3.19,0.5,-0.5,1,0.50028,-3.50454e-06,-0.50028,3.50454e-06,1.00052,-6.46775e-06,32000,32000,32000,32000
3.191,0.5,-0.5,1,0.50028,-3.50435e-06,-0.50028,3.50435e-06,1.00052,-6.46767e-06,32000,32000,32000,32000
3.192,0.5,-0.5,1,0.50028,-3.50415e-06,-0.50028,3.50415e-06,1.00052,-6.46759e-06,32000,32000,32000,32000
3.193,0.5,-0.5,1,0.50028,-3.50394e-06,-0.50028,3.50394e-06,1.00052,-6.46751e-06,32000,32000,32000,32000
3.194,0.5,-0.5,1,0.50028,-3.50374e-06,-0.50028,3.50374e-06,1.00052,-6.46743e-06,32000,32000,32000,32000
3.195,0.5,-0.5,1,0.50028,-3.50354e-06,-0.50028,3.50354e-06,1.00052,-6.46735e-06,32000,32000,32000,32000
3.196,0.5,-0.5,1,0.50028,-3.50333e-06,-0.50028,3.50333e-06,1.00052,-6.46726e-06,32000,32000,32000,32000
3.197,0.5,-0.5,1,0.50028,-3.50312e-06,-0.50028,3.50312e-06,1.00052,-6.46718e-06,32000,32000,32000,32000
3.198,0.5,-0.5,1,0.50028,-3.50291e-06,-0.50028,3.50291e-06,1.00052,-6.4671e-06,32000,32000,32000,32000
3.199,0.5,-0.5,1,0.50028,-3.50271e-06,-0.50028,3.50271e-06,1.00052,-6.46702e-06,32000,32000,32000,32000
3.2,0.5,-0.5,1,0.50028,-3.5025e-06,-0.50028,3.5025e-06,1.00052,-6.46694e-06,32000,32000,32000,32000
3.201,0.5,-0.5,1,0.50028,-3.50229e-06,-0.50028,3.50229e-06,1.00052,-6.46686e-06,32000,32000,32000,32000
3.202,0.5,-0.5,1,0.50028,-3.50208e-06,-0.50028,3.50208e-06,1.00052,-6.46678e-06,32000,32000,32000,32000
3.203,0.5,-0.5,1,0.50028,-3.50187e-06,-0.50028,3.50187e-06,1.00052,-6.4667e-06,32000,32000,32000,32000
3.204,0.5,-0.5,1,0.50028,-3.50165e-06,-0.50028,3.50165e-06,1.00052,-6.46662e-06,32000,32000,32000,32000
3.205,0.5,-0.5,1,0.50028,-3.50145e-06,-0.50028,3.50145e-06,1.00052,-6.46654e-06,32000,32000,32000,32000
3.206,0.5,-0.5,1,0.50028,-3.50124e-06,-0.50028,3.50124e-06,1.00052,-6.46646e-06,32000,32000,32000,32000
3.207,0.5,-0.5,1,0.50028,-3.50103e-06,-0.50028,3.50103e-06,1.00052,-6.46638e-06,32000,32000,32000,32000
3.208,0.5,-0.5,1,0.50028,-3.50082e-06,-0.50028,3.50082e-06,1.00052,-6.46629e-06,32000,32000,32000,32000
3.209,0.5,-0.5,1,0.50028,-3.50061e-06,-0.50028,3.50061e-06,1.00052,-6.46621e-06,32000,32000,32000,32000
3.21,0.5,-0.5,1,0.50028,-3.5004e-06,-0.50028,3.5004e-06,1.00052,-6.46613e-06,32000,32000,32000,32000
3.211,0.5,-0.5,1,0.500279,-3.5002e-06,-0.500279,3.5002e-06,1.00052,-6.46605e-06,32000,32000,32000,32000
3.212,0.5,-0.5,1,0.500279,-3.49999e-06,-0.500279,3.49999e-06,1.00052,-6.46597e-06,32000,32000,32000,32000
3.213,0.5,-0.5,1,0.500279,-3.49979e-06,-0.500279,3.49979e-06,1.00052,-6.46589e-06,32000,32000,32000,32000
3.214,0.5,-0.5,1,0.500279,-3.49959e-06,-0.500279,3.49959e-06,1.00052,-6.46581e-06,32000,32000,32000,32000
3.215,0.5,-0.5,1,0.500279,-3.49939e-06,-0.500279,3.49939e-06,1.00052,-6.46573e-06,32000,32000,32000,32000
3.216,0.5,-0.5,1,0.500279,-3.49919e-06,-0.500279,3.49919e-06,1.00052,-6.46565e-06,32000,32000,32000,32000
3.217,0.5,-0.5,1,0.500279,-3.49899e-06,-0.500279,3.49899e-06,1.00052,-6.46557e-06,32000,32000,32000,32000
3.218,0.5,-0.5,1,0.500279,-3.4988e-06,-0.500279,3.4988e-06,1.00052,-6.46549e-06,32000,32000,32000,32000
3.219,0.5,-0.5,1,0.500279,-3.49861e-06,-0.500279,3.49861e-06,1.00052,-6.46541e-06,32000,32000,32000,32000
3.22,0.5,-0.5,1,0.500279,-3.49842e-06,-0.500279,3.49842e-06,1.00052,-6.46532e-06,32000,32000,32000,32000
3.221,0.5,-0.5,1,0.500279,-3.49823e-06,-0.500279,3.49823e-06,1.00052,-6.46524e-06,32000,32000,32000,32000
3.222,0.5,-0.5,1,0.500279,-3.49804e-06,-0.500279,3.49804e-06,1.00052,-6.46516e-06,32000,32000,32000,32000
3.223,0.5,-0.5,1,0.500279,-3.49785e-06,-0.500279,3.49785e-06,1.00052,-6.46508e-06,32000,32000,32000,32000
3.224,0.5,-0.5,1,0.500279,-3.49767e-06,-0.500279,3.49767e-06,1.00052,-6.465e-06,32000,32000,32000,32000
3.225,0.5,-0.5,1,0.500279,-3.49749e-06,-0.500279,3.49749e-06,1.00052,-6.46492e-06,32000,32000,32000,32000
3.226,0.5,-0.5,1,0.500279,-3.49731e-06,-0.500279,3.49731e-06,1.00052,-6.46484e-06,32000,32000,32000,32000
3.227,0.5,-0.5,1,0.500279,-3.49714e-06,-0.500279,3.49714e-06,1.00052,-6.46476e-06,32000,32000,32000,32000
3.228,0.5,-0.5,1,0.500279,-3.49696e-06,-0.500279,3.49696e-06,1.00052,-6.46468e-06,32000,32000,32000,32000
3.229,0.5,-0.5,1,0.500279,-3.49679e-06,-0.500279,3.49679e-06,1.00052,-6.4646e-06,32000,32000,32000,32000
3.23,0.5,-0.5,1,0.500279,-3.49662e-06,-0.500279,3.49662e-06,1.00052,-6.46452e-06,32000,32000,32000,32000
3.231,0.5,-0.5,1,0.500279,-3.49646e-06,-0.500279,3.49646e-06,1.00052,-6.46443e-06,32000,32000,32000,32000
3.232,0.5,-0.5,1,0.500279,-3.49629e-06,-0.500279,3.49629e-06,1.00052,-6.46435e-06,32000,32000,32000,32000
3.233,0.5,-0.5,1,0.500279,-3.49613e-06,-0.500279,3.49613e-06,1.00052,-6.46427e-06,32000,32000,32000,32000
3.234,0.5,-0.5,1,0.500279,-3.49597e-06,-0.500279,3.49597e-06,1.00052,-6.46419e-06,32000,32000,32000,32000
3.235,0.5,-0.5,1,0.500279,-3.49582e-06,-0.500279,3.49582e-06,1.00052,-6.46411e-06,32000,32000,32000,32000
3.236,0.5,-0.5,1,0.500279,-3.49566e-06,-0.500279,3.49566e-06,1.00052,-6.46403e-06,32000,32000,32000,32000
3.237,0.5,-0.5,1,0.500279,-3.49551e-06,-0.500279,3.49551e-06,1.00052,-6.46395e-06,32000,32000,32000,32000
3.238,0.5,-0.5,1,0.500279,-3.49536e-06,-0.500279,3.49536e-06,1.00052,-6.46387e-06,32000,32000,32000,32000
3.239,0.5,-0.5,1,0.500279,-3.49522e-06,-0.500279,3.49522e-06,1.00052,-6.46379e-06,32000,32000,32000,32000
3.24,0.5,-0.5,1,0.500279,-3.49508e-06,-0.500279,3.49508e-06,1.00052,-6.46371e-06,32000,32000,32000,32000
3.241,0.5,-0.5,1,0.500279,-3.49494e-06,-0.500279,3.49494e-06,1.00052,-6.46363e-06,32000,32000,32000,32000
3.242,0.5,-0.5,1,0.500279,-3.4948e-06,-0.500279,3.4948e-06,1.00052,-6.46355e-06,32000,32000,32000,32000
3.243,0.5,-0.5,1,0.500279,-3.49466e-06,-0.500279,3.49466e-06,1.00052,-6.46346e-06,32000,32000,32000,32000
3.244,0.5,-0.5,1,0.500279,-3.49453e-06,-0.500279,3.49453e-06,1.00052,-6.46338e-06,32000,32000,32000,32000
3.245,0.5,-0.5,1,0.500279,-3.4944e-06,-0.500279,3.4944e-06,1.00052,-6.4633e-06,32000,32000,32000,32000
3.246,0.5,-0.5,1,0.500279,-3.49427e-06,-0.500279,3.49427e-06,1.00052,-6.46322e-06,32000,32000,32000,32000
3.247,0.5,-0.5,1,0.500279,-3.49415e-06,-0.500279,3.49415e-06,1.00052,-6.46314e-06,32000,32000,32000,32000
3.248,0.5,-0.5,1,0.500279,-3.49403e-06,-0.500279,3.49403e-06,1.00052,-6.46306e-06,32000,32000,32000,32000
3.249,0.5,-0.5,1,0.500279,-3.49391e-06,-0.500279,3.49391e-06,1.00052,-6.46298e-06,32000,32000,32000,32000
3.25,0.5,-0.5,1,0.500279,-3.49379e-06,-0.500279,3.49379e-06,1.00052,-6.4629e-06,32000,32000,32000,32000
3.251,0.5,-0.5,1,0.500279,-3.49367e-06,-0.500279,3.49367e-06,1.00052,-6.46282e-06,32000,32000,32000,32000
3.252,0.5,-0.5,1,0.500279,-3.49356e-06,-0.500279,3.49356e-06,1.00052,-6.46274e-06,32000,32000,32000,32000
3.253,0.5,-0.5,1,0.500279,-3.49345e-06,-0.500279,3.49345e-06,1.00052,-6.46266e-06,32000,32000,32000,32000
3.254,0.5,-0.5,1,0.500279,-3.49335e-06,-0.500279,3.49335e-06,1.00052,-6.46258e-06,32000,32000,32000,32000
3.255,0.5,-0.5,1,0.500279,-3.49324e-06,-0.500279,3.49324e-06,1.00052,-6.46249e-06,32000,32000,32000,32000
3.256,0.5,-0.5,1,0.500279,-3.49314e-06,-0.500279,3.49314e-06,1.00052,-6.46241e-06,32000,32000,32000,32000
3.257,0.5,-0.5,1,0.500279,-3.49304e-06,-0.500279,3.49304e-06,1.00052,-6.46233e-06,32000,32000,32000,32000
3.258,0.5,-0.5,1,0.500279,-3.49294e-06,-0.500279,3.49294e-06,1.00052,-6.46225e-06,32000,32000,32000,32000
3.259,0.5,-0.5,1,0.500279,-3.49285e-06,-0.500279,3.49285e-06,1.00052,-6.46217e-06,32000,32000,32000,32000
3.26,0.5,-0.5,1,0.500279,-3.49275e-06,-0.500279,3.49275e-06,1.00052,-6.46209e-06,32000,32000,32000,32000
3.261,0.5,-0.5,1,0.500279,-3.49266e-06,-0.500279,3.49266e-06,1.00052,-6.46201e-06,32000,32000,32000,32000
3.262,0.5,-0.5,1,0.500279,-3.49257e-06,-0.500279,3.49257e-06,1.00052,-6.46193e-06,32000,32000,32000,32000
3.263,0.5,-0.5,1,0.500279,-3.49249e-06,-0.500279,3.49249e-06,1.00052,-6.46185e-06,32000,32000,32000,32000
3.264,0.5,-0.5,1,0.500279,-3.4924e-06,-0.500279,3.4924e-06,1.00052,-6.46177e-06,32000,32000,32000,32000
3.265,0.5,-0.5,1,0.500279,-3.49232e-06,-0.500279,3.49232e-06,1.00052,-6.46169e-06,32000,32000,32000,32000
3.266,0.5,-0.5,1,0.500279,-3.49224e-06,-0.500279,3.49224e-06,1.00052,-6.46161e-06,32000,32000,32000,32000
3.267,0.5,-0.5,1,0.500279,-3.49216e-06,-0.500279,3.49216e-06,1.00052,-6.46153e-06,32000,32000,32000,32000
3.268,0.5,-0.5,1,0.500279,-3.49208e-06,-0.500279,3.49208e-06,1.00052,-6.46144e-06,32000,32000,32000,32000
3.269,0.5,-0.5,1,0.500279,-3.49201e-06,-0.500279,3.49201e-06,1.00052,-6.46136e-06,32000,32000,32000,32000
3.27,0.5,-0.5,1,0.500279,-3.49194e-06,-0.500279,3.49194e-06,1.00052,-6.46128e-06,32000,32000,32000,32000
3.271,0.5,-0.5,1,0.500279,-3.49187e-06,-0.500279,3.49187e-06,1.00052,-6.4612e-06,32000,32000,32000,32000
3.272,0.5,-0.5,1,0.500279,-3.4918e-06,-0.500279,3.4918e-06,1.00052,-6.46112e-06,32000,32000,32000,32000
3.273,0.5,-0.5,1,0.500279,-3.49173e-06,-0.500279,3.49173e-06,1.00052,-6.46104e-06,32000,32000,32000,32000
3.274,0.5,-0.5,1,0.500279,-3.49166e-06,-0.500279,3.49166e-06,1.00052,-6.46096e-06,32000,32000,32000,32000
3.275,0.5,-0.5,1,0.500279,-3.4916e-06,-0.500279,3.4916e-06,1.00052,-6.46088e-06,32000,32000,32000,32000
3.276,0.5,-0.5,1,0.500279,-3.49154e-06,-0.500279,3.49154e-06,1.00052,-6.4608e-06,32000,32000,32000,32000
3.277,0.5,-0.5,1,0.500279,-3.49148e-06,-0.500279,3.49148e-06,1.00052,-6.46072e-06,32000,32000,32000,32000
3.278,0.5,-0.5,1,0.500279,-3.49142e-06,-0.500279,3.49142e-06,1.00052,-6.46064e-06,32000,32000,32000,32000
3.279,0.5,-0.5,1,0.500279,-3.49136e-06,-0.500279,3.49136e-06,1.00052,-6.46056e-06,32000,32000,32000,32000
3.28,0.5,-0.5,1,0.500279,-3.49131e-06,-0.500279,3.49131e-06,1.00052,-6.46047e-06,32000,32000,32000,32000
3.281,0.5,-0.5,1,0.500279,-3.49125e-06,-0.500279,3.49125e-06,1.00052,-6.46039e-06,32000,32000,32000,32000
3.282,0.5,-0.5,1,0.500279,-3.4912e-06,-0.500279,3.4912e-06,1.00052,-6.46031e-06,32000,32000,32000,32000
3.283,0.5,-0.5,1,0.500279,-3.49115e-06,-0.500279,3.49115e-06,1.00052,-6.46023e-06,32000,32000,32000,32000
3.284,0.5,-0.5,1,0.500279,-3.4911e-06,-0.500279,3.4911e-06,1.00052,-6.46015e-06,32000,32000,32000,32000
3.285,0.5,-0.5,1,0.500279,-3.49105e-06,-0.500279,3.49105e-06,1.00052,-6.46007e-06,32000,32000,32000,32000
3.286,0.5,-0.5,1,0.500279,-3.491e-06,-0.500279,3.491e-06,1.00052,-6.45999e-06,32000,32000,32000,32000
3.287,0.5,-0.5,1,0.500279,-3.49095e-06,-0.500279,3.49095e-06,1.00052,-6.45991e-06,32000,32000,32000,32000
3.288,0.5,-0.5,1,0.500279,-3.49091e-06,-0.500279,3.49091e-06,1.00052,-6.45983e-06,32000,32000,32000,32000
3.289,0.5,-0.5,1,0.500279,-3.49086e-06,-0.500279,3.49086e-06,1.00052,-6.45975e-06,32000,32000,32000,32000
3.29,0.5,-0.5,1,0.500279,-3.49082e-06,-0.500279,3.49082e-06,1.00052,-6.45967e-06,32000,32000,32000,32000
3.291,0.5,-0.5,1,0.500279,-3.49078e-06,-0.500279,3.49078e-06,1.00052,-6.45959e-06,32000,32000,32000,32000
3.292,0.5,-0.5,1,0.500279,-3.49074e-06,-0.500279,3.49074e-06,1.00052,-6.45951e-06,32000,32000,32000,32000
3.293,0.5,-0.5,1,0.500279,-3.4907e-06,-0.500279,3.4907e-06,1.00052,-6.45942e-06,32000,32000,32000,32000
3.294,0.5,-0.5,1,0.500279,-3.49066e-06,-0.500279,3.49066e-06,1.00052,-6.45934e-06,32000,32000,32000,32000
3.295,0.5,-0.5,1,0.500279,-3.49062e-06,-0.500279,3.49062e-06,1.00052,-6.45926e-06,32000,32000,32000,32000
3.296,0.5,-0.5,1,0.500279,-3.49058e-06,-0.500279,3.49058e-06,1.00052,-6.45918e-06,32000,32000,32000,32000
3.297,0.5,-0.5,1,0.500279,-3.49054e-06,-0.500279,3.49054e-06,1.00052,-6.4591e-06,32000,32000,32000,32000
3.298,0.5,-0.5,1,0.500279,-3.49051e-06,-0.500279,3.49051e-06,1.00052,-6.45902e-06,32000,32000,32000,32000
3.299,0.5,-0.5,1,0.500279,-3.49047e-06,-0.500279,3.49047e-06,1.00052,-6.45894e-06,32000,32000,32000,32000
3.3,0.5,-0.5,1,0.500279,-3.49044e-06,-0.500279,3.49044e-06,1.00052,-6.45886e-06,32000,32000,32000,32000
3.301,0.5,-0.5,1,0.500279,-3.4904e-06,-0.500279,3.4904e-06,1.00052,-6.45878e-06,32000,32000,32000,32000
3.302,0.5,-0.5,1,0.500279,-3.49037e-06,-0.500279,3.49037e-06,1.00052,-6.4587e-06,32000,32000,32000,32000
3.303,0.5,-0.5,1,0.500279,-3.49034e-06,-0.500279,3.49034e-06,1.00052,-6.45862e-06,32000,32000,32000,32000
3.304,0.5,-0.5,1,0.500279,-3.49031e-06,-0.500279,3.49031e-06,1.00052,-6.45854e-06,32000,32000,32000,32000
3.305,0.5,-0.5,1,0.500279,-3.49027e-06,-0.500279,3.49027e-06,1.00052,-6.45846e-06,32000,32000,32000,32000
3.306,0.5,-0.5,1,0.500279,-3.49024e-06,-0.500279,3.49024e-06,1.00052,-6.45837e-06,32000,32000,32000,32000
3.307,0.5,-0.5,1,0.500279,-3.49021e-06,-0.500279,3.49021e-06,1.00052,-6.45829e-06,32000,32000,32000,32000
3.308,0.5,-0.5,1,0.500279,-3.49018e-06,-0.500279,3.49018e-06,1.00052,-6.45821e-06,32000,32000,32000,32000
3.309,0.5,-0.5,1,0.500279,-3.49015e-06,-0.500279,3.49015e-06,1.00052,-6.45813e-06,32000,32000,32000,32000
3.31,0.5,-0.5,1,0.500279,-3.49012e-06,-0.500279,3.49012e-06,1.00052,-6.45805e-06,32000,32000,32000,32000
3.311,0.5,-0.5,1,0.500279,-3.4901e-06,-0.500279,3.4901e-06,1.00052,-6.45797e-06,32000,32000,32000,32000
3.312,0.5,-0.5,1,0.500279,-3.49007e-06,-0.500279,3.49007e-06,1.00052,-6.45789e-06,32000,32000,32000,32000
3.313,0.5,-0.5,1,0.500279,-3.49004e-06,-0.500279,3.49004e-06,1.00052,-6.45781e-06,32000,32000,32000,32000
3.314,0.5,-0.5,1,0.500279,-3.49001e-06,-0.500279,3.49001e-06,1.00052,-6.45773e-06,32000,32000,32000,32000
3.315,0.5,-0.5,1,0.500279,-3.48998e-06,-0.500279,3.48998e-06,1.00052,-6.45765e-06,32000,32000,32000,32000
3.316,0.5,-0.5,1,0.500279,-3.48996e-06,-0.500279,3.48996e-06,1.00052,-6.45757e-06,32000,32000,32000,32000
3.317,0.5,-0.5,1,0.500279,-3.48993e-06,-0.500279,3.48993e-06,1.00052,-6.45749e-06,32000,32000,32000,32000
3.318,0.5,-0.5,1,0.500279,-3.4899e-06,-0.500279,3.4899e-06,1.00052,-6.45741e-06,32000,32000,32000,32000
3.319,0.5,-0.5,1,0.500279,-3.48987e-06,-0.500279,3.48987e-06,1.00052,-6.45732e-06,32000,32000,32000,32000
3.32,0.5,-0.5,1,0.500279,-3.48985e-06,-0.500279,3.48985e-06,1.00052,-6.45724e-06,32000,32000,32000,32000
3.321,0.5,-0.5,1,0.500279,-3.48982e-06,-0.500279,3.48982e-06,1.00052,-6.45716e-06,32000,32000,32000,32000
3.322,0.5,-0.5,1,0.500279,-3.48979e-06,-0.500279,3.48979e-06,1.00052,-6.45708e-06,32000,32000,32000,32000
3.323,0.5,-0.5,1,0.500279,-3.48977e-06,-0.500279,3.48977e-06,1.00052,-6.457e-06,32000,32000,32000,32000
3.324,0.5,-0.5,1,0.500279,-3.48974e-06,-0.500279,3.48974e-06,1.00052,-6.45692e-06,32000,32000,32000,32000
3.325,0.5,-0.5,1,0.500279,-3.48972e-06,-0.500279,3.48972e-06,1.00052,-6.45684e-06,32000,32000,32000,32000
3.326,0.5,-0.5,1,0.500279,-3.48969e-06,-0.500279,3.48969e-06,1.00052,-6.45676e-06,32000,32000,32000,32000
3.327,0.5,-0.5,1,0.500279,-3.48966e-06,-0.500279,3.48966e-06,1.00052,-6.45668e-06,32000,32000,32000,32000
3.328,0.5,-0.5,1,0.500279,-3.48964e-06,-0.500279,3.48964e-06,1.00052,-6.4566e-06,32000,32000,32000,32000
3.329,0.5,-0.5,1,0.500279,-3.48961e-06,-0.500279,3.48961e-06,1.00052,-6.45652e-06,32000,32000,32000,32000
3.33,0.5,-0.5,1,0.500279,-3.48958e-06,-0.500279,3.48958e-06,1.00052,-6.45644e-06,32000,32000,32000,32000
3.331,0.5,-0.5,1,0.500279,-3.48956e-06,-0.500279,3.48956e-06,1.00052,-6.45636e-06,32000,32000,32000,32000
3.332,0.5,-0.5,1,0.500279,-3.48953e-06,-0.500279,3.48953e-06,1.00052,-6.45627e-06,32000,32000,32000,32000
3.333,0.5,-0.5,1,0.500279,-3.4895e-06,-0.500279,3.4895e-06,1.00052,-6.45619e-06,32000,32000,32000,32000
3.334,0.5,-0.5,1,0.500279,-3.48948e-06,-0.500279,3.48948e-06,1.00052,-6.45611e-06,32000,32000,32000,32000
3.335,0.5,-0.5,1,0.500279,-3.48945e-06,-0.500279,3.48945e-06,1.00052,-6.45603e-06,32000,32000,32000,32000
3.336,0.5,-0.5,1,0.500279,-3.48942e-06,-0.500279,3.48942e-06,1.00052,-6.45595e-06,32000,32000,32000,32000
3.337,0.5,-0.5,1,0.500279,-3.4894e-06,-0.500279,3.4894e-06,1.00052,-6.45587e-06,32000,32000,32000,32000
3.338,0.5,-0.5,1,0.500279,-3.48937e-06,-0.500279,3.48937e-06,1.00052,-6.45579e-06,32000,32000,32000,32000
3.339,0.5,-0.5,1,0.500279,-3.48934e-06,-0.500279,3.48934e-06,1.00052,-6.45571e-06,32000,32000,32000,32000
3.34,0.5,-0.5,1,0.500279,-3.48932e-06,-0.500279,3.48932e-06,1.00052,-6.45563e-06,32000,32000,32000,32000
3.341,0.5,-0.5,1,0.500279,-3.48929e-06,-0.500279,3.48929e-06,1.00052,-6.45555e-06,32000,32000,32000,32000
3.342,0.5,-0.5,1,0.500279,-3.48926e-06,-0.500279,3.48926e-06,1.00052,-6.45547e-06,32000,32000,32000,32000
3.343,0.5,-0.5,1,0.500279,-3.48923e-06,-0.500279,3.48923e-06,1.00052,-6.45539e-06,32000,32000,32000,32000
3.344,0.5,-0.5,1,0.500279,-3.4892e-06,-0.500279,3.4892e-06,1.00052,-6.45531e-06,32000,32000,32000,32000
3.345,0.5,-0.5,1,0.500279,-3.48918e-06,-0.500279,3.48918e-06,1.00052,-6.45523e-06,32000,32000,32000,32000
3.346,0.5,-0.5,1,0.500279,-3.48915e-06,-0.500279,3.48915e-06,1.00052,-6.45514e-06,32000,32000,32000,32000
3.347,0.5,-0.5,1,0.500279,-3.48912e-06,-0.500279,3.48912e-06,1.00052,-6.45506e-06,32000,32000,32000,32000
3.348,0.5,-0.5,1,0.500279,-3.48909e-06,-0.500279,3.48909e-06,1.00052,-6.45498e-06,32000,32000,32000,32000
3.349,0.5,-0.5,1,0.500279,-3.48906e-06,-0.500279,3.48906e-06,1.00052,-6.4549e-06,32000,32000,32000,32000
3.35,0.5,-0.5,1,0.500279,-3.48903e-06,-0.500279,3.48903e-06,1.00052,-6.45482e-06,32000,32000,32000,32000
3.351,0.5,-0.5,1,0.500279,-3.489e-06,-0.500279,3.489e-06,1.00052,-6.45474e-06,32000,32000,32000,32000
3.352,0.5,-0.5,1,0.500279,-3.48897e-06,-0.500279,3.48897e-06,1.00052,-6.45466e-06,32000,32000,32000,32000
3.353,0.5,-0.5,1,0.500279,-3.48894e-06,-0.500279,3.48894e-06,1.00052,-6.45458e-06,32000,32000,32000,32000
3.354,0.5,-0.5,1,0.500279,-3.48891e-06,-0.500279,3.48891e-06,1.00052,-6.4545e-06,32000,32000,32000,32000
3.355,0.5,-0.5,1,0.500279,-3.48888e-06,-0.500279,3.48888e-06,1.00052,-6.45442e-06,32000,32000,32000,32000
3.356,0.5,-0.5,1,0.500279,-3.48885e-06,-0.500279,3.48885e-06,1.00052,-6.45434e-06,32000,32000,32000,32000
3.357,0.5,-0.5,1,0.500279,-3.48882e-06,-0.500279,3.48882e-06,1.00052,-6.45426e-06,32000,32000,32000,32000
3.358,0.5,-0.5,1,0.500279,-3.48878e-06,-0.500279,3.48878e-06,1.00052,-6.45418e-06,32000,32000,32000,32000
3.359,0.5,-0.5,1,0.500279,-3.48875e-06,-0.500279,3.48875e-06,1.00052,-6.4541e-06,32000,32000,32000,32000
3.36,0.5,-0.5,1,0.500279,-3.48872e-06,-0.500279,3.48872e-06,1.00052,-6.45401e-06,32000,32000,32000,32000
3.361,0.5,-0.5,1,0.500279,-3.48869e-06,-0.500279,3.48869e-06,1.00052,-6.45393e-06,32000,32000,32000,32000
3.362,0.5,-0.5,1,0.500279,-3.48866e-06,-0.500279,3.48866e-06,1.00052,-6.45385e-06,32000,32000,32000,32000
3.363,0.5,-0.5,1,0.500279,-3.48862e-06,-0.500279,3.48862e-06,1.00052,-6.45377e-06,32000,32000,32000,32000
3.364,0.5,-0.5,1,0.500279,-3.48859e-06,-0.500279,3.48859e-06,1.00052,-6.45369e-06,32000,32000,32000,32000
3.365,0.5,-0.5,1,0.500279,-3.48856e-06,-0.500279,3.48856e-06,1.00052,-6.45361e-06,32000,32000,32000,32000
3.366,0.5,-0.5,1,0.500279,-3.48852e-06,-0.500279,3.48852e-06,1.00052,-6.45353e-06,32000,32000,32000,32000
3.367,0.5,-0.5,1,0.500279,-3.48849e-06,-0.500279,3.48849e-06,1.00052,-6.45345e-06,32000,32000,32000,32000
3.368,0.5,-0.5,1,0.500279,-3.48845e-06,-0.500279,3.48845e-06,1.00052,-6.45337e-06,32000,32000,32000,32000
3.369,0.5,-0.5,1,0.500279,-3.48842e-06,-0.500279,3.48842e-06,1.00052,-6.45329e-06,32000,32000,32000,32000
3.37,0.5,-0.5,1,0.500279,-3.48838e-06,-0.500279,3.48838e-06,1.00052,-6.45321e-06,32000,32000,32000,32000
3.371,0.5,-0.5,1,0.500279,-3.48835e-06,-0.500279,3.48835e-06,1.00052,-6.45313e-06,32000,32000,32000,32000
3.372,0.5,-0.5,1,0.500279,-3.48831e-06,-0.500279,3.48831e-06,1.00052,-6.45305e-06,32000,32000,32000,32000
3.373,0.5,-0.5,1,0.500279,-3.48828e-06,-0.500279,3.48828e-06,1.00052,-6.45297e-06,32000,32000,32000,32000
3.374,0.5,-0.5,1,0.500279,-3.48824e-06,-0.500279,3.48824e-06,1.00052,-6.45288e-06,32000,32000,32000,32000
3.375,0.5,-0.5,1,0.500279,-3.48821e-06,-0.500279,3.48821e-06,1.00052,-6.4528e-06,32000,32000,32000,32000
3.376,0.5,-0.5,1,0.500279,-3.48817e-06,-0.500279,3.48817e-06,1.00052,-6.45272e-06,32000,32000,32000,32000
3.377,0.5,-0.5,1,0.500279,-3.48813e-06,-0.500279,3.48813e-06,1.00052,-6.45264e-06,32000,32000,32000,32000
3.378,0.5,-0.5,1,0.500279,-3.4881e-06,-0.500279,3.4881e-06,1.00052,-6.45256e-06,32000,32000,32000,32000
3.379,0.5,-0.5,1,0.500279,-3.48806e-06,-0.500279,3.48806e-06,1.00052,-6.45248e-06,32000,32000,32000,32000
3.38,0.5,-0.5,1,0.500279,-3.48802e-06,-0.500279,3.48802e-06,1.00052,-6.4524e-06,32000,32000,32000,32000
3.381,0.5,-0.5,1,0.500279,-3.48798e-06,-0.500279,3.48798e-06,1.00052,-6.45232e-06,32000,32000,32000,32000
3.382,0.5,-0.5,1,0.500279,-3.48795e-06,-0.500279,3.48795e-06,1.00052,-6.45224e-06,32000,32000,32000,32000
3.383,0.5,-0.5,1,0.500279,-3.48791e-06,-0.500279,3.48791e-06,1.00052,-6.45216e-06,32000,32000,32000,32000
3.384,0.5,-0.5,1,0.500279,-3.48787e-06,-0.500279,3.48787e-06,1.00052,-6.45208e-06,32000,32000,32000,32000
3.385,0.5,-0.5,1,0.500279,-3.48783e-06,-0.500279,3.48783e-06,1.00052,-6.452e-06,32000,32000,32000,32000
3.386,0.5,-0.5,1,0.500279,-3.48779e-06,-0.500279,3.48779e-06,1.00052,-6.45192e-06,32000,32000,32000,32000
3.387,0.5,-0.5,1,0.500279,-3.48775e-06,-0.500279,3.48775e-06,1.00052,-6.45184e-06,32000,32000,32000,32000
3.388,0.5,-0.5,1,0.500279,-3.48771e-06,-0.500279,3.48771e-06,1.00052,-6.45175e-06,32000,32000,32000,32000
3.389,0.5,-0.5,1,0.500279,-3.48767e-06,-0.500279,3.48767e-06,1.00052,-6.45167e-06,32000,32000,32000,32000
3.39,0.5,-0.5,1,0.500279,-3.48763e-06,-0.500279,3.48763e-06,1.00052,-6.45159e-06,32000,32000,32000,32000
3.391,0.5,-0.5,1,0.500279,-3.48759e-06,-0.500279,3.48759e-06,1.00052,-6.45151e-06,32000,32000,32000,32000
3.392,0.5,-0.5,1,0.500279,-3.48755e-06,-0.500279,3.48755e-06,1.00052,-6.45143e-06,32000,32000,32000,32000
3.393,0.5,-0.5,1,0.500279,-3.48751e-06,-0.500279,3.48751e-06,1.00052,-6.45135e-06,32000,32000,32000,32000
3.394,0.5,-0.5,1,0.500279,-3.48747e-06,-0.500279,3.48747e-06,1.00052,-6.45127e-06,32000,32000,32000,32000
3.395,0.5,-0.5,1,0.500279,-3.48743e-06,-0.500279,3.48743e-06,1.00052,-6.45119e-06,32000,32000,32000,32000
3.396,0.5,-0.5,1,0.500279,-3.48739e-06,-0.500279,3.48739e-06,1.00052,-6.45111e-06,32000,32000,32000,32000
3.397,0.5,-0.5,1,0.500279,-3.48735e-06,-0.500279,3.48735e-06,1.00052,-6.45103e-06,32000,32000,32000,32000
3.398,0.5,-0.5,1,0.500279,-3.48731e-06,-0.500279,3.48731e-06,1.00052,-6.45095e-06,32000,32000,32000,32000
3.399,0.5,-0.5,1,0.500279,-3.48727e-06,-0.500279,3.48727e-06,1.00052,-6.45087e-06,32000,32000,32000,32000
3.4,0.5,-0.5,1,0.500279,-3.48723e-06,-0.500279,3.48723e-06,1.00052,-6.45079e-06,32000,32000,32000,32000
3.401,0.5,-0.5,1,0.500279,-3.48718e-06,-0.500279,3.48718e-06,1.00052,-6.45071e-06,32000,32000,32000,32000
3.402,0.5,-0.5,1,0.500279,-3.48714e-06,-0.500279,3.48714e-06,1.00052,-6.45063e-06,32000,32000,32000,32000
3.403,0.5,-0.5,1,0.500279,-3.4871e-06,-0.500279,3.4871e-06,1.00052,-6.45054e-06,32000,32000,32000,32000
3.404,0.5,-0.5,1,0.500279,-3.48706e-06,-0.500279,3.48706e-06,1.00052,-6.45046e-06,32000,32000,32000,32000
3.405,0.5,-0.5,1,0.500279,-3.48702e-06,-0.500279,3.48702e-06,1.00052,-6.45038e-06,32000,32000,32000,32000
3.406,0.5,-0.5,1,0.500279,-3.48697e-06,-0.500279,3.48697e-06,1.00052,-6.4503e-06,32000,32000,32000,32000
3.407,0.5,-0.5,1,0.500279,-3.48693e-06,-0.500279,3.48693e-06,1.00052,-6.45022e-06,32000,32000,32000,32000
3.408,0.5,-0.5,1,0.500279,-3.48689e-06,-0.500279,3.48689e-06,1.00052,-6.45014e-06,32000,32000,32000,32000
3.409,0.5,-0.5,1,0.500279,-3.48684e-06,-0.500279,3.48684e-06,1.00052,-6.45006e-06,32000,32000,32000,32000
3.41,0.5,-0.5,1,0.500279,-3.4868e-06,-0.500279,3.4868e-06,1.00052,-6.44998e-06,32000,32000,32000,32000
3.411,0.5,-0.5,1,0.500279,-3.48676e-06,-0.500279,3.48676e-06,1.00052,-6.4499e-06,32000,32000,32000,32000
3.412,0.5,-0.5,1,0.500279,-3.48671e-06,-0.500279,3.48671e-06,1.00052,-6.44982e-06,32000,32000,32000,32000
3.413,0.5,-0.5,1,0.500279,-3.48667e-06,-0.500279,3.48667e-06,1.00052,-6.44974e-06,32000,32000,32000,32000
3.414,0.5,-0.5,1,0.500279,-3.48663e-06,-0.500279,3.48663e-06,1.00052,-6.44966e-06,32000,32000,32000,32000
3.415,0.5,-0.5,1,0.500279,-3.48658e-06,-0.500279,3.48658e-06,1.00052,-6.44958e-06,32000,32000,32000,32000
3.416,0.5,-0.5,1,0.500279,-3.48654e-06,-0.500279,3.48654e-06,1.00052,-6.4495e-06,32000,32000,32000,32000
3.417,0.5,-0.5,1,0.500279,-3.4865e-06,-0.500279,3.4865e-06,1.00052,-6.44942e-06,32000,32000,32000,32000
3.418,0.5,-0.5,1,0.500279,-3.48645e-06,-0.500279,3.48645e-06,1.00052,-6.44933e-06,32000,32000,32000,32000
3.419,0.5,-0.5,1,0.500279,-3.48641e-06,-0.500279,3.48641e-06,1.00052,-6.44925e-06,32000,32000,32000,32000
3.42,0.5,-0.5,1,0.500279,-3.48636e-06,-0.500279,3.48636e-06,1.00052,-6.44917e-06,32000,32000,32000,32000
3.421,0.5,-0.5,1,0.500279,-3.48632e-06,-0.500279,3.48632e-06,1.00052,-6.44909e-06,32000,32000,32000,32000
3.422,0.5,-0.5,1,0.500279,-3.48628e-06,-0.500279,3.48628e-06,1.00052,-6.44901e-06,32000,32000,32000,32000
3.423,0.5,-0.5,1,0.500279,-3.48623e-06,-0.500279,3.48623e-06,1.00052,-6.44893e-06,32000,32000,32000,32000
3.424,0.5,-0.5,1,0.500279,-3.48619e-06,-0.500279,3.48619e-06,1.00052,-6.44885e-06,32000,32000,32000,32000
3.425,0.5,-0.5,1,0.500279,-3.48614e-06,-0.500279,3.48614e-06,1.00052,-6.44877e-06,32000,32000,32000,32000
3.426,0.5,-0.5,1,0.500279,-3.4861e-06,-0.500279,3.4861e-06,1.00052,-6.44869e-06,32000,32000,32000,32000
3.427,0.5,-0.5,1,0.500279,-3.48605e-06,-0.500279,3.48605e-06,1.00052,-6.44861e-06,32000,32000,32000,32000
3.428,0.5,-0.5,1,0.500279,-3.48601e-06,-0.500279,3.48601e-06,1.00052,-6.44853e-06,32000,32000,32000,32000
3.429,0.5,-0.5,1,0.500279,-3.48596e-06,-0.500279,3.48596e-06,1.00052,-6.44845e-06,32000,32000,32000,32000
3.43,0.5,-0.5,1,0.500279,-3.48592e-06,-0.500279,3.48592e-06,1.00052,-6.44837e-06,32000,32000,32000,32000
3.431,0.5,-0.5,1,0.500279,-3.48587e-06,-0.500279,3.48587e-06,1.00052,-6.44829e-06,32000,32000,32000,32000
3.432,0.5,-0.5,1,0.500279,-3.48583e-06,-0.500279,3.48583e-06,1.00052,-6.44821e-06,32000,32000,32000,32000
3.433,0.5,-0.5,1,0.500279,-3.48578e-06,-0.500279,3.48578e-06,1.00052,-6.44813e-06,32000,32000,32000,32000
3.434,0.5,-0.5,1,0.500279,-3.48574e-06,-0.500279,3.48574e-06,1.00052,-6.44804e-06,32000,32000,32000,32000
3.435,0.5,-0.5,1,0.500279,-3.48569e-06,-0.500279,3.48569e-06,1.00052,-6.44796e-06,32000,32000,32000,32000
3.436,0.5,-0.5,1,0.500279,-3.48565e-06,-0.500279,3.48565e-06,1.00052,-6.44788e-06,32000,32000,32000,32000
3.437,0.5,-0.5,1,0.500279,-3.4856e-06,-0.500279,3.4856e-06,1.00052,-6.4478e-06,32000,32000,32000,32000
3.438,0.5,-0.5,1,0.500279,-3.48556e-06,-0.500279,3.48556e-06,1.00052,-6.44772e-06,32000,32000,32000,32000
3.439,0.5,-0.5,1,0.500279,-3.48551e-06,-0.500279,3.48551e-06,1.00052,-6.44764e-06,32000,32000,32000,32000
3.44,0.5,-0.5,1,0.500279,-3.48547e-06,-0.500279,3.48547e-06,1.00052,-6.44756e-06,32000,32000,32000,32000
3.441,0.5,-0.5,1,0.500279,-3.48542e-06,-0.500279,3.48542e-06,1.00052,-6.44748e-06,32000,32000,32000,32000
3.442,0.5,-0.5,1,0.500279,-3.48538e-06,-0.500279,3.48538e-06,1.00052,-6.4474e-06,32000,32000,32000,32000
3.443,0.5,-0.5,1,0.500279,-3.48533e-06,-0.500279,3.48533e-06,1.00052,-6.44732e-06,32000,32000,32000,32000
3.444,0.5,-0.5,1,0.500279,-3.48529e-06,-0.500279,3.48529e-06,1.00052,-6.44724e-06,32000,32000,32000,32000
3.445,0.5,-0.5,1,0.500279,-3.48524e-06,-0.500279,3.48524e-06,1.00052,-6.44716e-06,32000,32000,32000,32000
3.446,0.5,-0.5,1,0.500279,-3.48519e-06,-0.500279,3.48519e-06,1.00052,-6.44708e-06,32000,32000,32000,32000
3.447,0.5,-0.5,1,0.500279,-3.48515e-06,-0.500279,3.48515e-06,1.00052,-6.447e-06,32000,32000,32000,32000
3.448,0.5,-0.5,1,0.500279,-3.4851e-06,-0.500279,3.4851e-06,1.00052,-6.44692e-06,32000,32000,32000,32000
3.449,0.5,-0.5,1,0.500279,-3.48506e-06,-0.500279,3.48506e-06,1.00052,-6.44684e-06,32000,32000,32000,32000
3.45,0.5,-0.5,1,0.500279,-3.48501e-06,-0.500279,3.48501e-06,1.00052,-6.44675e-06,32000,32000,32000,32000
3.451,0.5,-0.5,1,0.500279,-3.48497e-06,-0.500279,3.48497e-06,1.00052,-6.44667e-06,32000,32000,32000,32000
3.452,0.5,-0.5,1,0.500279,-3.48492e-06,-0.500279,3.48492e-06,1.00052,-6.44659e-06,32000,32000,32000,32000
3.453,0.5,-0.5,1,0.500279,-3.48488e-06,-0.500279,3.48488e-06,1.00052,-6.44651e-06,32000,32000,32000,32000
3.454,0.5,-0.5,1,0.500279,-3.48483e-06,-0.500279,3.48483e-06,1.00052,-6.44643e-06,32000,32000,32000,32000
3.455,0.5,-0.5,1,0.500279,-3.48479e-06,-0.500279,3.48479e-06,1.00052,-6.44635e-06,32000,32000,32000,32000
3.456,0.5,-0.5,1,0.500279,-3.48474e-06,-0.500279,3.48474e-06,1.00052,-6.44627e-06,32000,32000,32000,32000
3.457,0.5,-0.5,1,0.500279,-3.4847e-06,-0.500279,3.4847e-06,1.00052,-6.44619e-06,32000,32000,32000,32000
3.458,0.5,-0.5,1,0.500279,-3.48465e-06,-0.500279,3.48465e-06,1.00052,-6.44611e-06,32000,32000,32000,32000
3.459,0.5,-0.5,1,0.500279,-3.4846e-06,-0.500279,3.4846e-06,1.00052,-6.44603e-06,32000,32000,32000,32000
3.46,0.5,-0.5,1,0.500279,-3.48456e-06,-0.500279,3.48456e-06,1.00052,-6.44595e-06,32000,32000,32000,32000
3.461,0.5,-0.5,1,0.500279,-3.48451e-06,-0.500279,3.48451e-06,1.00052,-6.44587e-06,32000,32000,32000,32000
3.462,0.5,-0.5,1,0.500279,-3.48447e-06,-0.500279,3.48447e-06,1.00052,-6.44579e-06,32000,32000,32000,32000
3.463,0.5,-0.5,1,0.500279,-3.48442e-06,-0.500279,3.48442e-06,1.00052,-6.44571e-06,32000,32000,32000,32000
3.464,0.5,-0.5,1,0.500279,-3.48438e-06,-0.500279,3.48438e-06,1.00052,-6.44563e-06,32000,32000,32000,32000
3.465,0.5,-0.5,1,0.500279,-3.48433e-06,-0.500279,3.48433e-06,1.00052,-6.44555e-06,32000,32000,32000,32000
3.466,0.5,-0.5,1,0.500279,-3.48429e-06,-0.500279,3.48429e-06,1.00052,-6.44546e-06,32000,32000,32000,32000
3.467,0.5,-0.5,1,0.500279,-3.48424e-06,-0.500279,3.48424e-06,1.00052,-6.44538e-06,32000,32000,32000,32000
3.468,0.5,-0.5,1,0.500279,-3.4842e-06,-0.500279,3.4842e-06,1.00052,-6.4453e-06,32000,32000,32000,32000
3.469,0.5,-0.5,1,0.500279,-3.48415e-06,-0.500279,3.48415e-06,1.00052,-6.44522e-06,32000,32000,32000,32000
3.47,0.5,-0.5,1,0.500279,-3.48411e-06,-0.500279,3.48411e-06,1.00052,-6.44514e-06,32000,32000,32000,32000
3.471,0.5,-0.5,1,0.500279,-3.48406e-06,-0.500279,3.48406e-06,1.00052,-6.44506e-06,32000,32000,32000,32000
3.472,0.5,-0.5,1,0.500279,-3.48402e-06,-0.500279,3.48402e-06,1.00052,-6.44498e-06,32000,32000,32000,32000
3.473,0.5,-0.5,1,0.500279,-3.48397e-06,-0.500279,3.48397e-06,1.00052,-6.4449e-06,32000,32000,32000,32000
3.474,0.5,-0.5,1,0.500279,-3.48393e-06,-0.500279,3.48393e-06,1.00052,-6.44482e-06,32000,32000,32000,32000
3.475,0.5,-0.5,1,0.500279,-3.48388e-06,-0.500279,3.48388e-06,1.00052,-6.44474e-06,32000,32000,32000,32000
3.476,0.5,-0.5,1,0.500279,-3.48384e-06,-0.500279,3.48384e-06,1.00052,-6.44466e-06,32000,32000,32000,32000
3.477,0.5,-0.5,1,0.500279,-3.48379e-06,-0.500279,3.48379e-06,1.00052,-6.44458e-06,32000,32000,32000,32000
3.478,0.5,-0.5,1,0.500279,-3.48375e-06,-0.500279,3.48375e-06,1.00052,-6.4445e-06,32000,32000,32000,32000
3.479,0.5,-0.5,1,0.500279,-3.4837e-06,-0.500279,3.4837e-06,1.00052,-6.44442e-06,32000,32000,32000,32000
3.48,0.5,-0.5,1,0.500279,-3.48366e-06,-0.500279,3.48366e-06,1.00052,-6.44434e-06,32000,32000,32000,32000
3.481,0.5,-0.5,1,0.500279,-3.48361e-06,-0.500279,3.48361e-06,1.00052,-6.44426e-06,32000,32000,32000,32000
3.482,0.5,-0.5,1,0.500279,-3.48357e-06,-0.500279,3.48357e-06,1.00052,-6.44418e-06,32000,32000,32000,32000
3.483,0.5,-0.5,1,0.500279,-3.48352e-06,-0.500279,3.48352e-06,1.00052,-6.44409e-06,32000,32000,32000,32000
3.484,0.5,-0.5,1,0.500279,-3.48348e-06,-0.500279,3.48348e-06,1.00052,-6.44401e-06,32000,32000,32000,32000
3.485,0.5,-0.5,1,0.500279,-3.48343e-06,-0.500279,3.48343e-06,1.00052,-6.44393e-06,32000,32000,32000,32000
3.486,0.5,-0.5,1,0.500279,-3.48339e-06,-0.500279,3.48339e-06,1.00052,-6.44385e-06,32000,32000,32000,32000
3.487,0.5,-0.5,1,0.500279,-3.48334e-06,-0.500279,3.48334e-06,1.00052,-6.44377e-06,32000,32000,32000,32000
3.488,0.5,-0.5,1,0.500279,-3.4833e-06,-0.500279,3.4833e-06,1.00052,-6.44369e-06,32000,32000,32000,32000
3.489,0.5,-0.5,1,0.500279,-3.48325e-06,-0.500279,3.48325e-06,1.00052,-6.44361e-06,32000,32000,32000,32000
3.49,0.5,-0.5,1,0.500279,-3.48321e-06,-0.500279,3.48321e-06,1.00052,-6.44353e-06,32000,32000,32000,32000
3.491,0.5,-0.5,1,0.500279,-3.48316e-06,-0.500279,3.48316e-06,1.00052,-6.44345e-06,32000,32000,32000,32000
3.492,0.5,-0.5,1,0.500279,-3.48312e-06,-0.500279,3.48312e-06,1.00052,-6.44337e-06,32000,32000,32000,32000
3.493,0.5,-0.5,1,0.500279,-3.48308e-06,-0.500279,3.48308e-06,1.00052,-6.44329e-06,32000,32000,32000,32000
3.494,0.5,-0.5,1,0.500279,-3.48303e-06,-0.500279,3.48303e-06,1.00052,-6.44321e-06,32000,32000,32000,32000
3.495,0.5,-0.5,1,0.500279,-3.48299e-06,-0.500279,3.48299e-06,1.00052,-6.44313e-06,32000,32000,32000,32000
3.496,0.5,-0.5,1,0.500279,-3.48294e-06,-0.500279,3.48294e-06,1.00052,-6.44305e-06,32000,32000,32000,32000
3.497,0.5,-0.5,1,0.500279,-3.4829e-06,-0.500279,3.4829e-06,1.00052,-6.44297e-06,32000,32000,32000,32000
3.498,0.5,-0.5,1,0.500278,-3.48285e-06,-0.500278,3.48285e-06,1.00052,-6.44289e-06,32000,32000,32000,32000
3.499,0.5,-0.5,1,0.500278,-3.48281e-06,-0.500278,3.48281e-06,1.00052,-6.44281e-06,32000,32000,32000,32000
3.5,0.5,-0.5,1,0.500278,-3.48276e-06,-0.500278,3.48276e-06,1.00052,-6.44272e-06,32000,32000,32000,32000
3.501,0.5,-0.5,1,0.500278,-3.48272e-06,-0.500278,3.48272e-06,1.00052,-6.44264e-06,32000,32000,32000,32000
3.502,0.5,-0.5,1,0.500278,-3.48268e-06,-0.500278,3.48268e-06,1.00052,-6.44256e-06,32000,32000,32000,32000
3.503,0.5,-0.5,1,0.500278,-3.48263e-06,-0.500278,3.48263e-06,1.00052,-6.44248e-06,32000,32000,32000,32000
3.504,0.5,-0.5,1,0.500278,-3.48259e-06,-0.500278,3.48259e-06,1.00052,-6.4424e-06,32000,32000,32000,32000
3.505,0.5,-0.5,1,0.500278,-3.48254e-06,-0.500278,3.48254e-06,1.00052,-6.44232e-06,32000,32000,32000,32000
3.506,0.5,-0.5,1,0.500278,-3.4825e-06,-0.500278,3.4825e-06,1.00052,-6.44224e-06,32000,32000,32000,32000
3.507,0.5,-0.5,1,0.500278,-3.48246e-06,-0.500278,3.48246e-06,1.00052,-6.44216e-06,32000,32000,32000,32000
3.508,0.5,-0.5,1,0.500278,-3.48241e-06,-0.500278,3.48241e-06,1.00052,-6.44208e-06,32000,32000,32000,32000
3.509,0.5,-0.5,1,0.500278,-3.48237e-06,-0.500278,3.48237e-06,1.00052,-6.442e-06,32000,32000,32000,32000
3.51,0.5,-0.5,1,0.500278,-3.48232e-06,-0.500278,3.48232e-06,1.00052,-6.44192e-06,32000,32000,32000,32000
3.511,0.5,-0.5,1,0.500278,-3.48228e-06,-0.500278,3.48228e-06,1.00052,-6.44184e-06,32000,32000,32000,32000
3.512,0.5,-0.5,1,0.500278,-3.48224e-06,-0.500278,3.48224e-06,1.00052,-6.44176e-06,32000,32000,32000,32000
3.513,0.5,-0.5,1,0.500278,-3.48219e-06,-0.500278,3.48219e-06,1.00052,-6.44168e-06,32000,32000,32000,32000
3.514,0.5,-0.5,1,0.500278,-3.48215e-06,-0.500278,3.48215e-06,1.00052,-6.4416e-06,32000,32000,32000,32000
3.515,0.5,-0.5,1,0.500278,-3.4821e-06,-0.500278,3.4821e-06,1.00052,-6.44152e-06,32000,32000,32000,32000
3.516,0.5,-0.5,1,0.500278,-3.48206e-06,-0.500278,3.48206e-06,1.00052,-6.44144e-06,32000,32000,32000,32000
3.517,0.5,-0.5,1,0.500278,-3.48202e-06,-0.500278,3.48202e-06,1.00052,-6.44136e-06,32000,32000,32000,32000
3.518,0.5,-0.5,1,0.500278,-3.48197e-06,-0.500278,3.48197e-06,1.00052,-6.44127e-06,32000,32000,32000,32000
3.519,0.5,-0.5,1,0.500278,-3.48193e-06,-0.500278,3.48193e-06,1.00052,-6.44119e-06,32000,32000,32000,32000
3.52,0.5,-0.5,1,0.500278,-3.48188e-06,-0.500278,3.48188e-06,1.00052,-6.44111e-06,32000,32000,32000,32000
3.521,0.5,-0.5,1,0.500278,-3.48184e-06,-0.500278,3.48184e-06,1.00052,-6.44103e-06,32000,32000,32000,32000
3.522,0.5,-0.5,1,0.500278,-3.4818e-06,-0.500278,3.4818e-06,1.00052,-6.44095e-06,32000,32000,32000,32000
3.523,0.5,-0.5,1,0.500278,-3.48175e-06,-0.500278,3.48175e-06,1.00052,-6.44087e-06,32000,32000,32000,32000
3.524,0.5,-0.5,1,0.500278,-3.48171e-06,-0.500278,3.48171e-06,1.00052,-6.44079e-06,32000,32000,32000,32000
3.525,0.5,-0.5,1,0.500278,-3.48167e-06,-0.500278,3.48167e-06,1.00052,-6.44071e-06,32000,32000,32000,32000
3.526,0.5,-0.5,1,0.500278,-3.48162e-06,-0.500278,3.48162e-06,1.00052,-6.44063e-06,32000,32000,32000,32000
3.527,0.5,-0.5,1,0.500278,-3.48158e-06,-0.500278,3.48158e-06,1.00052,-6.44055e-06,32000,32000,32000,32000
3.528,0.5,-0.5,1,0.500278,-3.48153e-06,-0.500278,3.48153e-06,1.00051,-6.44047e-06,32000,32000,32000,32000
3.529,0.5,-0.5,1,0.500278,-3.48149e-06,-0.500278,3.48149e-06,1.00051,-6.44039e-06,32000,32000,32000,32000
3.53,0.5,-0.5,1,0.500278,-3.48145e-06,-0.500278,3.48145e-06,1.00051,-6.44031e-06,32000,32000,32000,32000
3.531,0.5,-0.5,1,0.500278,-3.4814e-06,-0.500278,3.4814e-06,1.00051,-6.44023e-06,32000,32000,32000,32000
3.532,0.5,-0.5,1,0.500278,-3.48136e-06,-0.500278,3.48136e-06,1.00051,-6.44015e-06,32000,32000,32000,32000
3.533,0.5,-0.5,1,0.500278,-3.48132e-06,-0.500278,3.48132e-06,1.00051,-6.44007e-06,32000,32000,32000,32000
3.534,0.5,-0.5,1,0.500278,-3.48127e-06,-0.500278,3.48127e-06,1.00051,-6.43999e-06,32000,32000,32000,32000
3.535,0.5,-0.5,1,0.500278,-3.48123e-06,-0.500278,3.48123e-06,1.00051,-6.43991e-06,32000,32000,32000,32000
3.536,0.5,-0.5,1,0.500278,-3.48119e-06,-0.500278,3.48119e-06,1.00051,-6.43982e-06,32000,32000,32000,32000
3.537,0.5,-0.5,1,0.500278,-3.48114e-06,-0.500278,3.48114e-06,1.00051,-6.43974e-06,32000,32000,32000,32000
3.538,0.5,-0.5,1,0.500278,-3.4811e-06,-0.500278,3.4811e-06,1.00051,-6.43966e-06,32000,32000,32000,32000
3.539,0.5,-0.5,1,0.500278,-3.48105e-06,-0.500278,3.48105e-06,1.00051,-6.43958e-06,32000,32000,32000,32000
3.54,0.5,-0.5,1,0.500278,-3.48101e-06,-0.500278,3.48101e-06,1.00051,-6.4395e-06,32000,32000,32000,32000
3.541,0.5,-0.5,1,0.500278,-3.48097e-06,-0.500278,3.48097e-06,1.00051,-6.43942e-06,32000,32000,32000,32000
3.542,0.5,-0.5,1,0.500278,-3.48092e-06,-0.500278,3.48092e-06,1.00051,-6.43934e-06,32000,32000,32000,32000
3.543,0.5,-0.5,1,0.500278,-3.48088e-06,-0.500278,3.48088e-06,1.00051,-6.43926e-06,32000,32000,32000,32000
3.544,0.5,-0.5,1,0.500278,-3.48084e-06,-0.500278,3.48084e-06,1.00051,-6.43918e-06,32000,32000,32000,32000
3.545,0.5,-0.5,1,0.500278,-3.48079e-06,-0.500278,3.48079e-06,1.00051,-6.4391e-06,32000,32000,32000,32000
3.546,0.5,-0.5,1,0.500278,-3.48075e-06,-0.500278,3.48075e-06,1.00051,-6.43902e-06,32000,32000,32000,32000
3.547,0.5,-0.5,1,0.500278,-3.48071e-06,-0.500278,3.48071e-06,1.00051,-6.43894e-06,32000,32000,32000,32000
3.548,0.5,-0.5,1,0.500278,-3.48066e-06,-0.500278,3.48066e-06,1.00051,-6.43886e-06,32000,32000,32000,32000
3.549,0.5,-0.5,1,0.500278,-3.48062e-06,-0.500278,3.48062e-06,1.00051,-6.43878e-06,32000,32000,32000,32000
3.55,0.5,-0.5,1,0.500278,-3.48058e-06,-0.500278,3.48058e-06,1.00051,-6.4387e-06,32000,32000,32000,32000
3.551,0.5,-0.5,1,0.500278,-3.48053e-06,-0.500278,3.48053e-06,1.00051,-6.43862e-06,32000,32000,32000,32000
3.552,0.5,-0.5,1,0.500278,-3.48049e-06,-0.500278,3.48049e-06,1.00051,-6.43854e-06,32000,32000,32000,32000
3.553,0.5,-0.5,1,0.500278,-3.48045e-06,-0.500278,3.48045e-06,1.00051,-6.43846e-06,32000,32000,32000,32000
3.554,0.5,-0.5,1,0.500278,-3.4804e-06,-0.500278,3.4804e-06,1.00051,-6.43838e-06,32000,32000,32000,32000
3.555,0.5,-0.5,1,0.500278,-3.48036e-06,-0.500278,3.48036e-06,1.00051,-6.43829e-06,32000,32000,32000,32000
3.556,0.5,-0.5,1,0.500278,-3.48032e-06,-0.500278,3.48032e-06,1.00051,-6.43821e-06,32000,32000,32000,32000
3.557,0.5,-0.5,1,0.500278,-3.48027e-06,-0.500278,3.48027e-06,1.00051,-6.43813e-06,32000,32000,32000,32000
3.558,0.5,-0.5,1,0.500278,-3.48023e-06,-0.500278,3.48023e-06,1.00051,-6.43805e-06,32000,32000,32000,32000
3.559,0.5,-0.5,1,0.500278,-3.48019e-06,-0.500278,3.48019e-06,1.00051,-6.43797e-06,32000,32000,32000,32000
3.56,0.5,-0.5,1,0.500278,-3.48014e-06,-0.500278,3.48014e-06,1.00051,-6.43789e-06,32000,32000,32000,32000
3.561,0.5,-0.5,1,0.500278,-3.4801e-06,-0.500278,3.4801e-06,1.00051,-6.43781e-06,32000,32000,32000,32000
3.562,0.5,-0.5,1,0.500278,-3.48006e-06,-0.500278,3.48006e-06,1.00051,-6.43773e-06,32000,32000,32000,32000
3.563,0.5,-0.5,1,0.500278,-3.48001e-06,-0.500278,3.48001e-06,1.00051,-6.43765e-06,32000,32000,32000,32000
3.564,0.5,-0.5,1,0.500278,-3.47997e-06,-0.500278,3.47997e-06,1.00051,-6.43757e-06,32000,32000,32000,32000
3.565,0.5,-0.5,1,0.500278,-3.47993e-06,-0.500278,3.47993e-06,1.00051,-6.43749e-06,32000,32000,32000,32000
3.566,0.5,-0.5,1,0.500278,-3.47988e-06,-0.500278,3.47988e-06,1.00051,-6.43741e-06,32000,32000,32000,32000
3.567,0.5,-0.5,1,0.500278,-3.47984e-06,-0.500278,3.47984e-06,1.00051,-6.43733e-06,32000,32000,32000,32000
3.568,0.5,-0.5,1,0.500278,-3.4798e-06,-0.500278,3.4798e-06,1.00051,-6.43725e-06,32000,32000,32000,32000
3.569,0.5,-0.5,1,0.500278,-3.47975e-06,-0.500278,3.47975e-06,1.00051,-6.43717e-06,32000,32000,32000,32000
3.57,0.5,-0.5,1,0.500278,-3.47971e-06,-0.500278,3.47971e-06,1.00051,-6.43709e-06,32000,32000,32000,32000
3.571,0.5,-0.5,1,0.500278,-3.47967e-06,-0.500278,3.47967e-06,1.00051,-6.43701e-06,32000,32000,32000,32000
3.572,0.5,-0.5,1,0.500278,-3.47962e-06,-0.500278,3.47962e-06,1.00051,-6.43693e-06,32000,32000,32000,32000
3.573,0.5,-0.5,1,0.500278,-3.47958e-06,-0.500278,3.47958e-06,1.00051,-6.43685e-06,32000,32000,32000,32000
3.574,0.5,-0.5,1,0.500278,-3.47954e-06,-0.500278,3.47954e-06,1.00051,-6.43677e-06,32000,32000,32000,32000
3.575,0.5,-0.5,1,0.500278,-3.47949e-06,-0.500278,3.47949e-06,1.00051,-6.43668e-06,32000,32000,32000,32000
3.576,0.5,-0.5,1,0.500278,-3.47945e-06,-0.500278,3.47945e-06,1.00051,-6.4366e-06,32000,32000,32000,32000
3.577,0.5,-0.5,1,0.500278,-3.47941e-06,-0.500278,3.47941e-06,1.00051,-6.43652e-06,32000,32000,32000,32000
3.578,0.5,-0.5,1,0.500278,-3.47936e-06,-0.500278,3.47936e-06,1.00051,-6.43644e-06,32000,32000,32000,32000
3.579,0.5,-0.5,1,0.500278,-3.47932e-06,-0.500278,3.47932e-06,1.00051,-6.43636e-06,32000,32000,32000,32000
3.58,0.5,-0.5,1,0.500278,-3.47928e-06,-0.500278,3.47928e-06,1.00051,-6.43628e-06,32000,32000,32000,32000
3.581,0.5,-0.5,1,0.500278,-3.47923e-06,-0.500278,3.47923e-06,1.00051,-6.4362e-06,32000,32000,32000,32000
3.582,0.5,-0.5,1,0.500278,-3.47919e-06,-0.500278,3.47919e-06,1.00051,-6.43612e-06,32000,32000,32000,32000
3.583,0.5,-0.5,1,0.500278,-3.47915e-06,-0.500278,3.47915e-06,1.00051,-6.43604e-06,32000,32000,32000,32000
3.584,0.5,-0.5,1,0.500278,-3.4791e-06,-0.500278,3.4791e-06,1.00051,-6.43596e-06,32000,32000,32000,32000
3.585,0.5,-0.5,1,0.500278,-3.47906e-06,-0.500278,3.47906e-06,1.00051,-6.43588e-06,32000,32000,32000,32000
3.586,0.5,-0.5,1,0.500278,-3.47902e-06,-0.500278,3.47902e-06,1.00051,-6.4358e-06,32000,32000,32000,32000
3.587,0.5,-0.5,1,0.500278,-3.47897e-06,-0.500278,3.47897e-06,1.00051,-6.43572e-06,32000,32000,32000,32000
3.588,0.5,-0.5,1,0.500278,-3.47893e-06,-0.500278,3.47893e-06,1.00051,-6.43564e-06,32000,32000,32000,32000
3.589,0.5,-0.5,1,0.500278,-3.47889e-06,-0.500278,3.47889e-06,1.00051,-6.43556e-06,32000,32000,32000,32000
3.59,0.5,-0.5,1,0.500278,-3.47884e-06,-0.500278,3.47884e-06,1.00051,-6.43548e-06,32000,32000,32000,32000
3.591,0.5,-0.5,1,0.500278,-3.4788e-06,-0.500278,3.4788e-06,1.00051,-6.4354e-06,32000,32000,32000,32000
3.592,0.5,-0.5,1,0.500278,-3.47876e-06,-0.500278,3.47876e-06,1.00051,-6.43532e-06,32000,32000,32000,32000
3.593,0.5,-0.5,1,0.500278,-3.47871e-06,-0.500278,3.47871e-06,1.00051,-6.43524e-06,32000,32000,32000,32000
3.594,0.5,-0.5,1,0.500278,-3.47867e-06,-0.500278,3.47867e-06,1.00051,-6.43516e-06,32000,32000,32000,32000
3.595,0.5,-0.5,1,0.500278,-3.47863e-06,-0.500278,3.47863e-06,1.00051,-6.43507e-06,32000,32000,32000,32000
3.596,0.5,-0.5,1,0.500278,-3.47858e-06,-0.500278,3.47858e-06,1.00051,-6.43499e-06,32000,32000,32000,32000
3.597,0.5,-0.5,1,0.500278,-3.47854e-06,-0.500278,3.47854e-06,1.00051,-6.43491e-06,32000,32000,32000,32000
3.598,0.5,-0.5,1,0.500278,-3.4785e-06,-0.500278,3.4785e-06,1.00051,-6.43483e-06,32000,32000,32000,32000
3.599,0.5,-0.5,1,0.500278,-3.47845e-06,-0.500278,3.47845e-06,1.00051,-6.43475e-06,32000,32000,32000,32000
3.6,0.5,-0.5,1,0.500278,-3.47841e-06,-0.500278,3.47841e-06,1.00051,-6.43467e-06,32000,32000,32000,32000
3.601,0.5,-0.5,1,0.500278,-3.47837e-06,-0.500278,3.47837e-06,1.00051,-6.43459e-06,32000,32000,32000,32000
3.602,0.5,-0.5,1,0.500278,-3.47832e-06,-0.500278,3.47832e-06,1.00051,-6.43451e-06,32000,32000,32000,32000
3.603,0.5,-0.5,1,0.500278,-3.47828e-06,-0.500278,3.47828e-06,1.00051,-6.43443e-06,32000,32000,32000,32000
3.604,0.5,-0.5,1,0.500278,-3.47824e-06,-0.500278,3.47824e-06,1.00051,-6.43435e-06,32000,32000,32000,32000
3.605,0.5,-0.5,1,0.500278,-3.47819e-06,-0.500278,3.47819e-06,1.00051,-6.43427e-06,32000,32000,32000,32000
3.606,0.5,-0.5,1,0.500278,-3.47815e-06,-0.500278,3.47815e-06,1.00051,-6.43419e-06,32000,32000,32000,32000
3.607,0.5,-0.5,1,0.500278,-3.47811e-06,-0.500278,3.47811e-06,1.00051,-6.43411e-06,32000,32000,32000,32000
3.608,0.5,-0.5,1,0.500278,-3.47806e-06,-0.500278,3.47806e-06,1.00051,-6.43403e-06,32000,32000,32000,32000
3.609,0.5,-0.5,1,0.500278,-3.47802e-06,-0.500278,3.47802e-06,1.00051,-6.43395e-06,32000,32000,32000,32000
3.61,0.5,-0.5,1,0.500278,-3.47798e-06,-0.500278,3.47798e-06,1.00051,-6.43387e-06,32000,32000,32000,32000
3.611,0.5,-0.5,1,0.500278,-3.47793e-06,-0.500278,3.47793e-06,1.00051,-6.43379e-06,32000,32000,32000,32000
3.612,0.5,-0.5,1,0.500278,-3.47789e-06,-0.500278,3.47789e-06,1.00051,-6.43371e-06,32000,32000,32000,32000
3.613,0.5,-0.5,1,0.500278,-3.47785e-06,-0.500278,3.47785e-06,1.00051,-6.43363e-06,32000,32000,32000,32000
3.614,0.5,-0.5,1,0.500278,-3.4778e-06,-0.500278,3.4778e-06,1.00051,-6.43355e-06,32000,32000,32000,32000
3.615,0.5,-0.5,1,0.500278,-3.47776e-06,-0.500278,3.47776e-06,1.00051,-6.43347e-06,32000,32000,32000,32000
3.616,0.5,-0.5,1,0.500278,-3.47772e-06,-0.500278,3.47772e-06,1.00051,-6.43339e-06,32000,32000,32000,32000
3.617,0.5,-0.5,1,0.500278,-3.47767e-06,-0.500278,3.47767e-06,1.00051,-6.4333e-06,32000,32000,32000,32000
3.618,0.5,-0.5,1,0.500278,-3.47763e-06,-0.500278,3.47763e-06,1.00051,-6.43322e-06,32000,32000,32000,32000
3.619,0.5,-0.5,1,0.500278,-3.47759e-06,-0.500278,3.47759e-06,1.00051,-6.43314e-06,32000,32000,32000,32000
3.62,0.5,-0.5,1,0.500278,-3.47754e-06,-0.500278,3.47754e-06,1.00051,-6.43306e-06,32000,32000,32000,32000
3.621,0.5,-0.5,1,0.500278,-3.4775e-06,-0.500278,3.4775e-06,1.00051,-6.43298e-06,32000,32000,32000,32000
3.622,0.5,-0.5,1,0.500278,-3.47745e-06,-0.500278,3.47745e-06,1.00051,-6.4329e-06,32000,32000,32000,32000
3.623,0.5,-0.5,1,0.500278,-3.47741e-06,-0.500278,3.47741e-06,1.00051,-6.43282e-06,32000,32000,32000,32000
3.624,0.5,-0.5,1,0.500278,-3.47737e-06,-0.500278,3.47737e-06,1.00051,-6.43274e-06,32000,32000,32000,32000
3.625,0.5,-0.5,1,0.500278,-3.47732e-06,-0.500278,3.47732e-06,1.00051,-6.43266e-06,32000,32000,32000,32000
3.626,0.5,-0.5,1,0.500278,-3.47728e-06,-0.500278,3.47728e-06,1.00051,-6.43258e-06,32000,32000,32000,32000
3.627,0.5,-0.5,1,0.500278,-3.47724e-06,-0.500278,3.47724e-06,1.00051,-6.4325e-06,32000,32000,32000,32000
3.628,0.5,-0.5,1,0.500278,-3.47719e-06,-0.500278,3.47719e-06,1.00051,-6.43242e-06,32000,32000,32000,32000
3.629,0.5,-0.5,1,0.500278,-3.47715e-06,-0.500278,3.47715e-06,1.00051,-6.43234e-06,32000,32000,32000,32000
3.63,0.5,-0.5,1,0.500278,-3.47711e-06,-0.500278,3.47711e-06,1.00051,-6.43226e-06,32000,32000,32000,32000
3.631,0.5,-0.5,1,0.500278,-3.47706e-06,-0.500278,3.47706e-06,1.00051,-6.43218e-06,32000,32000,32000,32000
3.632,0.5,-0.5,1,0.500278,-3.47702e-06,-0.500278,3.47702e-06,1.00051,-6.4321e-06,32000,32000,32000,32000
3.633,0.5,-0.5,1,0.500278,-3.47698e-06,-0.500278,3.47698e-06,1.00051,-6.43202e-06,32000,32000,32000,32000
3.634,0.5,-0.5,1,0.500278,-3.47693e-06,-0.500278,3.47693e-06,1.00051,-6.43194e-06,32000,32000,32000,32000
3.635,0.5,-0.5,1,0.500278,-3.47689e-06,-0.500278,3.47689e-06,1.00051,-6.43186e-06,32000,32000,32000,32000
3.636,0.5,-0.5,1,0.500278,-3.47685e-06,-0.500278,3.47685e-06,1.00051,-6.43178e-06,32000,32000,32000,32000
3.637,0.5,-0.5,1,0.500278,-3.4768e-06,-0.500278,3.4768e-06,1.00051,-6.4317e-06,32000,32000,32000,32000
3.638,0.5,-0.5,1,0.500278,-3.47676e-06,-0.500278,3.47676e-06,1.00051,-6.43162e-06,32000,32000,32000,32000
3.639,0.5,-0.5,1,0.500278,-3.47672e-06,-0.500278,3.47672e-06,1.00051,-6.43153e-06,32000,32000,32000,32000
3.64,0.5,-0.5,1,0.500278,-3.47667e-06,-0.500278,3.47667e-06,1.00051,-6.43145e-06,32000,32000,32000,32000
3.641,0.5,-0.5,1,0.500278,-3.47663e-06,-0.500278,3.47663e-06,1.00051,-6.43137e-06,32000,32000,32000,32000
3.642,0.5,-0.5,1,0.500278,-3.47659e-06,-0.500278,3.47659e-06,1.00051,-6.43129e-06,32000,32000,32000,32000
3.643,0.5,-0.5,1,0.500278,-3.47654e-06,-0.500278,3.47654e-06,1.00051,-6.43121e-06,32000,32000,32000,32000
3.644,0.5,-0.5,1,0.500278,-3.4765e-06,-0.500278,3.4765e-06,1.00051,-6.43113e-06,32000,32000,32000,32000
3.645,0.5,-0.5,1,0.500278,-3.47646e-06,-0.500278,3.47646e-06,1.00051,-6.43105e-06,32000,32000,32000,32000
3.646,0.5,-0.5,1,0.500278,-3.47641e-06,-0.500278,3.47641e-06,1.00051,-6.43097e-06,32000,32000,32000,32000
3.647,0.5,-0.5,1,0.500278,-3.47637e-06,-0.500278,3.47637e-06,1.00051,-6.43089e-06,32000,32000,32000,32000
3.648,0.5,-0.5,1,0.500278,-3.47633e-06,-0.500278,3.47633e-06,1.00051,-6.43081e-06,32000,32000,32000,32000
3.649,0.5,-0.5,1,0.500278,-3.47628e-06,-0.500278,3.47628e-06,1.00051,-6.43073e-06,32000,32000,32000,32000
3.65,0.5,-0.5,1,0.500278,-3.47624e-06,-0.500278,3.47624e-06,1.00051,-6.43065e-06,32000,32000,32000,32000
3.651,0.5,-0.5,1,0.500278,-3.4762e-06,-0.500278,3.4762e-06,1.00051,-6.43057e-06,32000,32000,32000,32000
3.652,0.5,-0.5,1,0.500278,-3.47615e-06,-0.500278,3.47615e-06,1.00051,-6.43049e-06,32000,32000,32000,32000
3.653,0.5,-0.5,1,0.500278,-3.47611e-06,-0.500278,3.47611e-06,1.00051,-6.43041e-06,32000,32000,32000,32000
3.654,0.5,-0.5,1,0.500278,-3.47607e-06,-0.500278,3.47607e-06,1.00051,-6.43033e-06,32000,32000,32000,32000
3.655,0.5,-0.5,1,0.500278,-3.47602e-06,-0.500278,3.47602e-06,1.00051,-6.43025e-06,32000,32000,32000,32000
3.656,0.5,-0.5,1,0.500278,-3.47598e-06,-0.500278,3.47598e-06,1.00051,-6.43017e-06,32000,32000,32000,32000
3.657,0.5,-0.5,1,0.500278,-3.47593e-06,-0.500278,3.47593e-06,1.00051,-6.43009e-06,32000,32000,32000,32000
3.658,0.5,-0.5,1,0.500278,-3.47589e-06,-0.500278,3.47589e-06,1.00051,-6.43001e-06,32000,32000,32000,32000
3.659,0.5,-0.5,1,0.500278,-3.47585e-06,-0.500278,3.47585e-06,1.00051,-6.42993e-06,32000,32000,32000,32000
3.66,0.5,-0.5,1,0.500278,-3.4758e-06,-0.500278,3.4758e-06,1.00051,-6.42985e-06,32000,32000,32000,32000
3.661,0.5,-0.5,1,0.500278,-3.47576e-06,-0.500278,3.47576e-06,1.00051,-6.42977e-06,32000,32000,32000,32000
3.662,0.5,-0.5,1,0.500278,-3.47572e-06,-0.500278,3.47572e-06,1.00051,-6.42969e-06,32000,32000,32000,32000
3.663,0.5,-0.5,1,0.500278,-3.47567e-06,-0.500278,3.47567e-06,1.00051,-6.4296e-06,32000,32000,32000,32000
3.664,0.5,-0.5,1,0.500278,-3.47563e-06,-0.500278,3.47563e-06,1.00051,-6.42952e-06,32000,32000,32000,32000
3.665,0.5,-0.5,1,0.500278,-3.47559e-06,-0.500278,3.47559e-06,1.00051,-6.42944e-06,32000,32000,32000,32000
3.666,0.5,-0.5,1,0.500278,-3.47554e-06,-0.500278,3.47554e-06,1.00051,-6.42936e-06,32000,32000,32000,32000
3.667,0.5,-0.5,1,0.500278,-3.4755e-06,-0.500278,3.4755e-06,1.00051,-6.42928e-06,32000,32000,32000,32000
3.668,0.5,-0.5,1,0.500278,-3.47546e-06,-0.500278,3.47546e-06,1.00051,-6.4292e-06,32000,32000,32000,32000
3.669,0.5,-0.5,1,0.500278,-3.47541e-06,-0.500278,3.47541e-06,1.00051,-6.42912e-06,32000,32000,32000,32000
3.67,0.5,-0.5,1,0.500278,-3.47537e-06,-0.500278,3.47537e-06,1.00051,-6.42904e-06,32000,32000,32000,32000
3.671,0.5,-0.5,1,0.500278,-3.47533e-06,-0.500278,3.47533e-06,1.00051,-6.42896e-06,32000,32000,32000,32000
3.672,0.5,-0.5,1,0.500278,-3.47528e-06,-0.500278,3.47528e-06,1.00051,-6.42888e-06,32000,32000,32000,32000
3.673,0.5,-0.5,1,0.500278,-3.47524e-06,-0.500278,3.47524e-06,1.00051,-6.4288e-06,32000,32000,32000,32000
3.674,0.5,-0.5,1,0.500278,-3.4752e-06,-0.500278,3.4752e-06,1.00051,-6.42872e-06,32000,32000,32000,32000
3.675,0.5,-0.5,1,0.500278,-3.47515e-06,-0.500278,3.47515e-06,1.00051,-6.42864e-06,32000,32000,32000,32000
3.676,0.5,-0.5,1,0.500278,-3.47511e-06,-0.500278,3.47511e-06,1.00051,-6.42856e-06,32000,32000,32000,32000
3.677,0.5,-0.5,1,0.500278,-3.47507e-06,-0.500278,3.47507e-06,1.00051,-6.42848e-06,32000,32000,32000,32000
3.678,0.5,-0.5,1,0.500278,-3.47502e-06,-0.500278,3.47502e-06,1.00051,-6.4284e-06,32000,32000,32000,32000
3.679,0.5,-0.5,1,0.500278,-3.47498e-06,-0.500278,3.47498e-06,1.00051,-6.42832e-06,32000,32000,32000,32000
3.68,0.5,-0.5,1,0.500278,-3.47493e-06,-0.500278,3.47493e-06,1.00051,-6.42824e-06,32000,32000,32000,32000
3.681,0.5,-0.5,1,0.500278,-3.47489e-06,-0.500278,3.47489e-06,1.00051,-6.42816e-06,32000,32000,32000,32000
3.682,0.5,-0.5,1,0.500278,-3.47485e-06,-0.500278,3.47485e-06,1.00051,-6.42808e-06,32000,32000,32000,32000
3.683,0.5,-0.5,1,0.500278,-3.4748e-06,-0.500278,3.4748e-06,1.00051,-6.428e-06,32000,32000,32000,32000
3.684,0.5,-0.5,1,0.500278,-3.47476e-06,-0.500278,3.47476e-06,1.00051,-6.42792e-06,32000,32000,32000,32000
3.685,0.5,-0.5,1,0.500278,-3.47472e-06,-0.500278,3.47472e-06,1.00051,-6.42784e-06,32000,32000,32000,32000
3.686,0.5,-0.5,1,0.500278,-3.47467e-06,-0.500278,3.47467e-06,1.00051,-6.42776e-06,32000,32000,32000,32000
3.687,0.5,-0.5,1,0.500278,-3.47463e-06,-0.500278,3.47463e-06,1.00051,-6.42768e-06,32000,32000,32000,32000
3.688,0.5,-0.5,1,0.500278,-3.47459e-06,-0.500278,3.47459e-06,1.00051,-6.4276e-06,32000,32000,32000,32000
3.689,0.5,-0.5,1,0.500278,-3.47454e-06,-0.500278,3.47454e-06,1.00051,-6.42751e-06,32000,32000,32000,32000
3.69,0.5,-0.5,1,0.500278,-3.4745e-06,-0.500278,3.4745e-06,1.00051,-6.42743e-06,32000,32000,32000,32000
3.691,0.5,-0.5,1,0.500278,-3.47446e-06,-0.500278,3.47446e-06,1.00051,-6.42735e-06,32000,32000,32000,32000
3.692,0.5,-0.5,1,0.500278,-3.47441e-06,-0.500278,3.47441e-06,1.00051,-6.42727e-06,32000,32000,32000,32000
3.693,0.5,-0.5,1,0.500278,-3.47437e-06,-0.500278,3.47437e-06,1.00051,-6.42719e-06,32000,32000,32000,32000
3.694,0.5,-0.5,1,0.500278,-3.47433e-06,-0.500278,3.47433e-06,1.00051,-6.42711e-06,32000,32000,32000,32000
3.695,0.5,-0.5,1,0.500278,-3.47428e-06,-0.500278,3.47428e-06,1.00051,-6.42703e-06,32000,32000,32000,32000
3.696,0.5,-0.5,1,0.500278,-3.47424e-06,-0.500278,3.47424e-06,1.00051,-6.42695e-06,32000,32000,32000,32000
3.697,0.5,-0.5,1,0.500278,-3.4742e-06,-0.500278,3.4742e-06,1.00051,-6.42687e-06,32000,32000,32000,32000
3.698,0.5,-0.5,1,0.500278,-3.47415e-06,-0.500278,3.47415e-06,1.00051,-6.42679e-06,32000,32000,32000,32000
3.699,0.5,-0.5,1,0.500278,-3.47411e-06,-0.500278,3.47411e-06,1.00051,-6.42671e-06,32000,32000,32000,32000
3.7,0.5,-0.5,1,0.500278,-3.47407e-06,-0.500278,3.47407e-06,1.00051,-6.42663e-06,32000,32000,32000,32000
3.701,0.5,-0.5,1,0.500278,-3.47402e-06,-0.500278,3.47402e-06,1.00051,-6.42655e-06,32000,32000,32000,32000
3.702,0.5,-0.5,1,0.500278,-3.47398e-06,-0.500278,3.47398e-06,1.00051,-6.42647e-06,32000,32000,32000,32000
3.703,0.5,-0.5,1,0.500278,-3.47394e-06,-0.500278,3.47394e-06,1.00051,-6.42639e-06,32000,32000,32000,32000
3.704,0.5,-0.5,1,0.500278,-3.47389e-06,-0.500278,3.47389e-06,1.00051,-6.42631e-06,32000,32000,32000,32000
3.705,0.5,-0.5,1,0.500278,-3.47385e-06,-0.500278,3.47385e-06,1.00051,-6.42623e-06,32000,32000,32000,32000
3.706,0.5,-0.5,1,0.500278,-3.4738e-06,-0.500278,3.4738e-06,1.00051,-6.42615e-06,32000,32000,32000,32000
3.707,0.5,-0.5,1,0.500278,-3.47376e-06,-0.500278,3.47376e-06,1.00051,-6.42607e-06,32000,32000,32000,32000
3.708,0.5,-0.5,1,0.500278,-3.47372e-06,-0.500278,3.47372e-06,1.00051,-6.42599e-06,32000,32000,32000,32000
3.709,0.5,-0.5,1,0.500278,-3.47367e-06,-0.500278,3.47367e-06,1.00051,-6.42591e-06,32000,32000,32000,32000
3.71,0.5,-0.5,1,0.500278,-3.47363e-06,-0.500278,3.47363e-06,1.00051,-6.42583e-06,32000,32000,32000,32000
3.711,0.5,-0.5,1,0.500278,-3.47359e-06,-0.500278,3.47359e-06,1.00051,-6.42575e-06,32000,32000,32000,32000
3.712,0.5,-0.5,1,0.500278,-3.47354e-06,-0.500278,3.47354e-06,1.00051,-6.42567e-06,32000,32000,32000,32000
3.713,0.5,-0.5,1,0.500278,-3.4735e-06,-0.500278,3.4735e-06,1.00051,-6.42559e-06,32000,32000,32000,32000
3.714,0.5,-0.5,1,0.500278,-3.47346e-06,-0.500278,3.47346e-06,1.00051,-6.42551e-06,32000,32000,32000,32000
3.715,0.5,-0.5,1,0.500278,-3.47341e-06,-0.500278,3.47341e-06,1.00051,-6.42543e-06,32000,32000,32000,32000
3.716,0.5,-0.5,1,0.500278,-3.47337e-06,-0.500278,3.47337e-06,1.00051,-6.42534e-06,32000,32000,32000,32000
3.717,0.5,-0.5,1,0.500278,-3.47333e-06,-0.500278,3.47333e-06,1.00051,-6.42526e-06,32000,32000,32000,32000
3.718,0.5,-0.5,1,0.500278,-3.47328e-06,-0.500278,3.47328e-06,1.00051,-6.42518e-06,32000,32000,32000,32000
3.719,0.5,-0.5,1,0.500278,-3.47324e-06,-0.500278,3.47324e-06,1.00051,-6.4251e-06,32000,32000,32000,32000
3.72,0.5,-0.5,1,0.500278,-3.4732e-06,-0.500278,3.4732e-06,1.00051,-6.42502e-06,32000,32000,32000,32000
3.721,0.5,-0.5,1,0.500278,-3.47315e-06,-0.500278,3.47315e-06,1.00051,-6.42494e-06,32000,32000,32000,32000
3.722,0.5,-0.5,1,0.500278,-3.47311e-06,-0.500278,3.47311e-06,1.00051,-6.42486e-06,32000,32000,32000,32000
3.723,0.5,-0.5,1,0.500278,-3.47307e-06,-0.500278,3.47307e-06,1.00051,-6.42478e-06,32000,32000,32000,32000
3.724,0.5,-0.5,1,0.500278,-3.47302e-06,-0.500278,3.47302e-06,1.00051,-6.4247e-06,32000,32000,32000,32000
3.725,0.5,-0.5,1,0.500278,-3.47298e-06,-0.500278,3.47298e-06,1.00051,-6.42462e-06,32000,32000,32000,32000
3.726,0.5,-0.5,1,0.500278,-3.47294e-06,-0.500278,3.47294e-06,1.00051,-6.42454e-06,32000,32000,32000,32000
3.727,0.5,-0.5,1,0.500278,-3.47289e-06,-0.500278,3.47289e-06,1.00051,-6.42446e-06,32000,32000,32000,32000
3.728,0.5,-0.5,1,0.500278,-3.47285e-06,-0.500278,3.47285e-06,1.00051,-6.42438e-06,32000,32000,32000,32000
3.729,0.5,-0.5,1,0.500278,-3.47281e-06,-0.500278,3.47281e-06,1.00051,-6.4243e-06,32000,32000,32000,32000
3.73,0.5,-0.5,1,0.500278,-3.47276e-06,-0.500278,3.47276e-06,1.00051,-6.42422e-06,32000,32000,32000,32000
3.731,0.5,-0.5,1,0.500278,-3.47272e-06,-0.500278,3.47272e-06,1.00051,-6.42414e-06,32000,32000,32000,32000
3.732,0.5,-0.5,1,0.500278,-3.47267e-06,-0.500278,3.47267e-06,1.00051,-6.42406e-06,32000,32000,32000,32000
3.733,0.5,-0.5,1,0.500278,-3.47263e-06,-0.500278,3.47263e-06,1.00051,-6.42398e-06,32000,32000,32000,32000
3.734,0.5,-0.5,1,0.500278,-3.47259e-06,-0.500278,3.47259e-06,1.00051,-6.4239e-06,32000,32000,32000,32000
3.735,0.5,-0.5,1,0.500278,-3.47254e-06,-0.500278,3.47254e-06,1.00051,-6.42382e-06,32000,32000,32000,32000
3.736,0.5,-0.5,1,0.500278,-3.4725e-06,-0.500278,3.4725e-06,1.00051,-6.42374e-06,32000,32000,32000,32000
3.737,0.5,-0.5,1,0.500278,-3.47246e-06,-0.500278,3.47246e-06,1.00051,-6.42366e-06,32000,32000,32000,32000
3.738,0.5,-0.5,1,0.500278,-3.47241e-06,-0.500278,3.47241e-06,1.00051,-6.42358e-06,32000,32000,32000,32000
3.739,0.5,-0.5,1,0.500278,-3.47237e-06,-0.500278,3.47237e-06,1.00051,-6.4235e-06,32000,32000,32000,32000
3.74,0.5,-0.5,1,0.500278,-3.47233e-06,-0.500278,3.47233e-06,1.00051,-6.42342e-06,32000,32000,32000,32000
3.741,0.5,-0.5,1,0.500278,-3.47228e-06,-0.500278,3.47228e-06,1.00051,-6.42334e-06,32000,32000,32000,32000
3.742,0.5,-0.5,1,0.500278,-3.47224e-06,-0.500278,3.47224e-06,1.00051,-6.42326e-06,32000,32000,32000,32000
3.743,0.5,-0.5,1,0.500278,-3.4722e-06,-0.500278,3.4722e-06,1.00051,-6.42318e-06,32000,32000,32000,32000
3.744,0.5,-0.5,1,0.500278,-3.47215e-06,-0.500278,3.47215e-06,1.00051,-6.4231e-06,32000,32000,32000,32000
3.745,0.5,-0.5,1,0.500278,-3.47211e-06,-0.500278,3.47211e-06,1.00051,-6.42301e-06,32000,32000,32000,32000
3.746,0.5,-0.5,1,0.500278,-3.47207e-06,-0.500278,3.47207e-06,1.00051,-6.42293e-06,32000,32000,32000,32000
3.747,0.5,-0.5,1,0.500278,-3.47202e-06,-0.500278,3.47202e-06,1.00051,-6.42285e-06,32000,32000,32000,32000
3.748,0.5,-0.5,1,0.500278,-3.47198e-06,-0.500278,3.47198e-06,1.00051,-6.42277e-06,32000,32000,32000,32000
3.749,0.5,-0.5,1,0.500278,-3.47194e-06,-0.500278,3.47194e-06,1.00051,-6.42269e-06,32000,32000,32000,32000
3.75,0.5,-0.5,1,0.500278,-3.47189e-06,-0.500278,3.47189e-06,1.00051,-6.42261e-06,32000,32000,32000,32000
3.751,0.5,-0.5,1,0.500278,-3.47185e-06,-0.500278,3.47185e-06,1.00051,-6.42253e-06,32000,32000,32000,32000
3.752,0.5,-0.5,1,0.500278,-3.47181e-06,-0.500278,3.47181e-06,1.00051,-6.42245e-06,32000,32000,32000,32000
3.753,0.5,-0.5,1,0.500278,-3.47176e-06,-0.500278,3.47176e-06,1.00051,-6.42237e-06,32000,32000,32000,32000
3.754,0.5,-0.5,1,0.500278,-3.47172e-06,-0.500278,3.47172e-06,1.00051,-6.42229e-06,32000,32000,32000,32000
3.755,0.5,-0.5,1,0.500278,-3.47168e-06,-0.500278,3.47168e-06,1.00051,-6.42221e-06,32000,32000,32000,32000
3.756,0.5,-0.5,1,0.500278,-3.47163e-06,-0.500278,3.47163e-06,1.00051,-6.42213e-06,32000,32000,32000,32000
3.757,0.5,-0.5,1,0.500278,-3.47159e-06,-0.500278,3.47159e-06,1.00051,-6.42205e-06,32000,32000,32000,32000
3.758,0.5,-0.5,1,0.500278,-3.47155e-06,-0.500278,3.47155e-06,1.00051,-6.42197e-06,32000,32000,32000,32000
3.759,0.5,-0.5,1,0.500278,-3.4715e-06,-0.500278,3.4715e-06,1.00051,-6.42189e-06,32000,32000,32000,32000
3.76,0.5,-0.5,1,0.500278,-3.47146e-06,-0.500278,3.47146e-06,1.00051,-6.42181e-06,32000,32000,32000,32000
3.761,0.5,-0.5,1,0.500278,-3.47142e-06,-0.500278,3.47142e-06,1.00051,-6.42173e-06,32000,32000,32000,32000
3.762,0.5,-0.5,1,0.500278,-3.47137e-06,-0.500278,3.47137e-06,1.00051,-6.42165e-06,32000,32000,32000,32000
3.763,0.5,-0.5,1,0.500278,-3.47133e-06,-0.500278,3.47133e-06,1.00051,-6.42157e-06,32000,32000,32000,32000
3.764,0.5,-0.5,1,0.500278,-3.47129e-06,-0.500278,3.47129e-06,1.00051,-6.42149e-06,32000,32000,32000,32000
3.765,0.5,-0.5,1,0.500278,-3.47124e-06,-0.500278,3.47124e-06,1.00051,-6.42141e-06,32000,32000,32000,32000
3.766,0.5,-0.5,1,0.500278,-3.4712e-06,-0.500278,3.4712e-06,1.00051,-6.42133e-06,32000,32000,32000,32000
3.767,0.5,-0.5,1,0.500278,-3.47115e-06,-0.500278,3.47115e-06,1.00051,-6.42125e-06,32000,32000,32000,32000
3.768,0.5,-0.5,1,0.500278,-3.47111e-06,-0.500278,3.47111e-06,1.00051,-6.42117e-06,32000,32000,32000,32000
3.769,0.5,-0.5,1,0.500278,-3.47107e-06,-0.500278,3.47107e-06,1.00051,-6.42109e-06,32000,32000,32000,32000
3.77,0.5,-0.5,1,0.500278,-3.47102e-06,-0.500278,3.47102e-06,1.00051,-6.42101e-06,32000,32000,32000,32000
3.771,0.5,-0.5,1,0.500278,-3.47098e-06,-0.500278,3.47098e-06,1.00051,-6.42093e-06,32000,32000,32000,32000
3.772,0.5,-0.5,1,0.500278,-3.47094e-06,-0.500278,3.47094e-06,1.00051,-6.42085e-06,32000,32000,32000,32000
3.773,0.5,-0.5,1,0.500278,-3.47089e-06,-0.500278,3.47089e-06,1.00051,-6.42077e-06,32000,32000,32000,32000
3.774,0.5,-0.5,1,0.500278,-3.47085e-06,-0.500278,3.47085e-06,1.00051,-6.42069e-06,32000,32000,32000,32000
3.775,0.5,-0.5,1,0.500278,-3.47081e-06,-0.500278,3.47081e-06,1.00051,-6.42061e-06,32000,32000,32000,32000
3.776,0.5,-0.5,1,0.500278,-3.47076e-06,-0.500278,3.47076e-06,1.00051,-6.42053e-06,32000,32000,32000,32000
3.777,0.5,-0.5,1,0.500278,-3.47072e-06,-0.500278,3.47072e-06,1.00051,-6.42045e-06,32000,32000,32000,32000
3.778,0.5,-0.5,1,0.500278,-3.47068e-06,-0.500278,3.47068e-06,1.00051,-6.42036e-06,32000,32000,32000,32000
3.779,0.5,-0.5,1,0.500278,-3.47063e-06,-0.500278,3.47063e-06,1.00051,-6.42028e-06,32000,32000,32000,32000
3.78,0.5,-0.5,1,0.500278,-3.47059e-06,-0.500278,3.47059e-06,1.00051,-6.4202e-06,32000,32000,32000,32000
3.781,0.5,-0.5,1,0.500278,-3.47055e-06,-0.500278,3.47055e-06,1.00051,-6.42012e-06,32000,32000,32000,32000
3.782,0.5,-0.5,1,0.500278,-3.4705e-06,-0.500278,3.4705e-06,1.00051,-6.42004e-06,32000,32000,32000,32000
3.783,0.5,-0.5,1,0.500278,-3.47046e-06,-0.500278,3.47046e-06,1.00051,-6.41996e-06,32000,32000,32000,32000
3.784,0.5,-0.5,1,0.500278,-3.47042e-06,-0.500278,3.47042e-06,1.00051,-6.41988e-06,32000,32000,32000,32000
3.785,0.5,-0.5,1,0.500277,-3.47037e-06,-0.500277,3.47037e-06,1.00051,-6.4198e-06,32000,32000,32000,32000
3.786,0.5,-0.5,1,0.500277,-3.47033e-06,-0.500277,3.47033e-06,1.00051,-6.41972e-06,32000,32000,32000,32000
3.787,0.5,-0.5,1,0.500277,-3.47029e-06,-0.500277,3.47029e-06,1.00051,-6.41964e-06,32000,32000,32000,32000
3.788,0.5,-0.5,1,0.500277,-3.47024e-06,-0.500277,3.47024e-06,1.00051,-6.41956e-06,32000,32000,32000,32000
3.789,0.5,-0.5,1,0.500277,-3.4702e-06,-0.500277,3.4702e-06,1.00051,-6.41948e-06,32000,32000,32000,32000
3.79,0.5,-0.5,1,0.500277,-3.47016e-06,-0.500277,3.47016e-06,1.00051,-6.4194e-06,32000,32000,32000,32000
3.791,0.5,-0.5,1,0.500277,-3.47011e-06,-0.500277,3.47011e-06,1.00051,-6.41932e-06,32000,32000,32000,32000
3.792,0.5,-0.5,1,0.500277,-3.47007e-06,-0.500277,3.47007e-06,1.00051,-6.41924e-06,32000,32000,32000,32000
3.793,0.5,-0.5,1,0.500277,-3.47003e-06,-0.500277,3.47003e-06,1.00051,-6.41916e-06,32000,32000,32000,32000
3.794,0.5,-0.5,1,0.500277,-3.46998e-06,-0.500277,3.46998e-06,1.00051,-6.41908e-06,32000,32000,32000,32000
3.795,0.5,-0.5,1,0.500277,-3.46994e-06,-0.500277,3.46994e-06,1.00051,-6.419e-06,32000,32000,32000,32000
3.796,0.5,-0.5,1,0.500277,-3.4699e-06,-0.500277,3.4699e-06,1.00051,-6.41892e-06,32000,32000,32000,32000
3.797,0.5,-0.5,1,0.500277,-3.46985e-06,-0.500277,3.46985e-06,1.00051,-6.41884e-06,32000,32000,32000,32000
3.798,0.5,-0.5,1,0.500277,-3.46981e-06,-0.500277,3.46981e-06,1.00051,-6.41876e-06,32000,32000,32000,32000
3.799,0.5,-0.5,1,0.500277,-3.46977e-06,-0.500277,3.46977e-06,1.00051,-6.41868e-06,32000,32000,32000,32000
3.8,0.5,-0.5,1,0.500277,-3.46972e-06,-0.500277,3.46972e-06,1.00051,-6.4186e-06,32000,32000,32000,32000
3.801,0.5,-0.5,1,0.500277,-3.46968e-06,-0.500277,3.46968e-06,1.00051,-6.41852e-06,32000,32000,32000,32000
3.802,0.5,-0.5,1,0.500277,-3.46964e-06,-0.500277,3.46964e-06,1.00051,-6.41844e-06,32000,32000,32000,32000
3.803,0.5,-0.5,1,0.500277,-3.46959e-06,-0.500277,3.46959e-06,1.00051,-6.41836e-06,32000,32000,32000,32000
3.804,0.5,-0.5,1,0.500277,-3.46955e-06,-0.500277,3.46955e-06,1.00051,-6.41828e-06,32000,32000,32000,32000
3.805,0.5,-0.5,1,0.500277,-3.46951e-06,-0.500277,3.46951e-06,1.00051,-6.4182e-06,32000,32000,32000,32000
3.806,0.5,-0.5,1,0.500277,-3.46946e-06,-0.500277,3.46946e-06,1.00051,-6.41812e-06,32000,32000,32000,32000
3.807,0.5,-0.5,1,0.500277,-3.46942e-06,-0.500277,3.46942e-06,1.00051,-6.41804e-06,32000,32000,32000,32000
3.808,0.5,-0.5,1,0.500277,-3.46938e-06,-0.500277,3.46938e-06,1.00051,-6.41796e-06,32000,32000,32000,32000
3.809,0.5,-0.5,1,0.500277,-3.46933e-06,-0.500277,3.46933e-06,1.00051,-6.41788e-06,32000,32000,32000,32000
3.81,0.5,-0.5,1,0.500277,-3.46929e-06,-0.500277,3.46929e-06,1.00051,-6.4178e-06,32000,32000,32000,32000
3.811,0.5,-0.5,1,0.500277,-3.46925e-06,-0.500277,3.46925e-06,1.00051,-6.41772e-06,32000,32000,32000,32000
3.812,0.5,-0.5,1,0.500277,-3.4692e-06,-0.500277,3.4692e-06,1.00051,-6.41764e-06,32000,32000,32000,32000
3.813,0.5,-0.5,1,0.500277,-3.46916e-06,-0.500277,3.46916e-06,1.00051,-6.41756e-06,32000,32000,32000,32000
3.814,0.5,-0.5,1,0.500277,-3.46912e-06,-0.500277,3.46912e-06,1.00051,-6.41747e-06,32000,32000,32000,32000
3.815,0.5,-0.5,1,0.500277,-3.46907e-06,-0.500277,3.46907e-06,1.00051,-6.41739e-06,32000,32000,32000,32000
3.816,0.5,-0.5,1,0.500277,-3.46903e-06,-0.500277,3.46903e-06,1.00051,-6.41731e-06,32000,32000,32000,32000
3.817,0.5,-0.5,1,0.500277,-3.46899e-06,-0.500277,3.46899e-06,1.00051,-6.41723e-06,32000,32000,32000,32000
3.818,0.5,-0.5,1,0.500277,-3.46894e-06,-0.500277,3.46894e-06,1.00051,-6.41715e-06,32000,32000,32000,32000
3.819,0.5,-0.5,1,0.500277,-3.4689e-06,-0.500277,3.4689e-06,1.00051,-6.41707e-06,32000,32000,32000,32000
3.82,0.5,-0.5,1,0.500277,-3.46886e-06,-0.500277,3.46886e-06,1.00051,-6.41699e-06,32000,32000,32000,32000
3.821,0.5,-0.5,1,0.500277,-3.46881e-06,-0.500277,3.46881e-06,1.00051,-6.41691e-06,32000,32000,32000,32000
3.822,0.5,-0.5,1,0.500277,-3.46877e-06,-0.500277,3.46877e-06,1.00051,-6.41683e-06,32000,32000,32000,32000
3.823,0.5,-0.5,1,0.500277,-3.46872e-06,-0.500277,3.46872e-06,1.00051,-6.41675e-06,32000,32000,32000,32000
3.824,0.5,-0.5,1,0.500277,-3.46868e-06,-0.500277,3.46868e-06,1.00051,-6.41667e-06,32000,32000,32000,32000
3.825,0.5,-0.5,1,0.500277,-3.46864e-06,-0.500277,3.46864e-06,1.00051,-6.41659e-06,32000,32000,32000,32000
3.826,0.5,-0.5,1,0.500277,-3.46859e-06,-0.500277,3.46859e-06,1.00051,-6.41651e-06,32000,32000,32000,32000
3.827,0.5,-0.5,1,0.500277,-3.46855e-06,-0.500277,3.46855e-06,1.00051,-6.41643e-06,32000,32000,32000,32000
3.828,0.5,-0.5,1,0.500277,-3.46851e-06,-0.500277,3.46851e-06,1.00051,-6.41635e-06,32000,32000,32000,32000
3.829,0.5,-0.5,1,0.500277,-3.46846e-06,-0.500277,3.46846e-06,1.00051,-6.41627e-06,32000,32000,32000,32000
3.83,0.5,-0.5,1,0.500277,-3.46842e-06,-0.500277,3.46842e-06,1.00051,-6.41619e-06,32000,32000,32000,32000
3.831,0.5,-0.5,1,0.500277,-3.46838e-06,-0.500277,3.46838e-06,1.00051,-6.41611e-06,32000,32000,32000,32000
3.832,0.5,-0.5,1,0.500277,-3.46833e-06,-0.500277,3.46833e-06,1.00051,-6.41603e-06,32000,32000,32000,32000
3.833,0.5,-0.5,1,0.500277,-3.46829e-06,-0.500277,3.46829e-06,1.00051,-6.41595e-06,32000,32000,32000,32000
3.834,0.5,-0.5,1,0.500277,-3.46825e-06,-0.500277,3.46825e-06,1.00051,-6.41587e-06,32000,32000,32000,32000
3.835,0.5,-0.5,1,0.500277,-3.4682e-06,-0.500277,3.4682e-06,1.00051,-6.41579e-06,32000,32000,32000,32000
3.836,0.5,-0.5,1,0.500277,-3.46816e-06,-0.500277,3.46816e-06,1.00051,-6.41571e-06,32000,32000,32000,32000
3.837,0.5,-0.5,1,0.500277,-3.46812e-06,-0.500277,3.46812e-06,1.00051,-6.41563e-06,32000,32000,32000,32000
3.838,0.5,-0.5,1,0.500277,-3.46807e-06,-0.500277,3.46807e-06,1.00051,-6.41555e-06,32000,32000,32000,32000
3.839,0.5,-0.5,1,0.500277,-3.46803e-06,-0.500277,3.46803e-06,1.00051,-6.41547e-06,32000,32000,32000,32000
3.84,0.5,-0.5,1,0.500277,-3.46799e-06,-0.500277,3.46799e-06,1.00051,-6.41539e-06,32000,32000,32000,32000
3.841,0.5,-0.5,1,0.500277,-3.46794e-06,-0.500277,3.46794e-06,1.00051,-6.41531e-06,32000,32000,32000,32000
3.842,0.5,-0.5,1,0.500277,-3.4679e-06,-0.500277,3.4679e-06,1.00051,-6.41523e-06,32000,32000,32000,32000
3.843,0.5,-0.5,1,0.500277,-3.46786e-06,-0.500277,3.46786e-06,1.00051,-6.41515e-06,32000,32000,32000,32000
3.844,0.5,-0.5,1,0.500277,-3.46781e-06,-0.500277,3.46781e-06,1.00051,-6.41507e-06,32000,32000,32000,32000
3.845,0.5,-0.5,1,0.500277,-3.46777e-06,-0.500277,3.46777e-06,1.00051,-6.41499e-06,32000,32000,32000,32000
3.846,0.5,-0.5,1,0.500277,-3.46773e-06,-0.500277,3.46773e-06,1.00051,-6.41491e-06,32000,32000,32000,32000
3.847,0.5,-0.5,1,0.500277,-3.46768e-06,-0.500277,3.46768e-06,1.00051,-6.41483e-06,32000,32000,32000,32000
3.848,0.5,-0.5,1,0.500277,-3.46764e-06,-0.500277,3.46764e-06,1.00051,-6.41475e-06,32000,32000,32000,32000
3.849,0.5,-0.5,1,0.500277,-3.4676e-06,-0.500277,3.4676e-06,1.00051,-6.41467e-06,32000,32000,32000,32000
3.85,0.5,-0.5,1,0.500277,-3.46755e-06,-0.500277,3.46755e-06,1.00051,-6.41459e-06,32000,32000,32000,32000
3.851,0.5,-0.5,1,0.500277,-3.46751e-06,-0.500277,3.46751e-06,1.00051,-6.41451e-06,32000,32000,32000,32000
3.852,0.5,-0.5,1,0.500277,-3.46747e-06,-0.500277,3.46747e-06,1.00051,-6.41443e-06,32000,32000,32000,32000
3.853,0.5,-0.5,1,0.500277,-3.46742e-06,-0.500277,3.46742e-06,1.00051,-6.41435e-06,32000,32000,32000,32000
3.854,0.5,-0.5,1,0.500277,-3.46738e-06,-0.500277,3.46738e-06,1.00051,-6.41427e-06,32000,32000,32000,32000
3.855,0.5,-0.5,1,0.500277,-3.46734e-06,-0.500277,3.46734e-06,1.00051,-6.41419e-06,32000,32000,32000,32000
3.856,0.5,-0.5,1,0.500277,-3.46729e-06,-0.500277,3.46729e-06,1.00051,-6.41411e-06,32000,32000,32000,32000
3.857,0.5,-0.5,1,0.500277,-3.46725e-06,-0.500277,3.46725e-06,1.00051,-6.41402e-06,32000,32000,32000,32000
3.858,0.5,-0.5,1,0.500277,-3.46721e-06,-0.500277,3.46721e-06,1.00051,-6.41394e-06,32000,32000,32000,32000
3.859,0.5,-0.5,1,0.500277,-3.46716e-06,-0.500277,3.46716e-06,1.00051,-6.41386e-06,32000,32000,32000,32000
3.86,0.5,-0.5,1,0.500277,-3.46712e-06,-0.500277,3.46712e-06,1.00051,-6.41378e-06,32000,32000,32000,32000
3.861,0.5,-0.5,1,0.500277,-3.46708e-06,-0.500277,3.46708e-06,1.00051,-6.4137e-06,32000,32000,32000,32000
3.862,0.5,-0.5,1,0.500277,-3.46703e-06,-0.500277,3.46703e-06,1.00051,-6.41362e-06,32000,32000,32000,32000
3.863,0.5,-0.5,1,0.500277,-3.46699e-06,-0.500277,3.46699e-06,1.00051,-6.41354e-06,32000,32000,32000,32000
3.864,0.5,-0.5,1,0.500277,-3.46695e-06,-0.500277,3.46695e-06,1.00051,-6.41346e-06,32000,32000,32000,32000
3.865,0.5,-0.5,1,0.500277,-3.4669e-06,-0.500277,3.4669e-06,1.00051,-6.41338e-06,32000,32000,32000,32000
3.866,0.5,-0.5,1,0.500277,-3.46686e-06,-0.500277,3.46686e-06,1.00051,-6.4133e-06,32000,32000,32000,32000
3.867,0.5,-0.5,1,0.500277,-3.46682e-06,-0.500277,3.46682e-06,1.00051,-6.41322e-06,32000,32000,32000,32000
3.868,0.5,-0.5,1,0.500277,-3.46677e-06,-0.500277,3.46677e-06,1.00051,-6.41314e-06,32000,32000,32000,32000
3.869,0.5,-0.5,1,0.500277,-3.46673e-06,-0.500277,3.46673e-06,1.00051,-6.41306e-06,32000,32000,32000,32000
3.87,0.5,-0.5,1,0.500277,-3.46669e-06,-0.500277,3.46669e-06,1.00051,-6.41298e-06,32000,32000,32000,32000
3.871,0.5,-0.5,1,0.500277,-3.46664e-06,-0.500277,3.46664e-06,1.00051,-6.4129e-06,32000,32000,32000,32000
3.872,0.5,-0.5,1,0.500277,-3.4666e-06,-0.500277,3.4666e-06,1.00051,-6.41282e-06,32000,32000,32000,32000
3.873,0.5,-0.5,1,0.500277,-3.46656e-06,-0.500277,3.46656e-06,1.00051,-6.41274e-06,32000,32000,32000,32000
3.874,0.5,-0.5,1,0.500277,-3.46651e-06,-0.500277,3.46651e-06,1.00051,-6.41266e-06,32000,32000,32000,32000
3.875,0.5,-0.5,1,0.500277,-3.46647e-06,-0.500277,3.46647e-06,1.00051,-6.41258e-06,32000,32000,32000,32000
3.876,0.5,-0.5,1,0.500277,-3.46643e-06,-0.500277,3.46643e-06,1.00051,-6.4125e-06,32000,32000,32000,32000
3.877,0.5,-0.5,1,0.500277,-3.46638e-06,-0.500277,3.46638e-06,1.00051,-6.41242e-06,32000,32000,32000,32000
3.878,0.5,-0.5,1,0.500277,-3.46634e-06,-0.500277,3.46634e-06,1.00051,-6.41234e-06,32000,32000,32000,32000
3.879,0.5,-0.5,1,0.500277,-3.4663e-06,-0.500277,3.4663e-06,1.00051,-6.41226e-06,32000,32000,32000,32000
3.88,0.5,-0.5,1,0.500277,-3.46625e-06,-0.500277,3.46625e-06,1.00051,-6.41218e-06,32000,32000,32000,32000
3.881,0.5,-0.5,1,0.500277,-3.46621e-06,-0.500277,3.46621e-06,1.00051,-6.4121e-06,32000,32000,32000,32000
3.882,0.5,-0.5,1,0.500277,-3.46617e-06,-0.500277,3.46617e-06,1.00051,-6.41202e-06,32000,32000,32000,32000
3.883,0.5,-0.5,1,0.500277,-3.46612e-06,-0.500277,3.46612e-06,1.00051,-6.41194e-06,32000,32000,32000,32000
3.884,0.5,-0.5,1,0.500277,-3.46608e-06,-0.500277,3.46608e-06,1.00051,-6.41186e-06,32000,32000,32000,32000
3.885,0.5,-0.5,1,0.500277,-3.46604e-06,-0.500277,3.46604e-06,1.00051,-6.41178e-06,32000,32000,32000,32000
3.886,0.5,-0.5,1,0.500277,-3.46599e-06,-0.500277,3.46599e-06,1.00051,-6.4117e-06,32000,32000,32000,32000
3.887,0.5,-0.5,1,0.500277,-3.46595e-06,-0.500277,3.46595e-06,1.00051,-6.41162e-06,32000,32000,32000,32000
3.888,0.5,-0.5,1,0.500277,-3.46591e-06,-0.500277,3.46591e-06,1.00051,-6.41154e-06,32000,32000,32000,32000
3.889,0.5,-0.5,1,0.500277,-3.46586e-06,-0.500277,3.46586e-06,1.00051,-6.41146e-06,32000,32000,32000,32000
3.89,0.5,-0.5,1,0.500277,-3.46582e-06,-0.500277,3.46582e-06,1.00051,-6.41138e-06,32000,32000,32000,32000
3.891,0.5,-0.5,1,0.500277,-3.46578e-06,-0.500277,3.46578e-06,1.00051,-6.4113e-06,32000,32000,32000,32000
3.892,0.5,-0.5,1,0.500277,-3.46573e-06,-0.500277,3.46573e-06,1.00051,-6.41122e-06,32000,32000,32000,32000
3.893,0.5,-0.5,1,0.500277,-3.46569e-06,-0.500277,3.46569e-06,1.00051,-6.41114e-06,32000,32000,32000,32000
3.894,0.5,-0.5,1,0.500277,-3.46565e-06,-0.500277,3.46565e-06,1.00051,-6.41106e-06,32000,32000,32000,32000
3.895,0.5,-0.5,1,0.500277,-3.4656e-06,-0.500277,3.4656e-06,1.00051,-6.41098e-06,32000,32000,32000,32000
3.896,0.5,-0.5,1,0.500277,-3.46556e-06,-0.500277,3.46556e-06,1.00051,-6.4109e-06,32000,32000,32000,32000
3.897,0.5,-0.5,1,0.500277,-3.46552e-06,-0.500277,3.46552e-06,1.00051,-6.41082e-06,32000,32000,32000,32000
3.898,0.5,-0.5,1,0.500277,-3.46547e-06,-0.500277,3.46547e-06,1.00051,-6.41074e-06,32000,32000,32000,32000
3.899,0.5,-0.5,1,0.500277,-3.46543e-06,-0.500277,3.46543e-06,1.00051,-6.41066e-06,32000,32000,32000,32000
3.9,0.5,-0.5,1,0.500277,-3.46539e-06,-0.500277,3.46539e-06,1.00051,-6.41058e-06,32000,32000,32000,32000
3.901,0.5,-0.5,1,0.500277,-3.46534e-06,-0.500277,3.46534e-06,1.00051,-6.4105e-06,32000,32000,32000,32000
3.902,0.5,-0.5,1,0.500277,-3.4653e-06,-0.500277,3.4653e-06,1.00051,-6.41042e-06,32000,32000,32000,32000
3.903,0.5,-0.5,1,0.500277,-3.46526e-06,-0.500277,3.46526e-06,1.00051,-6.41034e-06,32000,32000,32000,32000
3.904,0.5,-0.5,1,0.500277,-3.46521e-06,-0.500277,3.46521e-06,1.00051,-6.41026e-06,32000,32000,32000,32000
3.905,0.5,-0.5,1,0.500277,-3.46517e-06,-0.500277,3.46517e-06,1.00051,-6.41018e-06,32000,32000,32000,32000
3.906,0.5,-0.5,1,0.500277,-3.46513e-06,-0.500277,3.46513e-06,1.00051,-6.4101e-06,32000,32000,32000,32000
3.907,0.5,-0.5,1,0.500277,-3.46508e-06,-0.500277,3.46508e-06,1.00051,-6.41002e-06,32000,32000,32000,32000
3.908,0.5,-0.5,1,0.500277,-3.46504e-06,-0.500277,3.46504e-06,1.00051,-6.40994e-06,32000,32000,32000,32000
3.909,0.5,-0.5,1,0.500277,-3.465e-06,-0.500277,3.465e-06,1.00051,-6.40986e-06,32000,32000,32000,32000
3.91,0.5,-0.5,1,0.500277,-3.46495e-06,-0.500277,3.46495e-06,1.00051,-6.40978e-06,32000,32000,32000,32000
3.911,0.5,-0.5,1,0.500277,-3.46491e-06,-0.500277,3.46491e-06,1.00051,-6.40969e-06,32000,32000,32000,32000
3.912,0.5,-0.5,1,0.500277,-3.46487e-06,-0.500277,3.46487e-06,1.00051,-6.40961e-06,32000,32000,32000,32000
3.913,0.5,-0.5,1,0.500277,-3.46482e-06,-0.500277,3.46482e-06,1.00051,-6.40953e-06,32000,32000,32000,32000
3.914,0.5,-0.5,1,0.500277,-3.46478e-06,-0.500277,3.46478e-06,1.00051,-6.40945e-06,32000,32000,32000,32000
3.915,0.5,-0.5,1,0.500277,-3.46474e-06,-0.500277,3.46474e-06,1.00051,-6.40937e-06,32000,32000,32000,32000
3.916,0.5,-0.5,1,0.500277,-3.46469e-06,-0.500277,3.46469e-06,1.00051,-6.40929e-06,32000,32000,32000,32000
3.917,0.5,-0.5,1,0.500277,-3.46465e-06,-0.500277,3.46465e-06,1.00051,-6.40921e-06,32000,32000,32000,32000
3.918,0.5,-0.5,1,0.500277,-3.46461e-06,-0.500277,3.46461e-06,1.00051,-6.40913e-06,32000,32000,32000,32000
3.919,0.5,-0.5,1,0.500277,-3.46456e-06,-0.500277,3.46456e-06,1.00051,-6.40905e-06,32000,32000,32000,32000
3.92,0.5,-0.5,1,0.500277,-3.46452e-06,-0.500277,3.46452e-06,1.00051,-6.40897e-06,32000,32000,32000,32000
3.921,0.5,-0.5,1,0.500277,-3.46448e-06,-0.500277,3.46448e-06,1.00051,-6.40889e-06,32000,32000,32000,32000
3.922,0.5,-0.5,1,0.500277,-3.46443e-06,-0.500277,3.46443e-06,1.00051,-6.40881e-06,32000,32000,32000,32000
3.923,0.5,-0.5,1,0.500277,-3.46439e-06,-0.500277,3.46439e-06,1.00051,-6.40873e-06,32000,32000,32000,32000
3.924,0.5,-0.5,1,0.500277,-3.46435e-06,-0.500277,3.46435e-06,1.00051,-6.40865e-06,32000,32000,32000,32000
3.925,0.5,-0.5,1,0.500277,-3.4643e-06,-0.500277,3.4643e-06,1.00051,-6.40857e-06,32000,32000,32000,32000
3.926,0.5,-0.5,1,0.500277,-3.46426e-06,-0.500277,3.46426e-06,1.00051,-6.40849e-06,32000,32000,32000,32000
3.927,0.5,-0.5,1,0.500277,-3.46422e-06,-0.500277,3.46422e-06,1.00051,-6.40841e-06,32000,32000,32000,32000
3.928,0.5,-0.5,1,0.500277,-3.46417e-06,-0.500277,3.46417e-06,1.00051,-6.40833e-06,32000,32000,32000,32000
3.929,0.5,-0.5,1,0.500277,-3.46413e-06,-0.500277,3.46413e-06,1.00051,-6.40825e-06,32000,32000,32000,32000
3.93,0.5,-0.5,1,0.500277,-3.46409e-06,-0.500277,3.46409e-06,1.00051,-6.40817e-06,32000,32000,32000,32000
3.931,0.5,-0.5,1,0.500277,-3.46404e-06,-0.500277,3.46404e-06,1.00051,-6.40809e-06,32000,32000,32000,32000
3.932,0.5,-0.5,1,0.500277,-3.464e-06,-0.500277,3.464e-06,1.00051,-6.40801e-06,32000,32000,32000,32000
3.933,0.5,-0.5,1,0.500277,-3.46396e-06,-0.500277,3.46396e-06,1.00051,-6.40793e-06,32000,32000,32000,32000
3.934,0.5,-0.5,1,0.500277,-3.46391e-06,-0.500277,3.46391e-06,1.00051,-6.40785e-06,32000,32000,32000,32000
3.935,0.5,-0.5,1,0.500277,-3.46387e-06,-0.500277,3.46387e-06,1.00051,-6.40777e-06,32000,32000,32000,32000
3.936,0.5,-0.5,1,0.500277,-3.46383e-06,-0.500277,3.46383e-06,1.00051,-6.40769e-06,32000,32000,32000,32000
3.937,0.5,-0.5,1,0.500277,-3.46378e-06,-0.500277,3.46378e-06,1.00051,-6.40761e-06,32000,32000,32000,32000
3.938,0.5,-0.5,1,0.500277,-3.46374e-06,-0.500277,3.46374e-06,1.00051,-6.40753e-06,32000,32000,32000,32000
3.939,0.5,-0.5,1,0.500277,-3.4637e-06,-0.500277,3.4637e-06,1.00051,-6.40745e-06,32000,32000,32000,32000
3.94,0.5,-0.5,1,0.500277,-3.46365e-06,-0.500277,3.46365e-06,1.00051,-6.40737e-06,32000,32000,32000,32000
3.941,0.5,-0.5,1,0.500277,-3.46361e-06,-0.500277,3.46361e-06,1.00051,-6.40729e-06,32000,32000,32000,32000
3.942,0.5,-0.5,1,0.500277,-3.46357e-06,-0.500277,3.46357e-06,1.00051,-6.40721e-06,32000,32000,32000,32000
3.943,0.5,-0.5,1,0.500277,-3.46352e-06,-0.500277,3.46352e-06,1.00051,-6.40713e-06,32000,32000,32000,32000
3.944,0.5,-0.5,1,0.500277,-3.46348e-06,-0.500277,3.46348e-06,1.00051,-6.40705e-06,32000,32000,32000,32000
3.945,0.5,-0.5,1,0.500277,-3.46344e-06,-0.500277,3.46344e-06,1.00051,-6.40697e-06,32000,32000,32000,32000
3.946,0.5,-0.5,1,0.500277,-3.46339e-06,-0.500277,3.46339e-06,1.00051,-6.40689e-06,32000,32000,32000,32000
3.947,0.5,-0.5,1,0.500277,-3.46335e-06,-0.500277,3.46335e-06,1.00051,-6.40681e-06,32000,32000,32000,32000
3.948,0.5,-0.5,1,0.500277,-3.46331e-06,-0.500277,3.46331e-06,1.00051,-6.40673e-06,32000,32000,32000,32000
3.949,0.5,-0.5,1,0.500277,-3.46326e-06,-0.500277,3.46326e-06,1.00051,-6.40665e-06,32000,32000,32000,32000
3.95,0.5,-0.5,1,0.500277,-3.46322e-06,-0.500277,3.46322e-06,1.00051,-6.40657e-06,32000,32000,32000,32000
3.951,0.5,-0.5,1,0.500277,-3.46318e-06,-0.500277,3.46318e-06,1.00051,-6.40649e-06,32000,32000,32000,32000
3.952,0.5,-0.5,1,0.500277,-3.46313e-06,-0.500277,3.46313e-06,1.00051,-6.40641e-06,32000,32000,32000,32000
3.953,0.5,-0.5,1,0.500277,-3.46309e-06,-0.500277,3.46309e-06,1.00051,-6.40633e-06,32000,32000,32000,32000
3.954,0.5,-0.5,1,0.500277,-3.46305e-06,-0.500277,3.46305e-06,1.00051,-6.40625e-06,32000,32000,32000,32000
3.955,0.5,-0.5,1,0.500277,-3.463e-06,-0.500277,3.463e-06,1.00051,-6.40617e-06,32000,32000,32000,32000
3.956,0.5,-0.5,1,0.500277,-3.46296e-06,-0.500277,3.46296e-06,1.00051,-6.40609e-06,32000,32000,32000,32000
3.957,0.5,-0.5,1,0.500277,-3.46292e-06,-0.500277,3.46292e-06,1.00051,-6.40601e-06,32000,32000,32000,32000
3.958,0.5,-0.5,1,0.500277,-3.46287e-06,-0.500277,3.46287e-06,1.00051,-6.40593e-06,32000,32000,32000,32000
3.959,0.5,-0.5,1,0.500277,-3.46283e-06,-0.500277,3.46283e-06,1.00051,-6.40585e-06,32000,32000,32000,32000
3.96,0.5,-0.5,1,0.500277,-3.46279e-06,-0.500277,3.46279e-06,1.00051,-6.40577e-06,32000,32000,32000,32000
3.961,0.5,-0.5,1,0.500277,-3.46274e-06,-0.500277,3.46274e-06,1.00051,-6.40569e-06,32000,32000,32000,32000
3.962,0.5,-0.5,1,0.500277,-3.4627e-06,-0.500277,3.4627e-06,1.00051,-6.40561e-06,32000,32000,32000,32000
3.963,0.5,-0.5,1,0.500277,-3.46266e-06,-0.500277,3.46266e-06,1.00051,-6.40553e-06,32000,32000,32000,32000
3.964,0.5,-0.5,1,0.500277,-3.46261e-06,-0.500277,3.46261e-06,1.00051,-6.40545e-06,32000,32000,32000,32000
3.965,0.5,-0.5,1,0.500277,-3.46257e-06,-0.500277,3.46257e-06,1.00051,-6.40537e-06,32000,32000,32000,32000
3.966,0.5,-0.5,1,0.500277,-3.46253e-06,-0.500277,3.46253e-06,1.00051,-6.40529e-06,32000,32000,32000,32000
3.967,0.5,-0.5,1,0.500277,-3.46248e-06,-0.500277,3.46248e-06,1.00051,-6.40521e-06,32000,32000,32000,32000
3.968,0.5,-0.5,1,0.500277,-3.46244e-06,-0.500277,3.46244e-06,1.00051,-6.40513e-06,32000,32000,32000,32000
3.969,0.5,-0.5,1,0.500277,-3.4624e-06,-0.500277,3.4624e-06,1.00051,-6.40505e-06,32000,32000,32000,32000
3.97,0.5,-0.5,1,0.500277,-3.46235e-06,-0.500277,3.46235e-06,1.00051,-6.40497e-06,32000,32000,32000,32000
3.971,0.5,-0.5,1,0.500277,-3.46231e-06,-0.500277,3.46231e-06,1.00051,-6.40489e-06,32000,32000,32000,32000
3.972,0.5,-0.5,1,0.500277,-3.46227e-06,-0.500277,3.46227e-06,1.00051,-6.40481e-06,32000,32000,32000,32000
3.973,0.5,-0.5,1,0.500277,-3.46222e-06,-0.500277,3.46222e-06,1.00051,-6.40473e-06,32000,32000,32000,32000
3.974,0.5,-0.5,1,0.500277,-3.46218e-06,-0.500277,3.46218e-06,1.00051,-6.40465e-06,32000,32000,32000,32000
3.975,0.5,-0.5,1,0.500277,-3.46214e-06,-0.500277,3.46214e-06,1.00051,-6.40457e-06,32000,32000,32000,32000
3.976,0.5,-0.5,1,0.500277,-3.46209e-06,-0.500277,3.46209e-06,1.00051,-6.40449e-06,32000,32000,32000,32000
3.977,0.5,-0.5,1,0.500277,-3.46205e-06,-0.500277,3.46205e-06,1.00051,-6.40441e-06,32000,32000,32000,32000
3.978,0.5,-0.5,1,0.500277,-3.46201e-06,-0.500277,3.46201e-06,1.00051,-6.40433e-06,32000,32000,32000,32000
3.979,0.5,-0.5,1,0.500277,-3.46196e-06,-0.500277,3.46196e-06,1.00051,-6.40425e-06,32000,32000,32000,32000
3.98,0.5,-0.5,1,0.500277,-3.46192e-06,-0.500277,3.46192e-06,1.00051,-6.40417e-06,32000,32000,32000,32000
3.981,0.5,-0.5,1,0.500277,-3.46188e-06,-0.500277,3.46188e-06,1.00051,-6.40409e-06,32000,32000,32000,32000
3.982,0.5,-0.5,1,0.500277,-3.46183e-06,-0.500277,3.46183e-06,1.00051,-6.40401e-06,32000,32000,32000,32000
3.983,0.5,-0.5,1,0.500277,-3.46179e-06,-0.500277,3.46179e-06,1.00051,-6.40393e-06,32000,32000,32000,32000
3.984,0.5,-0.5,1,0.500277,-3.46175e-06,-0.500277,3.46175e-06,1.00051,-6.40385e-06,32000,32000,32000,32000
3.985,0.5,-0.5,1,0.500277,-3.4617e-06,-0.500277,3.4617e-06,1.00051,-6.40377e-06,32000,32000,32000,32000
3.986,0.5,-0.5,1,0.500277,-3.46166e-06,-0.500277,3.46166e-06,1.00051,-6.40369e-06,32000,32000,32000,32000
3.987,0.5,-0.5,1,0.500277,-3.46162e-06,-0.500277,3.46162e-06,1.00051,-6.40361e-06,32000,32000,32000,32000
3.988,0.5,-0.5,1,0.500277,-3.46157e-06,-0.500277,3.46157e-06,1.00051,-6.40353e-06,32000,32000,32000,32000
3.989,0.5,-0.5,1,0.500277,-3.46153e-06,-0.500277,3.46153e-06,1.00051,-6.40345e-06,32000,32000,32000,32000
3.99,0.5,-0.5,1,0.500277,-3.46149e-06,-0.500277,3.46149e-06,1.00051,-6.40337e-06,32000,32000,32000,32000
3.991,0.5,-0.5,1,0.500277,-3.46144e-06,-0.500277,3.46144e-06,1.00051,-6.40329e-06,32000,32000,32000,32000
3.992,0.5,-0.5,1,0.500277,-3.4614e-06,-0.500277,3.4614e-06,1.00051,-6.40321e-06,32000,32000,32000,32000
3.993,0.5,-0.5,1,0.500277,-3.46136e-06,-0.500277,3.46136e-06,1.00051,-6.40313e-06,32000,32000,32000,32000
3.994,0.5,-0.5,1,0.500277,-3.46132e-06,-0.500277,3.46132e-06,1.00051,-6.40305e-06,32000,32000,32000,32000
3.995,0.5,-0.5,1,0.500277,-3.46127e-06,-0.500277,3.46127e-06,1.00051,-6.40297e-06,32000,32000,32000,32000
3.996,0.5,-0.5,1,0.500277,-3.46123e-06,-0.500277,3.46123e-06,1.00051,-6.40288e-06,32000,32000,32000,32000
3.997,0.5,-0.5,1,0.500277,-3.46119e-06,-0.500277,3.46119e-06,1.00051,-6.4028e-06,32000,32000,32000,32000
3.998,0.5,-0.5,1,0.500277,-3.46114e-06,-0.500277,3.46114e-06,1.00051,-6.40272e-06,32000,32000,32000,32000
3.999,0.5,-0.5,1,0.500277,-3.4611e-06,-0.500277,3.4611e-06,1.00051,-6.40264e-06,32000,32000,32000,32000
4,0.5,-0.5,1,0.500277,-3.46106e-06,-0.500277,3.46106e-06,1.00051,-6.40256e-06,32000,32000,32000,32000
4.001,0.2,0.5,-1,0.500277,-3.46106e-06,-0.500277,3.46106e-06,0.997817,-2.69507,0,64000,64000,0
4.002,0.2,0.5,-1,0.500104,-0.172941,-0.500104,0.172941,0.992916,-4.90099,0,64000,51080.2,0
4.003,0.2,0.5,-1,0.49973,-0.373472,-0.49973,0.373472,0.985887,-7.02886,0,64000,48702.7,0
4.004,0.2,0.5,-1,0.499131,-0.599154,-0.499131,0.599154,0.976801,-9.08559,0,64000,46429.8,0
4.005,0.2,0.5,-1,0.498284,-0.847321,-0.498283,0.848307,0.965726,-11.0759,2058.86,64000,44251.2,0
4.006,0.2,0.5,-1,0.49717,-1.11432,-0.497162,1.12067,0.952725,-13.0006,4799.98,64000,42159.7,0
4.007,0.2,0.5,-1,0.495773,-1.39664,-0.495746,1.41614,0.937865,-14.86,7518.51,64000,40153,0
4.008,0.2,0.5,-1,0.494082,-1.69095,-0.494011,1.73469,0.921211,-16.6541,10208.4,64000,38229.9,0
4.009,0.2,0.5,-1,0.492088,-1.9941,-0.491935,2.07633,0.902828,-18.3828,12863.2,64000,36389.4,0
4.01,0.2,0.5,-1,0.489785,-2.30317,-0.489494,2.44112,0.882782,-20.0461,15476.6,64000,34630.9,0
4.011,0.2,0.5,-1,0.487169,-2.61542,-0.486665,2.82909,0.861138,-21.6438,18042.3,64000,32954.2,0
4.012,0.2,0.5,-1,0.484241,-2.92832,-0.483425,3.24027,0.837962,-23.1759,20554,64000,31359.1,0
4.013,0.2,0.5,-1,0.481001,-3.23958,-0.47975,3.67465,0.81332,-24.6423,23005.7,64000,29845.5,0
4.014,0.2,0.5,-1,0.477454,-3.5471,-0.475618,4.13216,0.787277,-26.0433,25391.9,64000,28413.4,0
4.015,0.2,0.5,-1,0.473605,-3.84904,-0.471005,4.61269,0.759897,-27.3792,27707.3,64000,27062.8,0
4.016,0.2,0.5,-1,0.469461,-4.14377,-0.465889,5.11605,0.731247,-28.6506,29947.4,64000,25793.5,0
4.017,0.2,0.5,-1,0.465032,-4.42986,-0.460247,5.64197,0.701389,-29.8581,32108,64000,24605.3,0
4.018,0.2,0.5,-1,0.460325,-4.70613,-0.454057,6.1901,0.670386,-31.0029,34185.5,64000,23497.7,0
4.019,0.2,0.5,-1,0.455354,-4.9716,-0.447297,6.76002,0.6383,-32.0859,36177.1,64000,22470.1,0
4.02,0.2,0.5,-1,0.450128,-5.22547,-0.439946,7.35124,0.605191,-33.1088,38080.6,64000,21521.7,0
4.021,0.2,0.5,-1,0.444661,-5.46725,-0.431983,7.9631,0.571118,-34.0728,39894.3,64000,20651.6,836.101
4.022,0.2,0.5,-1,0.438979,-5.68189,-0.423405,8.57762,0.536188,-34.9308,41617.1,62917.9,19858.7,3606.3
4.023,0.2,0.5,-1,0.433143,-5.83614,-0.414248,9.15654,0.500605,-35.5824,43191.6,59320.3,19162.8,6325.33
4.024,0.2,0.5,-1,0.427203,-5.94003,-0.404546,9.70275,0.464553,-36.0522,44496,56041.2,18601.9,8860.85
4.025,0.2,0.5,-1,0.421201,-6.00213,-0.394327,10.2184,0.428191,-36.362,45562,53044,18165.2,11228.7
4.026,0.2,0.5,-1,0.415171,-6.02976,-0.383622,10.7052,0.39166,-36.5307,46417.8,50297.3,17842.4,13442.4
4.027,0.2,0.5,-1,0.409142,-6.02919,-0.372457,11.1645,0.355085,-36.5752,47088.4,47774,17623.9,15513.7
4.028,0.2,0.5,-1,0.403136,-6.00578,-0.36086,11.5972,0.318575,-36.51,47595.6,45450.7,17501,17452.7
4.029,0.2,0.5,-1,0.397172,-5.9641,-0.348856,12.0042,0.282226,-36.3486,47959.3,43307,17465.4,19268.4
4.03,0.2,0.5,-1,0.391264,-5.90803,-0.33647,12.3863,0.246124,-36.1024,48196.7,41325.1,17509.5,20968.7
4.031,0.2,0.5,-1,0.385423,-5.84087,-0.323726,12.7439,0.210342,-35.782,48323.3,39489.6,17626.2,22560.8
4.032,0.2,0.5,-1,0.379658,-5.7654,-0.310648,13.0778,0.174946,-35.3966,48352.9,37786.7,17809.1,24051.3
4.033,0.2,0.5,-1,0.373974,-5.68394,-0.29726,13.3883,0.139991,-34.9546,48297.7,36204.3,18052,25445.9
4.034,0.2,0.5,-1,0.368375,-5.59845,-0.283584,13.6761,0.105528,-34.4634,48168.7,34731.8,18349.2,26750.3
4.035,0.2,0.5,-1,0.362865,-5.51051,-0.269642,13.9416,0.0715976,-33.93,47975.6,33359.6,18695.3,27969.6
4.036,0.2,0.5,-1,0.357443,-5.42145,-0.255457,14.1854,0.0382374,-33.3602,47727,32079.2,19085.3,29108.4
4.037,0.2,0.5,-1,0.352111,-5.3323,-0.241049,14.4078,0.0054777,-32.7597,47430.9,30883.2,19514.6,30171.4
4.038,0.2,0.5,-1,0.346867,-5.24391,-0.226439,14.6094,-0.0266556,-32.1333,47094.1,29764.6,19978.6,31162.7
4.039,0.2,0.5,-1,0.34171,-5.15691,-0.211649,14.7908,-0.0581413,-31.4856,46722.8,28717.5,20473.2,32086.5
4.04,0.2,0.5,-1,0.336639,-5.07179,-0.196696,14.9523,-0.088962,-30.8207,46322.7,27736.4,20994.4,32946.5
4.041,0.2,0.5,-1,0.33165,-4.9889,-0.181602,15.0946,-0.119104,-30.1422,45898.7,26816.3,21538.6,33746.4
4.042,0.2,0.5,-1,0.326741,-4.90845,-0.166384,15.2181,-0.148557,-29.4534,45455.3,25952.7,22102.2,34489.7
4.043,0.2,0.5,-1,0.321911,-4.83059,-0.15106,15.3233,-0.177315,-28.7573,44996.6,25141.7,22682,35179.7
4.044,0.2,0.5,-1,0.317155,-4.75535,-0.13565,15.4108,-0.205372,-28.0567,44525.9,24379.6,23274.8,35819.6
4.045,0.2,0.5,-1,0.312473,-4.68272,-0.120169,15.481,-0.232726,-27.3541,44046.7,23663.1,23877.7,36412.5
4.046,0.2,0.5,-1,0.30786,-4.61262,-0.104634,15.5346,-0.259377,-26.6515,43561.7,22989.2,24488,36961.1
4.047,0.2,0.5,-1,0.303315,-4.54494,-0.0890622,15.5719,-0.285328,-25.951,43073.5,22355.2,25103.1,37468.2
4.048,0.2,0.5,-1,0.298835,-4.47953,-0.0734686,15.5936,-0.310582,-25.2543,42584.3,21758.6,25720.6,37936.5
4.049,0.2,0.5,-1,0.294419,-4.41621,-0.0578685,15.6,-0.335145,-24.5631,42096.3,21197.2,26338.3,38368.3
4.05,0.2,0.5,-1,0.290064,-4.3548,-0.0422767,15.5918,-0.359024,-23.8786,41611.1,20668.9,26954.1,38765.9
4.051,0.2,0.5,-1,0.285769,-4.29508,-0.0267073,15.5694,-0.382226,-23.2021,41130.3,20171.9,27566.1,39131.7
4.052,0.2,0.5,-1,0.281532,-4.23686,-0.011174,15.5333,-0.404761,-22.5347,40655.4,19704.6,28172.5,39467.5
4.053,0.2,0.5,-1,0.277353,-4.17991,0.00431008,15.4841,-0.426638,-21.8774,40187.5,19265.3,28771.7,39775.4
4.054,0.2,0.5,-1,0.273229,-4.12403,0.0197321,15.4221,-0.447869,-21.2308,39727.8,18852.8,29362.3,40057.2
4.055,0.2,0.5,-1,0.26916,-4.06901,0.03508,15.3478,-0.468465,-20.5957,39277,18465.7,29942.8,40314.5
4.056,0.2,0.5,-1,0.265145,-4.01466,0.0503418,15.2618,-0.488438,-19.9727,38836.1,18102.9,30512,40549
4.057,0.2,0.5,-1,0.261184,-3.96078,0.0655064,15.1646,-0.5078,-19.3622,38405.6,17763.4,31069,40762.1
4.058,0.2,0.5,-1,0.257277,-3.90721,0.0805628,15.0565,-0.526564,-18.7646,37986.1,17446.1,31612.6,40955.2
4.059,0.2,0.5,-1,0.253423,-3.85376,0.0955008,14.938,-0.544745,-18.1802,37578,17150.4,32142.1,41129.5
4.06,0.2,0.5,-1,0.249623,-3.8003,0.11031,14.8096,-0.562354,-17.6091,37181.7,16875.3,32656.7,41286.3
4.061,0.2,0.5,-1,0.245876,-3.74669,0.124982,14.6718,-0.579405,-17.0516,36797.5,16620.1,33155.8,41426.6
4.062,0.2,0.5,-1,0.242183,-3.69278,0.139507,14.5249,-0.595913,-16.5076,36425.6,16384.2,33638.8,41551.4
4.063,0.2,0.5,-1,0.238545,-3.63848,0.153876,14.3694,-0.61189,-15.9773,36066,16166.9,34105.3,41661.7
4.064,0.2,0.5,-1,0.234961,-3.58368,0.168082,14.2057,-0.627351,-15.4606,35718.9,15967.8,34554.9,41758.3
4.065,0.2,0.5,-1,0.231433,-3.52829,0.182117,14.0343,-0.642308,-14.9575,35384.3,15786.3,34987.3,41842
4.066,0.2,0.5,-1,0.227961,-3.47224,0.195972,13.8556,-0.656776,-14.4677,35062.1,15621.9,35402.4,41913.6
4.067,0.2,0.5,-1,0.224545,-3.41546,0.209642,13.6699,-0.670767,-13.9912,34752.3,15474.2,35799.9,41973.6
4.068,0.2,0.5,-1,0.221187,-3.35791,0.22312,13.4777,-0.684295,-13.5277,34454.7,15342.7,36179.8,42022.8
4.069,0.2,0.5,-1,0.217888,-3.29954,0.236399,13.2794,-0.697372,-13.0772,34169.2,15227.2,36542.1,42061.6
4.07,0.2,0.5,-1,0.214647,-3.24033,0.249475,13.0753,-0.710011,-12.6393,33895.6,15127.1,36886.8,42090.6
4.071,0.2,0.5,-1,0.211467,-3.18024,0.262341,12.8659,-0.722225,-12.2138,33633.6,15042.2,37213.9,42110.2
4.072,0.2,0.5,-1,0.208348,-3.11928,0.274992,12.6515,-0.734026,-11.8005,33383.2,14972.1,37523.8,42121
4.073,0.2,0.5,-1,0.20529,-3.05743,0.287424,12.4324,-0.745425,-11.399,33143.9,14916.5,37816.3,42123.2
4.074,0.2,0.5,-1,0.202296,-2.99471,0.299633,12.209,-0.756434,-11.0091,32915.5,14875.1,38091.9,42117.4
4.075,0.2,0.5,-1,0.199365,-2.93111,0.311615,11.9818,-0.767064,-10.6306,32697.9,14847.6,38350.7,42103.8
4.076,0.2,0.5,-1,0.196498,-2.86667,0.323366,11.7509,-0.777327,-10.2631,32490.5,14833.7,38593,42082.8
4.077,0.2,0.5,-1,0.193697,-2.8014,0.334883,11.5168,-0.787234,-9.90627,32293.3,14833.1,38819,42054.6
4.078,0.2,0.5,-1,0.190961,-2.73533,0.346163,11.2798,-0.796794,-9.55992,32105.8,14845.4,39029.1,42019.6
4.079,0.2,0.5,-1,0.188293,-2.66849,0.357203,11.0402,-0.806017,-9.22372,31927.8,14870.5,39223.6,41978
4.08,0.2,0.5,-1,0.185692,-2.60093,0.368001,10.7983,-0.814915,-8.89739,31759,14907.9,39402.9,41930.2
4.081,0.2,0.5,-1,0.183159,-2.53269,0.378556,10.5544,-0.823495,-8.58063,31599,14957.6,39567.2,41876.2
4.082,0.2,0.5,-1,0.180695,-2.46381,0.388864,10.3088,-0.831769,-8.27317,31447.6,15019,39717,41816.5
4.083,0.2,0.5,-1,0.178301,-2.39434,0.398926,10.0618,-0.839743,-7.97474,31304.4,15092,39852.5,41751.1
4.084,0.2,0.5,-1,0.175977,-2.32433,0.40874,9.81362,-0.847428,-7.68506,31169.1,15176.2,39974.3,41680.4
4.085,0.2,0.5,-1,0.173723,-2.25384,0.418304,9.56461,-0.854832,-7.40389,31041.5,15271.3,40082.7,41604.5
4.086,0.2,0.5,-1,0.17154,-2.18292,0.427619,9.31501,-0.861963,-7.13095,30921.3,15377.1,40178,41523.6
4.087,0.2,0.5,-1,0.169428,-2.11163,0.436684,9.06507,-0.868829,-6.86602,30808.1,15493.2,40260.7,41438
4.088,0.2,0.5,-1,0.167388,-2.04002,0.4455,8.81503,-0.875438,-6.60886,30701.8,15619.3,40331.1,41347.9
4.089,0.2,0.5,-1,0.16542,-1.96817,0.454065,8.56514,-0.881797,-6.35923,30602,15755,40389.6,41253.3
4.09,0.2,0.5,-1,0.163524,-1.89613,0.46238,8.31561,-0.887914,-6.11692,30508.5,15900.2,40436.7,41154.7
4.091,0.2,0.5,-1,0.1617,-1.82396,0.470447,8.06668,-0.893796,-5.88172,30421,16054.4,40472.7,41052
4.092,0.2,0.5,-1,0.159948,-1.75173,0.478266,7.81857,-0.899449,-5.65343,30339.3,16217.2,40497.9,40945.6
4.093,0.2,0.5,-1,0.158269,-1.67949,0.485837,7.57147,-0.904881,-5.43185,30263.1,16388.5,40512.9,40835.5
4.094,0.2,0.5,-1,0.156661,-1.60732,0.493163,7.32559,-0.910098,-5.2168,30192.3,16567.8,40517.8,40722.1
4.095,0.2,0.5,-1,0.155126,-1.53528,0.500244,7.08112,-0.915106,-5.00809,30126.7,16754.7,40513.2,40605.5
4.096,0.2,0.5,-1,0.153663,-1.46342,0.507082,6.83825,-0.919912,-4.80557,30065.9,16949,40499.3,40485.8
4.097,0.2,0.5,-1,0.152271,-1.39181,0.513679,6.59715,-0.924521,-4.60907,30009.9,17150.3,40476.6,40363.3
4.098,0.2,0.5,-1,0.15095,-1.32052,0.520037,6.358,-0.928939,-4.41843,29958.3,17358.2,40445.4,40238.1
4.099,0.2,0.5,-1,0.149701,-1.24961,0.526158,6.12095,-0.933173,-4.23351,29911.2,17572.4,40406,40110.4
4.1,0.2,0.5,-1,0.148522,-1.17913,0.532044,5.88616,-0.937227,-4.05417,29868.2,17792.5,40358.8,39980.5
4.101,0.2,0.5,-1,0.147413,-1.10915,0.537698,5.65377,-0.941107,-3.88026,29829.3,18018.2,40304.1,39848.4
4.102,0.2,0.5,-1,0.146373,-1.03972,0.543122,5.42394,-0.944819,-3.71167,29794.2,18249.2,40242.2,39714.4
4.103,0.2,0.5,-1,0.145402,-0.970914,0.548319,5.1968,-0.948367,-3.54826,29762.8,18485,40173.6,39578.7
4.104,0.2,0.5,-1,0.144499,-0.902777,0.553291,4.97246,-0.951757,-3.38993,29735,18725.3,40098.4,39441.3
4.105,0.2,0.5,-1,0.143664,-0.835367,0.558042,4.75106,-0.954994,-3.23656,29710.7,18969.7,40017,39302.6
4.106,0.2,0.5,-1,0.142895,-0.768739,0.562575,4.53271,-0.958082,-3.08803,29689.7,19218,39929.7,39162.6
4.107,0.2,0.5,-1,0.142192,-0.702946,0.566892,4.3175,-0.961026,-2.94424,29671.9,19469.7,39836.9,39021.5
4.108,0.2,0.5,-1,0.141554,-0.638038,0.570998,4.10556,-0.963831,-2.8051,29657.2,19724.5,39738.7,38879.6
4.109,0.2,0.5,-1,0.14098,-0.574065,0.574895,3.89696,-0.966501,-2.6705,29645.4,19982.1,39635.6,38736.9
4.11,0.2,0.5,-1,0.140469,-0.511074,0.578587,3.6918,-0.969042,-2.54035,29636.6,20242.2,39527.7,38593.6
4.111,0.2,0.5,-1,0.14002,-0.449111,0.582077,3.49016,-0.971456,-2.41456,29630.5,20504.3,39415.4,38449.9
4.112,0.2,0.5,-1,0.139632,-0.38822,0.585369,3.29212,-0.973749,-2.29304,29627.1,20768.2,39298.9,38305.9
4.113,0.2,0.5,-1,0.139303,-0.328442,0.588467,3.09774,-0.975925,-2.1757,29626.3,21033.5,39178.4,38161.8
4.114,0.2,0.5,-1,0.139033,-0.269817,0.591374,2.90709,-0.977987,-2.06245,29627.9,21300,39054.3,38017.7
4.115,0.2,0.5,-1,0.138821,-0.212383,0.594094,2.72023,-0.979941,-1.95322,29632.1,21567.3,38926.8,37873.8
4.116,0.2,0.5,-1,0.138665,-0.156174,0.596631,2.53721,-0.981789,-1.84791,29638.5,21835.2,38796.2,37730.1
4.117,0.2,0.5,-1,0.138564,-0.101224,0.598989,2.35808,-0.983535,-1.74646,29647.3,22103.2,38662.6,37586.9
4.118,0.2,0.5,-1,0.138516,-0.0475637,0.601172,2.18288,-0.985184,-1.64877,29658.2,22371.2,38526.3,37444.3
4.119,0.2,0.5,-1,0.138521,0.00477861,0.603184,2.01165,-0.986739,-1.55477,29671.2,22638.9,38387.6,37302.3
4.12,0.2,0.5,-1,0.138577,0.0557766,0.605028,1.84441,-0.988203,-1.46439,29686.3,22906,38246.6,37161.1
4.121,0.2,0.5,-1,0.138682,0.105406,0.60671,1.6812,-0.989581,-1.37754,29703.3,23172.1,38103.7,37020.9
4.122,0.2,0.5,-1,0.138836,0.153646,0.608232,1.52203,-0.990875,-1.29415,29722.3,23437.2,37958.9,36881.6
4.123,0.2,0.5,-1,0.139036,0.200477,0.609598,1.36693,-0.992089,-1.21413,29743.1,23700.9,37812.5,36743.5
4.124,0.2,0.5,-1,0.139282,0.245883,0.610814,1.2159,-0.993226,-1.13742,29765.7,23963,37664.8,36606.5
4.125,0.2,0.5,-1,0.139572,0.289848,0.611883,1.06895,-0.99429,-1.06393,29790,24223.3,37515.8,36470.9
4.126,0.2,0.5,-1,0.139904,0.33236,0.612809,0.926092,-0.995284,-0.993597,29815.9,24481.5,37365.9,36336.7
4.127,0.2,0.5,-1,0.140278,0.37341,0.613597,0.787316,-0.99621,-0.926335,29843.4,24737.5,37215.1,36204
4.128,0.2,0.5,-1,0.140691,0.41299,0.614249,0.652618,-0.997072,-0.86207,29872.5,24991,37063.7,36072.8
4.129,0.2,0.5,-1,0.141142,0.451094,0.614771,0.52199,-0.997873,-0.800725,29903,25242,36911.8,35943.2
4.13,0.2,0.5,-1,0.141629,0.487719,0.615167,0.39542,-0.998615,-0.742226,29934.8,25490.1,36759.7,35815.4
4.131,0.2,0.5,-1,0.142152,0.522864,0.61544,0.272889,-0.999302,-0.686494,29968,25735.3,36607.4,35689.3
4.132,0.2,0.5,-1,0.142709,0.55653,0.615594,0.154379,-0.999935,-0.633455,30002.5,25977.3,36455.2,35565
4.133,0.2,0.5,-1,0.143297,0.58872,0.615634,0.0398655,-1.00052,-0.583033,30038.2,26216.1,36303.1,35442.6
4.134,0.2,0.5,-1,0.143917,0.619439,0.615563,-0.0706788,-1.00105,-0.53515,30075,26451.5,36151.5,35322.1
4.135,0.2,0.5,-1,0.144566,0.648693,0.615386,-0.177284,-1.00154,-0.489733,30112.8,26683.4,36000.3,35203.5
4.136,0.2,0.5,-1,0.145242,0.676492,0.615106,-0.279982,-1.00199,-0.446704,30151.7,26911.6,35849.7,35087
4.137,0.2,0.5,-1,0.145945,0.702845,0.614727,-0.37881,-1.0024,-0.405989,30191.6,27136.1,35699.9,34972.5
4.138,0.2,0.5,-1,0.146673,0.727766,0.614253,-0.473806,-1.00276,-0.367514,30232.3,27356.7,35551,34860.1
4.139,0.2,0.5,-1,0.147424,0.751267,0.613688,-0.565012,-1.00309,-0.331202,30273.8,27573.4,35403.1,34749.7
4.14,0.2,0.5,-1,0.148197,0.773365,0.613036,-0.652471,-1.00339,-0.296981,30316.1,27786.1,35256.4,34641.5
4.141,0.2,0.5,-1,0.148991,0.794075,0.6123,-0.736228,-1.00366,-0.264778,30359.1,27994.6,35110.9,34535.4
4.142,0.2,0.5,-1,0.149805,0.813417,0.611483,-0.816333,-1.00389,-0.234518,30402.7,28199.1,34966.8,34431.4
4.143,0.2,0.5,-1,0.150636,0.83141,0.61059,-0.892835,-1.0041,-0.20613,30446.8,28399.3,34824.2,34329.6
4.144,0.2,0.5,-1,0.151484,0.848075,0.609625,-0.965787,-1.00428,-0.179543,30491.5,28595.3,34683.2,34230
4.145,0.2,0.5,-1,0.152348,0.863433,0.608589,-1.03524,-1.00443,-0.154686,30536.7,28787,34543.8,34132.6
4.146,0.2,0.5,-1,0.153225,0.877508,0.607488,-1.10126,-1.00456,-0.131489,30582.2,28974.3,34406.2,34037.3
4.147,0.2,0.5,-1,0.154116,0.890324,0.606324,-1.16389,-1.00467,-0.109884,30628,29157.3,34270.5,33944.2
4.148,0.2,0.5,-1,0.155018,0.901906,0.605101,-1.22319,-1.00476,-0.089803,30674.1,29335.9,34136.7,33853.3
4.149,0.2,0.5,-1,0.15593,0.912279,0.603822,-1.27923,-1.00483,-0.0711797,30720.4,29510.1,34004.9,33764.6
4.15,0.2,0.5,-1,0.156851,0.92147,0.60249,-1.33206,-1.00489,-0.0539488,30766.9,29680,33875.2,33678
4.151,0.2,0.5,-1,0.157781,0.929507,0.601108,-1.38175,-1.00493,-0.038046,30813.4,29845.4,33747.7,33593.5
4.152,0.2,0.5,-1,0.158717,0.936417,0.59968,-1.42837,-1.00495,-0.0234088,30860,30006.4,33622.3,33511.2
4.153,0.2,0.5,-1,0.159659,0.94223,0.598208,-1.47196,-1.00496,-0.00997573,30906.5,30163.1,33499.3,33431.1
4.154,0.2,0.5,-1,0.160606,0.946972,0.596695,-1.51261,-1.00496,0.0023133,30953,30315.4,33378.6,33353
4.155,0.2,0.5,-1,0.161557,0.950675,0.595145,-1.55037,-1.00494,0.0135168,30999.3,30463.3,33260.3,33277
4.156,0.2,0.5,-1,0.16251,0.953367,0.593559,-1.58531,-1.00492,0.0236918,31045.5,30606.9,33144.5,33203.1
4.157,0.2,0.5,-1,0.163466,0.955079,0.591942,-1.61749,-1.00489,0.0328939,31091.4,30746.2,33031.1,33131.2
4.158,0.2,0.5,-1,0.164421,0.955841,0.590295,-1.64699,-1.00485,0.0411772,31137.1,30881.3,32920.2,33061.4
4.159,0.2,0.5,-1,0.165377,0.955683,0.588621,-1.67388,-1.0048,0.0485939,31182.4,31012.1,32811.9,32993.6
4.16,0.2,0.5,-1,0.166332,0.954635,0.586923,-1.6982,-1.00474,0.0551949,31227.4,31138.7,32706.2,32927.7
4.161,0.2,0.5,-1,0.167284,0.952728,0.585203,-1.72005,-1.00468,0.0610294,31271.9,31261.2,32603.1,32863.8
4.162,0.2,0.5,-1,0.168234,0.949992,0.583463,-1.73947,-1.00461,0.0661449,31316,31379.5,32502.7,32801.8
4.163,0.2,0.5,-1,0.169181,0.946458,0.581707,-1.75655,-1.00454,0.0705875,31359.6,31493.8,32404.9,32741.7
4.164,0.2,0.5,-1,0.170123,0.942156,0.579935,-1.77134,-1.00447,0.0744011,31402.6,31604.1,32309.8,32683.5
4.165,0.2,0.5,-1,0.17106,0.937116,0.578152,-1.78392,-1.00439,0.0776286,31445.1,31710.5,32217.3,32627.1
4.166,0.2,0.5,-1,0.171991,0.931368,0.576357,-1.79435,-1.00431,0.0803109,31486.9,31812.9,32127.6,32572.5
4.167,0.2,0.5,-1,0.172916,0.924941,0.574555,-1.8027,-1.00423,0.0824872,31528.2,31911.5,32040.6,32519.7
4.168,0.2,0.5,-1,0.173834,0.917866,0.572745,-1.80903,-1.00414,0.0841952,31568.7,32006.3,31956.3,32468.7
4.169,0.2,0.5,-1,0.174744,0.910171,0.570932,-1.81341,-1.00406,0.085471,31608.6,32097.4,31874.7,32419.4
4.17,0.2,0.5,-1,0.175646,0.901886,0.569116,-1.81591,-1.00397,0.086349,31647.7,32184.8,31795.9,32371.7
4.171,0.2,0.5,-1,0.176539,0.893038,0.5673,-1.81659,-1.00389,0.0868621,31686,32268.6,31719.7,32325.7
4.172,0.2,0.5,-1,0.177423,0.883655,0.565484,-1.81551,-1.0038,0.0870415,31723.6,32348.8,31646.2,32281.4
4.173,0.2,0.5,-1,0.178297,0.873766,0.563671,-1.81274,-1.00371,0.0869172,31760.4,32425.6,31575.4,32238.6
4.174,0.2,0.5,-1,0.17916,0.863398,0.561863,-1.80834,-1.00363,0.0865172,31796.3,32499,31507.3,32197.4
4.175,0.2,0.5,-1,0.180013,0.852577,0.560061,-1.80238,-1.00354,0.0858685,31831.4,32569,31441.8,32157.7
4.176,0.2,0.5,-1,0.180854,0.84133,0.558266,-1.79491,-1.00345,0.0849963,31865.7,32635.8,31379,32119.6
4.177,0.2,0.5,-1,0.181684,0.829683,0.55648,-1.786,-1.00337,0.0839246,31899,32699.3,31318.8,32082.8
4.178,0.2,0.5,-1,0.182501,0.81766,0.554704,-1.77571,-1.00329,0.0826759,31931.5,32759.7,31261.2,32047.6
4.179,0.2,0.5,-1,0.183307,0.805288,0.55294,-1.76409,-1.00321,0.0812714,31963.1,32817,31206.2,32013.7
4.18,0.2,0.5,-1,0.184099,0.792589,0.551189,-1.7512,-1.00313,0.0797311,31993.7,32871.3,31153.7,31981.2
4.181,0.2,0.5,-1,0.184879,0.779589,0.549452,-1.73711,-1.00305,0.0780735,32023.5,32922.7,31103.7,31950.1
4.182,0.2,0.5,-1,0.185645,0.766309,0.54773,-1.72187,-1.00297,0.0763162,32052.3,32971.2,31056.2,31920.3
4.183,0.2,0.5,-1,0.186398,0.752774,0.546024,-1.70553,-1.0029,0.0744754,32080.1,33016.9,31011.2,31891.7
4.184,0.2,0.5,-1,0.187137,0.739004,0.544336,-1.68815,-1.00283,0.0725662,32107.1,33059.9,30968.6,31864.4
4.185,0.2,0.5,-1,0.187862,0.725023,0.542666,-1.66978,-1.00275,0.0706026,32133.1,33100.2,30928.4,31838.4
4.186,0.2,0.5,-1,0.188573,0.710849,0.541016,-1.65048,-1.00269,0.0685975,32158.1,33137.9,30890.5,31813.5
4.187,0.2,0.5,-1,0.189269,0.696505,0.539385,-1.6303,-1.00262,0.066563,32182.2,33173,30854.9,31789.8
4.188,0.2,0.5,-1,0.189951,0.682009,0.537776,-1.60928,-1.00256,0.0645099,32205.4,33205.7,30821.6,31767.3
4.189,0.2,0.5,-1,0.190619,0.667382,0.536189,-1.58748,-1.00249,0.0624485,32227.7,33236,30790.5,31745.8
4.19,0.2,0.5,-1,0.191271,0.652641,0.534624,-1.56495,-1.00243,0.0603878,32249,33264,30761.6,31725.5
4.191,0.2,0.5,-1,0.191909,0.637806,0.533082,-1.54174,-1.00237,0.0583361,32269.3,33289.7,30734.8,31706.2
4.192,0.2,0.5,-1,0.192532,0.622893,0.531564,-1.51788,-1.00232,0.056301,32288.8,33313.1,30710.1,31687.9
4.193,0.2,0.5,-1,0.19314,0.60792,0.530071,-1.49343,-1.00226,0.0542893,32307.3,33334.5,30687.5,31670.7
4.194,0.2,0.5,-1,0.193733,0.592903,0.528602,-1.46844,-1.00221,0.052307,32325,33353.7,30666.9,31654.4
4.195,0.2,0.5,-1,0.194311,0.577858,0.527159,-1.44293,-1.00216,0.0503595,32341.7,33370.9,30648.3,31639.1
4.196,0.2,0.5,-1,0.194874,0.562801,0.525742,-1.41697,-1.00211,0.0484515,32357.6,33386.2,30631.6,31624.7
4.197,0.2,0.5,-1,0.195421,0.547746,0.524352,-1.39058,-1.00207,0.0465871,32372.5,33399.6,30616.7,31611.2
4.198,0.2,0.5,-1,0.195954,0.532708,0.522988,-1.36381,-1.00202,0.0447698,32386.6,33411.1,30603.7,31598.6
4.199,0.2,0.5,-1,0.196472,0.5177,0.521651,-1.3367,-1.00198,0.0430028,32399.9,33420.9,30592.4,31586.8
4.2,0.2,0.5,-1,0.196974,0.502735,0.520342,-1.30928,-1.00194,0.0412884,32412.3,33428.9,30582.9,31575.9
4.201,0.2,0.5,-1,0.197462,0.487827,0.51906,-1.2816,-1.0019,0.0396288,32423.9,33435.3,30575,31565.7
4.202,0.2,0.5,-1,0.197935,0.472987,0.517807,-1.25369,-1.00186,0.0380255,32434.7,33440.1,30568.8,31556.4
4.203,0.2,0.5,-1,0.198394,0.458228,0.516581,-1.22558,-1.00182,0.0364798,32444.7,33443.3,30564.2,31547.8
4.204,0.2,0.5,-1,0.198837,0.44356,0.515384,-1.1973,-1.00179,0.0349925,32453.9,33445,30561,31540
4.205,0.2,0.5,-1,0.199266,0.428994,0.514215,-1.1689,-1.00175,0.0335642,32462.4,33445.3,30559.4,31532.9
4.206,0.2,0.5,-1,0.199681,0.41454,0.513075,-1.1404,-1.00172,0.032195,32470.1,33444.3,30559.2,31526.4
4.207,0.2,0.5,-1,0.200081,0.400208,0.511963,-1.11183,-1.00169,0.0308849,32477.1,33441.9,30560.4,31520.7
4.208,0.2,0.5,-1,0.200467,0.386008,0.510879,-1.08322,-1.00166,0.0296335,32483.3,33438.2,30562.9,31515.6
4.209,0.2,0.5,-1,0.200839,0.371947,0.509825,-1.0546,-1.00163,0.0284402,32488.9,33433.3,30566.7,31511.1
4.21,0.2,0.5,-1,0.201197,0.358036,0.508799,-1.026,-1.00161,0.0273042,32493.8,33427.2,30571.8,31507.3
4.211,0.2,0.5,-1,0.201541,0.34428,0.507801,-0.997448,-1.00158,0.0262245,32498,33420,30578,31504
4.212,0.2,0.5,-1,0.201872,0.330688,0.506832,-0.968963,-1.00155,0.0252,32501.6,33411.7,30585.4,31501.3
4.213,0.2,0.5,-1,0.202189,0.317268,0.505892,-0.940573,-1.00153,0.0242294,32504.6,33402.3,30593.9,31499.2
4.214,0.2,0.5,-1,0.202493,0.304024,0.50498,-0.912302,-1.00151,0.0233112,32507,33392,30603.4,31497.6
4.215,0.2,0.5,-1,0.202784,0.290965,0.504095,-0.884171,-1.00148,0.0224439,32508.7,33380.8,30613.9,31496.6
4.216,0.2,0.5,-1,0.203062,0.278095,0.503239,-0.856204,-1.00146,0.0216258,32510,33368.6,30625.4,31496
4.217,0.2,0.5,-1,0.203328,0.26542,0.502411,-0.82842,-1.00144,0.0208553,32510.6,33355.6,30637.8,31495.9
4.218,0.2,0.5,-1,0.203581,0.252946,0.50161,-0.800839,-1.00142,0.0201305,32510.8,33341.8,30651.1,31496.3
4.219,0.2,0.5,-1,0.203821,0.240676,0.500836,-0.773481,-1.0014,0.0194496,32510.4,33327.2,30665.3,31497.1
4.22,0.2,0.5,-1,0.20405,0.228615,0.50009,-0.746364,-1.00138,0.0188107,32509.5,33311.9,30680.2,31498.3
4.221,0.2,0.5,-1,0.204267,0.216768,0.499371,-0.719504,-1.00137,0.018212,32508.2,33296,30695.8,31500
4.222,0.2,0.5,-1,0.204472,0.205137,0.498678,-0.692919,-1.00135,0.0176515,32506.4,33279.4,30712.2,31502.1
4.223,0.2,0.5,-1,0.204665,0.193727,0.498011,-0.666623,-1.00133,0.0171273,32504.2,33262.1,30729.2,31504.5
4.224,0.2,0.5,-1,0.204848,0.18254,0.49737,-0.640632,-1.00131,0.0166375,32501.5,33244.3,30746.8,31507.3
4.225,0.2,0.5,-1,0.20502,0.171578,0.496755,-0.614959,-1.0013,0.0161802,32498.5,33226,30765,31510.5
4.226,0.2,0.5,-1,0.20518,0.160844,0.496166,-0.589617,-1.00128,0.0157535,32495.1,33207.2,30783.8,31514
4.227,0.2,0.5,-1,0.205331,0.150341,0.495601,-0.564619,-1.00127,0.0153555,32491.2,33187.9,30803,31517.8
4.228,0.2,0.5,-1,0.205471,0.14007,0.495061,-0.539976,-1.00125,0.0149845,32487.1,33168.2,30822.8,31521.9
4.229,0.2,0.5,-1,0.205601,0.130032,0.494546,-0.515699,-1.00124,0.0146386,32482.6,33148.1,30842.9,31526.4
4.23,0.2,0.5,-1,0.205721,0.120228,0.494054,-0.491798,-1.00122,0.0143161,32477.8,33127.6,30863.5,31531
4.231,0.2,0.5,-1,0.205832,0.11066,0.493585,-0.468282,-1.00121,0.0140153,32472.7,33106.9,30884.4,31536
4.232,0.2,0.5,-1,0.205933,0.101329,0.49314,-0.44516,-1.00119,0.0137346,32467.3,33085.8,30905.7,31541.2
4.233,0.2,0.5,-1,0.206025,0.0922339,0.492718,-0.42244,-1.00118,0.0134724,32461.7,33064.4,30927.2,31546.7
4.234,0.2,0.5,-1,0.206109,0.0833759,0.492318,-0.40013,-1.00117,0.0132272,32455.8,33042.8,30949.1,31552.3
4.235,0.2,0.5,-1,0.206183,0.0747548,0.491939,-0.378235,-1.00116,0.0129975,32449.7,33021,30971.1,31558.2
4.236,0.2,0.5,-1,0.20625,0.0663702,0.491583,-0.356761,-1.00114,0.012782,32443.3,32999.1,30993.4,31564.3
4.237,0.2,0.5,-1,0.206308,0.0582218,0.491247,-0.335715,-1.00113,0.0125792,32436.7,32976.9,31015.8,31570.5
4.238,0.2,0.5,-1,0.206358,0.0503088,0.490932,-0.315101,-1.00112,0.0123879,32430,32954.7,31038.4,31577
4.239,0.2,0.5,-1,0.206401,0.0426304,0.490637,-0.294923,-1.00111,0.0122069,32423,32932.3,31061.1,31583.6
4.24,0.2,0.5,-1,0.206436,0.0351855,0.490362,-0.275185,-1.00109,0.012035,32416,32909.9,31083.9,31590.3
4.241,0.2,0.5,-1,0.206464,0.0279729,0.490106,-0.25589,-1.00108,0.0118712,32408.7,32887.3,31106.7,31597.2
4.242,0.2,0.5,-1,0.206485,0.0209911,0.489869,-0.23704,-1.00107,0.0117145,32401.3,32864.8,31129.6,31604.2
4.243,0.2,0.5,-1,0.206499,0.0142386,0.48965,-0.218638,-1.00106,0.0115639,32393.8,32842.3,31152.5,31611.4
4.244,0.2,0.5,-1,0.206507,0.00771356,0.48945,-0.200684,-1.00105,0.0114185,32386.2,32819.7,31175.5,31618.6
4.245,0.2,0.5,-1,0.206508,0.00141411,0.489266,-0.183181,-1.00104,0.0112775,32378.4,32797.2,31198.4,31626
4.246,0.2,0.5,-1,0.206504,-0.00466181,0.4891,-0.166129,-1.00102,0.0111402,32370.6,32774.8,31221.2,31633.4
4.247,0.2,0.5,-1,0.206493,-0.0105164,0.488951,-0.149527,-1.00101,0.0110058,32362.7,32752.4,31244,31640.9
4.248,0.2,0.5,-1,0.206477,-0.016152,0.488817,-0.133376,-1.001,0.0108737,32354.8,32730.1,31266.6,31648.5
4.249,0.2,0.5,-1,0.206456,-0.0215709,0.4887,-0.117675,-1.00099,0.0107433,32346.7,32707.9,31289.2,31656.2
4.25,0.2,0.5,-1,0.206429,-0.0267759,0.488597,-0.102422,-1.00098,0.0106141,32338.7,32685.8,31311.7,31663.8
4.251,0.2,0.5,-1,0.206397,-0.0317696,0.48851,-0.0876169,-1.00097,0.0104856,32330.6,32663.9,31334,31671.6
4.252,0.2,0.5,-1,0.20636,-0.0365548,0.488436,-0.073257,-1.00096,0.0103573,32322.4,32642.1,31356.1,31679.4
4.253,0.2,0.5,-1,0.206319,-0.0411343,0.488377,-0.0593402,-1.00095,0.0102289,32314.3,32620.5,31378.1,31687.1
4.254,0.2,0.5,-1,0.206274,-0.0455111,0.488331,-0.0458639,-1.00094,0.0101,32306.1,32599,31399.9,31695
4.255,0.2,0.5,-1,0.206224,-0.0496883,0.488298,-0.0328254,-1.00093,0.00997042,32298,32577.8,31421.4,31702.8
4.256,0.2,0.5,-1,0.20617,-0.0536691,0.488278,-0.0202213,-1.00092,0.00983981,32289.8,32556.8,31442.8,31710.6
4.257,0.2,0.5,-1,0.206113,-0.0574566,0.48827,-0.00804811,-1.00091,0.009708,32281.7,32536,31463.9,31718.4
4.258,0.2,0.5,-1,0.206052,-0.0610542,0.488274,0.00369791,-1.0009,0.00957479,32273.6,32515.4,31484.8,31726.3
4.259,0.2,0.5,-1,0.205987,-0.0644652,0.488289,0.0150209,-1.00089,0.00944007,32265.5,32495.1,31505.4,31734
4.26,0.2,0.5,-1,0.20592,-0.0676929,0.488315,0.0259251,-1.00088,0.00930373,32257.4,32475,31525.8,31741.8
4.261,0.2,0.5,-1,0.205849,-0.070741,0.488351,0.0364151,-1.00087,0.00916568,32249.4,32455.2,31545.9,31749.6
4.262,0.2,0.5,-1,0.205775,-0.0736128,0.488398,0.0464957,-1.00086,0.00902589,32241.5,32435.6,31565.7,31757.3
4.263,0.2,0.5,-1,0.205699,-0.076312,0.488454,0.056172,-1.00085,0.00888434,32233.6,32416.4,31585.2,31764.9
4.264,0.2,0.5,-1,0.20562,-0.0788421,0.488519,0.0654492,-1.00085,0.00874104,32225.7,32397.4,31604.4,31772.5
4.265,0.2,0.5,-1,0.205539,-0.0812068,0.488594,0.0743326,-1.00084,0.00859601,32217.9,32378.7,31623.2,31780.1
4.266,0.2,0.5,-1,0.205456,-0.0834096,0.488676,0.0828279,-1.00083,0.0084493,32210.2,32360.4,31641.8,31787.6
4.267,0.2,0.5,-1,0.20537,-0.0854544,0.488767,0.0909409,-1.00082,0.00830098,32202.6,32342.3,31660.1,31795
4.268,0.2,0.5,-1,0.205283,-0.0873448,0.488866,0.0986775,-1.00081,0.00815114,32195.1,32324.6,31678,31802.4
4.269,0.2,0.5,-1,0.205194,-0.0890844,0.488972,0.106044,-1.0008,0.00799988,32187.6,32307.1,31695.5,31809.7
4.27,0.2,0.5,-1,0.205103,-0.0906771,0.489085,0.113046,-1.0008,0.0078473,32180.3,32290,31712.8,31816.9
4.271,0.2,0.5,-1,0.205011,-0.0921265,0.489205,0.11969,-1.00079,0.00769354,32173,32273.3,31729.7,31824
4.272,0.2,0.5,-1,0.204918,-0.0934363,0.489331,0.125983,-1.00078,0.00753873,32165.8,32256.9,31746.2,31831.1
4.273,0.2,0.5,-1,0.204823,-0.0946105,0.489463,0.131931,-1.00077,0.00738301,32158.7,32240.8,31762.4,31838.1
4.274,0.2,0.5,-1,0.204727,-0.0956525,0.4896,0.137541,-1.00077,0.00722653,32151.8,32225,31778.3,31844.9
4.275,0.2,0.5,-1,0.204631,-0.0965662,0.489743,0.14282,-1.00076,0.00706946,32144.9,32209.6,31793.7,31851.7
4.276,0.2,0.5,-1,0.204533,-0.0973553,0.489891,0.147774,-1.00075,0.00691194,32138.2,32194.6,31808.9,31858.4
4.277,0.2,0.5,-1,0.204435,-0.0980235,0.490043,0.152411,-1.00075,0.00675415,32131.5,32179.9,31823.6,31865
4.278,0.2,0.5,-1,0.204337,-0.0985745,0.4902,0.156736,-1.00074,0.00659625,32125,32165.6,31838,31871.4
4.279,0.2,0.5,-1,0.204238,-0.0990118,0.490361,0.160758,-1.00073,0.00643841,32118.6,32151.6,31852.1,31877.8
4.28,0.2,0.5,-1,0.204138,-0.0993393,0.490525,0.164483,-1.00073,0.00628079,32112.3,32137.9,31865.7,31884.1
4.281,0.2,0.5,-1,0.204039,-0.0995604,0.490693,0.167918,-1.00072,0.00612357,32106.1,32124.6,31879.1,31890.2
4.282,0.2,0.5,-1,0.203939,-0.0996788,0.490864,0.171071,-1.00071,0.0059669,32100.1,32111.7,31892,31896.2
4.283,0.2,0.5,-1,0.203839,-0.099698,0.491038,0.173948,-1.00071,0.00581095,32094.1,32099.1,31904.6,31902.2
4.284,0.2,0.5,-1,0.20374,-0.0996215,0.491215,0.176557,-1.0007,0.00565588,32088.3,32086.9,31916.8,31908
4.285,0.2,0.5,-1,0.20364,-0.0994529,0.491394,0.178904,-1.0007,0.00550185,32082.7,32075,31928.7,31913.7
4.286,0.2,0.5,-1,0.203541,-0.0991956,0.491575,0.180997,-1.00069,0.00534901,32077.1,32063.5,31940.2,31919.2
4.287,0.2,0.5,-1,0.203442,-0.098853,0.491757,0.182843,-1.00069,0.00519749,32071.7,32052.3,31951.3,31924.7
4.288,0.2,0.5,-1,0.203344,-0.0984284,0.491942,0.184449,-1.00068,0.00504745,32066.4,32041.5,31962.1,31930
4.289,0.2,0.5,-1,0.203246,-0.0979253,0.492128,0.185822,-1.00068,0.00489903,32061.2,32031,31972.6,31935.2
4.29,0.2,0.5,-1,0.203149,-0.0973469,0.492315,0.186969,-1.00067,0.00475234,32056.2,32020.9,31982.7,31940.3
4.291,0.2,0.5,-1,0.203052,-0.0966964,0.492503,0.187896,-1.00067,0.00460751,32051.3,32011.1,31992.4,31945.3
4.292,0.2,0.5,-1,0.202956,-0.095977,0.492691,0.188612,-1.00066,0.00446466,32046.5,32001.6,32001.8,31950.1
4.293,0.2,0.5,-1,0.202861,-0.0951919,0.49288,0.189122,-1.00066,0.0043239,32041.8,31992.5,32010.9,31954.8
4.294,0.2,0.5,-1,0.202766,-0.0943442,0.49307,0.189435,-1.00065,0.00418533,32037.3,31983.7,32019.6,31959.4
4.295,0.2,0.5,-1,0.202673,-0.0934369,0.493259,0.189555,-1.00065,0.00404905,32032.9,31975.2,32028,31963.9
4.296,0.2,0.5,-1,0.202581,-0.092473,0.493449,0.189491,-1.00065,0.00391514,32028.6,31967.1,32036.1,31968.2
4.297,0.2,0.5,-1,0.202489,-0.0914554,0.493638,0.189248,-1.00064,0.00378369,32024.5,31959.2,32043.9,31972.4
4.298,0.2,0.5,-1,0.202399,-0.0903871,0.493827,0.188834,-1.00064,0.00365476,32020.5,31951.7,32051.3,31976.5
4.299,0.2,0.5,-1,0.202309,-0.0892709,0.494015,0.188255,-1.00064,0.00352843,32016.6,31944.5,32058.4,31980.5
4.3,0.2,0.5,-1,0.202221,-0.0881095,0.494203,0.187517,-1.00063,0.00340476,32012.8,31937.7,32065.2,31984.3
4.301,0.2,0.5,-1,0.202134,-0.0869057,0.494389,0.186627,-1.00063,0.00328379,32009.1,31931.1,32071.7,31988.1
4.302,0.2,0.5,-1,0.202049,-0.0856621,0.494575,0.185591,-1.00063,0.00316558,32005.6,31924.8,32077.9,31991.7
4.303,0.2,0.5,-1,0.201964,-0.0843813,0.494759,0.184415,-1.00062,0.00305016,32002.2,31918.8,32083.8,31995.2
4.304,0.2,0.5,-1,0.201881,-0.0830659,0.494942,0.183106,-1.00062,0.00293756,31998.9,31913.1,32089.4,31998.5
4.305,0.2,0.5,-1,0.2018,-0.0817184,0.495124,0.181669,-1.00062,0.00282781,31995.8,31907.7,32094.7,32001.8
4.306,0.2,0.5,-1,0.201719,-0.0803412,0.495304,0.18011,-1.00061,0.00272092,31992.7,31902.6,32099.8,32004.9
4.307,0.2,0.5,-1,0.20164,-0.0789367,0.495483,0.178436,-1.00061,0.00261692,31989.8,31897.7,32104.6,32007.9
4.308,0.2,0.5,-1,0.201563,-0.0775071,0.495659,0.176651,-1.00061,0.0025158,31987,31893.2,32109.1,32010.8
4.309,0.2,0.5,-1,0.201487,-0.0760548,0.495834,0.174762,-1.00061,0.00241758,31984.3,31888.9,32113.3,32013.6
4.31,0.2,0.5,-1,0.201412,-0.074582,0.496007,0.172774,-1.0006,0.00232223,31981.7,31884.8,32117.3,32016.3
4.311,0.2,0.5,-1,0.201339,-0.0730907,0.496178,0.170692,-1.0006,0.00222977,31979.2,31881,32121,32018.8
4.312,0.2,0.5,-1,0.201267,-0.0715831,0.496346,0.168522,-1.0006,0.00214016,31976.8,31877.4,32124.5,32021.3
4.313,0.2,0.5,-1,0.201197,-0.0700611,0.496512,0.166269,-1.0006,0.00205339,31974.5,31874.1,32127.7,32023.6
4.314,0.2,0.5,-1,0.201129,-0.0685268,0.496676,0.163938,-1.0006,0.00196944,31972.4,31871.1,32130.7,32025.9
4.315,0.2,0.5,-1,0.201062,-0.0669821,0.496838,0.161535,-1.00059,0.00188828,31970.3,31868.2,32133.4,32028
4.316,0.2,0.5,-1,0.200996,-0.0654287,0.496997,0.159063,-1.00059,0.00180988,31968.4,31865.6,32136,32030
4.317,0.2,0.5,-1,0.200933,-0.0638685,0.497153,0.156528,-1.00059,0.00173421,31966.5,31863.2,32138.3,32032
4.318,0.2,0.5,-1,0.20087,-0.0623032,0.497307,0.153935,-1.00059,0.00166121,31964.7,31861.1,32140.4,32033.8
4.319,0.2,0.5,-1,0.20081,-0.0607345,0.497459,0.151287,-1.00059,0.00159086,31963.1,31859.1,32142.3,32035.5
4.32,0.2,0.5,-1,0.20075,-0.0591639,0.497607,0.14859,-1.00059,0.00152311,31961.5,31857.3,32144,32037.2
4.321,0.2,0.5,-1,0.200693,-0.0575932,0.497753,0.145848,-1.00058,0.0014579,31960,31855.8,32145.5,32038.7
4.322,0.2,0.5,-1,0.200637,-0.0560237,0.497896,0.143065,-1.00058,0.0013952,31958.7,31854.4,32146.8,32040.2
4.323,0.2,0.5,-1,0.200582,-0.0544569,0.498036,0.140245,-1.00058,0.00133494,31957.4,31853.2,32147.9,32041.5
4.324,0.2,0.5,-1,0.200529,-0.0528942,0.498174,0.137392,-1.00058,0.00127708,31956.1,31852.2,32148.8,32042.8
4.325,0.2,0.5,-1,0.200478,-0.0513369,0.498308,0.134511,-1.00058,0.00122156,31955,31851.4,32149.6,32044
4.326,0.2,0.5,-1,0.200428,-0.0497864,0.49844,0.131604,-1.00058,0.00116831,31954,31850.8,32150.2,32045.1
4.327,0.2,0.5,-1,0.20038,-0.0482438,0.498569,0.128675,-1.00058,0.00111729,31953,31850.3,32150.6,32046.1
4.328,0.2,0.5,-1,0.200333,-0.0467104,0.498694,0.125729,-1.00058,0.00106843,31952.1,31850,32150.9,32047
4.329,0.2,0.5,-1,0.200288,-0.0451873,0.498817,0.122768,-1.00058,0.00102167,31951.3,31849.8,32151,32047.9
4.33,0.2,0.5,-1,0.200245,-0.0436756,0.498937,0.119796,-1.00057,0.000976956,31950.6,31849.8,32151,32048.7
4.331,0.2,0.5,-1,0.200202,-0.0421763,0.499054,0.116816,-1.00057,0.00093422,31949.9,31849.9,32150.8,32049.4
4.332,0.2,0.5,-1,0.200162,-0.0406904,0.499167,0.113831,-1.00057,0.000893402,31949.3,31850.2,32150.5,32050
4.333,0.2,0.5,-1,0.200122,-0.0392187,0.499278,0.110845,-1.00057,0.000854439,31948.8,31850.6,32150,32050.6
4.334,0.2,0.5,-1,0.200085,-0.0377624,0.499386,0.107859,-1.00057,0.00081727,31948.4,31851.1,32149.5,32051.1
4.335,0.2,0.5,-1,0.200048,-0.036322,0.499491,0.104878,-1.00057,0.000781834,31948,31851.8,32148.8,32051.5
4.336,0.2,0.5,-1,0.200013,-0.0348986,0.499593,0.101903,-1.00057,0.000748068,31947.6,31852.5,32148,32051.9
4.337,0.2,0.5,-1,0.19998,-0.0334927,0.499692,0.098937,-1.00057,0.000715911,31947.4,31853.4,32147,32052.2
4.338,0.2,0.5,-1,0.199948,-0.0321052,0.499788,0.0959829,-1.00057,0.000685304,31947.2,31854.4,32146,32052.4
4.339,0.2,0.5,-1,0.199917,-0.0307366,0.499881,0.093043,-1.00057,0.000656186,31947,31855.5,32144.9,32052.6
4.34,0.2,0.5,-1,0.199888,-0.0293877,0.499971,0.0901194,-1.00057,0.000628498,31946.9,31856.7,32143.7,32052.7
4.341,0.2,0.5,-1,0.19986,-0.0280589,0.500058,0.0872145,-1.00057,0.000602182,31946.9,31858,32142.4,32052.8
4.342,0.2,0.5,-1,0.199833,-0.0267509,0.500143,0.0843302,-1.00057,0.000577182,31946.9,31859.4,32141,32052.8
4.343,0.2,0.5,-1,0.199807,-0.0254642,0.500224,0.0814687,-1.00056,0.00055344,31947,31860.8,32139.5,32052.7
4.344,0.2,0.5,-1,0.199783,-0.0241992,0.500303,0.0786317,-1.00056,0.000530901,31947.1,31862.4,32137.9,32052.6
4.345,0.2,0.5,-1,0.19976,-0.0229563,0.500379,0.0758212,-1.00056,0.000509513,31947.2,31864,32136.3,32052.5
4.346,0.2,0.5,-1,0.199739,-0.0217359,0.500452,0.0730389,-1.00056,0.000489223,31947.4,31865.7,32134.5,32052.3
4.347,0.2,0.5,-1,0.199718,-0.0205384,0.500522,0.0702864,-1.00056,0.000469978,31947.7,31867.5,32132.8,32052.1
4.348,0.2,0.5,-1,0.199699,-0.0193642,0.500589,0.0675653,-1.00056,0.00045173,31947.9,31869.3,32130.9,32051.8
4.349,0.2,0.5,-1,0.19968,-0.0182135,0.500654,0.064877,-1.00056,0.00043443,31948.3,31871.2,32129,32051.5
4.35,0.2,0.5,-1,0.199663,-0.0170865,0.500716,0.0622229,-1.00056,0.00041803,31948.6,31873.1,32127.1,32051.2
4.351,0.2,0.5,-1,0.199647,-0.0159835,0.500776,0.0596044,-1.00056,0.000402485,31949,31875.1,32125.1,32050.8
4.352,0.2,0.5,-1,0.199632,-0.0149046,0.500833,0.0570227,-1.00056,0.000387751,31949.4,31877.1,32123,32050.4
4.353,0.2,0.5,-1,0.199619,-0.0138502,0.500888,0.0544788,-1.00056,0.000373786,31949.9,31879.2,32120.9,32049.9
4.354,0.2,0.5,-1,0.199606,-0.0128202,0.50094,0.051974,-1.00056,0.000360547,31950.4,31881.4,32118.8,32049.5
4.355,0.2,0.5,-1,0.199594,-0.0118147,0.500989,0.0495091,-1.00056,0.000347995,31950.9,31883.5,32116.6,32049
4.356,0.2,0.5,-1,0.199583,-0.010834,0.501036,0.047085,-1.00056,0.000336093,31951.5,31885.7,32114.4,32048.4
4.357,0.2,0.5,-1,0.199573,-0.00987795,0.501081,0.0447028,-1.00056,0.000324802,31952,31887.9,32112.2,32047.8
4.358,0.2,0.5,-1,0.199564,-0.00894665,0.501123,0.042363,-1.00056,0.000314089,31952.6,31890.2,32109.9,32047.3
4.359,0.2,0.5,-1,0.199556,-0.0080401,0.501163,0.0400665,-1.00056,0.000303919,31953.3,31892.5,32107.6,32046.6
4.36,0.2,0.5,-1,0.199549,-0.00715828,0.501201,0.0378138,-1.00056,0.00029426,31953.9,31894.8,32105.3,32046
4.361,0.2,0.5,-1,0.199543,-0.00630114,0.501237,0.0356056,-1.00056,0.000285081,31954.6,31897.1,32103,32045.3
4.362,0.2,0.5,-1,0.199537,-0.00546862,0.50127,0.0334423,-1.00056,0.000276353,31955.3,31899.4,32100.6,32044.7
4.363,0.2,0.5,-1,0.199533,-0.00466064,0.501301,0.0313245,-1.00056,0.000268047,31956,31901.8,32098.3,32044
4.364,0.2,0.5,-1,0.199529,-0.00387707,0.501331,0.0292525,-1.00056,0.000260137,31956.7,31904.1,32095.9,32043.2
4.365,0.2,0.5,-1,0.199526,-0.00311781,0.501358,0.0272266,-1.00056,0.000252597,31957.4,31906.5,32093.6,32042.5
4.366,0.2,0.5,-1,0.199523,-0.00238269,0.501383,0.0252471,-1.00056,0.000245405,31958.2,31908.9,32091.2,32041.8
4.367,0.2,0.5,-1,0.199522,-0.00167157,0.501407,0.0233143,-1.00056,0.000238535,31958.9,31911.2,32088.8,32041
4.368,0.2,0.5,-1,0.199521,-0.000984262,0.501428,0.0214284,-1.00056,0.000231969,31959.7,31913.6,32086.5,32040.2
4.369,0.2,0.5,-1,0.19952,-0.000320567,0.501448,0.0195894,-1.00056,0.000225684,31960.5,31916,32084.1,32039.4
4.37,0.2,0.5,-1,0.199521,0.000319724,0.501465,0.0177974,-1.00056,0.000219662,31961.3,31918.3,32081.7,32038.6
4.371,0.2,0.5,-1,0.199522,0.000936837,0.501481,0.0160525,-1.00056,0.000213884,31962.1,31920.7,32079.4,32037.8
4.372,0.2,0.5,-1,0.199523,0.00153101,0.501496,0.0143546,-1.00055,0.000208335,31962.9,31923.1,32077,32037
4.373,0.2,0.5,-1,0.199525,0.0021025,0.501508,0.0127036,-1.00055,0.000202998,31963.7,31925.4,32074.7,32036.2
4.374,0.2,0.5,-1,0.199528,0.00265158,0.50152,0.0110996,-1.00055,0.000197857,31964.5,31927.7,32072.3,32035.4
4.375,0.2,0.5,-1,0.199531,0.00317851,0.501529,0.00954226,-1.00055,0.000192901,31965.4,31930,32070,32034.6
4.376,0.2,0.5,-1,0.199535,0.00368359,0.501537,0.00803147,-1.00055,0.000188115,31966.2,31932.3,32067.7,32033.7
4.377,0.2,0.5,-1,0.199539,0.00416712,0.501544,0.00656699,-1.00055,0.000183487,31967,31934.6,32065.5,32032.9
4.378,0.2,0.5,-1,0.199544,0.00462941,0.501549,0.00514856,-1.00055,0.000179007,31967.9,31936.9,32063.2,32032.1
4.379,0.2,0.5,-1,0.199549,0.00507077,0.501553,0.00377589,-1.00055,0.000174664,31968.7,31939.1,32061,32031.2
4.38,0.2,0.5,-1,0.199554,0.00549154,0.501555,0.00244865,-1.00055,0.000170448,31969.5,31941.3,32058.7,32030.4
4.381,0.2,0.5,-1,0.19956,0.00589204,0.501556,0.00116648,-1.00055,0.000166351,31970.4,31943.5,32056.5,32029.6
4.382,0.2,0.5,-1,0.199566,0.00627263,0.501556,-7.09968e-05,-1.00055,0.000162365,31971.2,31945.7,32054.4,32028.7
4.383,0.2,0.5,-1,0.199573,0.00663364,0.501555,-0.00126421,-1.00055,0.000158482,31972,31947.8,32052.2,32027.9
4.384,0.2,0.5,-1,0.19958,0.00697544,0.501552,-0.0024136,-1.00055,0.000154696,31972.8,31950,32050.1,32027.1
4.385,0.2,0.5,-1,0.199587,0.00729838,0.501549,-0.00351965,-1.00055,0.000150999,31973.7,31952,32048,32026.3
4.386,0.2,0.5,-1,0.199595,0.00760284,0.501544,-0.00458283,-1.00055,0.000147388,31974.5,31954.1,32046,32025.4
4.387,0.2,0.5,-1,0.199603,0.00788917,0.501539,-0.00560368,-1.00055,0.000143856,31975.3,31956.1,32043.9,32024.6
4.388,0.2,0.5,-1,0.199611,0.00815776,0.501532,-0.00658273,-1.00055,0.000140399,31976.1,31958.1,32041.9,32023.8
4.389,0.2,0.5,-1,0.199619,0.00840899,0.501525,-0.00752054,-1.00055,0.000137012,31976.9,31960.1,32040,32023
4.39,0.2,0.5,-1,0.199628,0.00864323,0.501516,-0.0084177,-1.00055,0.000133693,31977.7,31962,32038,32022.2
4.391,0.2,0.5,-1,0.199637,0.00886087,0.501507,-0.00927479,-1.00055,0.000130438,31978.5,31963.9,32036.1,32021.4
4.392,0.2,0.5,-1,0.199646,0.0090623,0.501497,-0.0100924,-1.00055,0.000127244,31979.3,31965.8,32034.3,32020.7
4.393,0.2,0.5,-1,0.199655,0.0092479,0.501486,-0.0108713,-1.00055,0.000124107,31980,31967.6,32032.4,32019.9
4.394,0.2,0.5,-1,0.199664,0.00941806,0.501474,-0.0116119,-1.00055,0.000121027,31980.8,31969.4,32030.6,32019.1
4.395,0.2,0.5,-1,0.199674,0.00957316,0.501462,-0.0123151,-1.00055,0.000118001,31981.6,31971.2,32028.9,32018.4
4.396,0.2,0.5,-1,0.199684,0.00971361,0.501449,-0.0129814,-1.00055,0.000115028,31982.3,31972.9,32027.1,32017.6
4.397,0.2,0.5,-1,0.199694,0.00983979,0.501435,-0.0136116,-1.00055,0.000112105,31983,31974.6,32025.4,32016.9
4.398,0.2,0.5,-1,0.199704,0.00995209,0.501421,-0.0142062,-1.00055,0.000109232,31983.8,31976.3,32023.8,32016.2
4.399,0.2,0.5,-1,0.199714,0.0100509,0.501407,-0.0147662,-1.00055,0.000106407,31984.5,31977.9,32022.2,32015.5
4.4,0.2,0.5,-1,0.199724,0.0101366,0.501391,-0.015292,-1.00055,0.00010363,31985.2,31979.5,32020.6,32014.8
4.401,0.2,0.5,-1,0.199734,0.0102096,0.501375,-0.0157845,-1.00055,0.0001009,31985.9,31981,32019,32014.1
4.402,0.2,0.5,-1,0.199744,0.0102702,0.501359,-0.0162444,-1.00055,9.82166e-05,31986.6,31982.5,32017.5,32013.4
4.403,0.2,0.5,-1,0.199755,0.0103189,0.501343,-0.0166724,-1.00055,9.5579e-05,31987.2,31984,32016,32012.7
4.404,0.2,0.5,-1,0.199765,0.0103561,0.501325,-0.0170692,-1.00055,9.29871e-05,31987.9,31985.5,32014.6,32012
4.405,0.2,0.5,-1,0.199775,0.010382,0.501308,-0.0174356,-1.00055,9.04406e-05,31988.5,31986.9,32013.2,32011.4
4.406,0.2,0.5,-1,0.199786,0.0103971,0.50129,-0.0177723,-1.00055,8.79394e-05,31989.2,31988.2,32011.8,32010.8
4.407,0.2,0.5,-1,0.199796,0.0104018,0.501272,-0.0180801,-1.00055,8.54833e-05,31989.8,31989.5,32010.5,32010.1
4.408,0.2,0.5,-1,0.199806,0.0103964,0.501254,-0.0183596,-1.00055,8.30724e-05,31990.4,31990.8,32009.2,32009.5
4.409,0.2,0.5,-1,0.199817,0.0103813,0.501235,-0.0186117,-1.00055,8.07065e-05,31991,31992.1,32008,32008.9
4.41,0.2,0.5,-1,0.199827,0.0103568,0.501216,-0.0188371,-1.00055,7.83859e-05,31991.6,31993.3,32006.8,32008.4
4.411,0.2,0.5,-1,0.199838,0.0103234,0.501197,-0.0190365,-1.00055,7.61105e-05,31992.2,31994.5,32005.6,32007.8
4.412,0.2,0.5,-1,0.199848,0.0102813,0.501178,-0.0192106,-1.00055,7.38804e-05,31992.7,31995.6,32004.5,32007.2
4.413,0.2,0.5,-1,0.199858,0.0102309,0.501159,-0.0193602,-1.00055,7.16957e-05,31993.3,31996.7,32003.4,32006.7
4.414,0.2,0.5,-1,0.199868,0.0101726,0.501139,-0.019486,-1.00055,6.95566e-05,31993.8,31997.8,32002.3,32006.2
4.415,0.2,0.5,-1,0.199878,0.0101066,0.50112,-0.0195888,-1.00055,6.7463e-05,31994.3,31998.8,32001.3,32005.6
4.416,0.2,0.5,-1,0.199888,0.0100334,0.5011,-0.0196693,-1.00055,6.5415e-05,31994.8,31999.8,32000.3,32005.1
4.417,0.2,0.5,-1,0.199898,0.00995328,0.50108,-0.0197281,-1.00055,6.34128e-05,31995.3,32000.7,31999.3,32004.6
4.418,0.2,0.5,-1,0.199908,0.00986651,0.501061,-0.0197661,-1.00055,6.14563e-05,31995.8,32001.7,31998.4,32004.2
4.419,0.2,0.5,-1,0.199918,0.00977344,0.501041,-0.0197839,-1.00055,5.95455e-05,31996.3,32002.6,31997.5,32003.7
4.42,0.2,0.5,-1,0.199928,0.00967438,0.501021,-0.0197822,-1.00055,5.76805e-05,31996.7,32003.4,31996.6,32003.2
4.421,0.2,0.5,-1,0.199937,0.00956965,0.501001,-0.0197617,-1.00055,5.58611e-05,31997.1,32004.2,31995.8,32002.8
4.422,0.2,0.5,-1,0.199947,0.00945954,0.500981,-0.0197232,-1.00055,5.40874e-05,31997.6,32005,31995,32002.4
4.423,0.2,0.5,-1,0.199956,0.00934435,0.500962,-0.0196672,-1.00055,5.23591e-05,31998,32005.8,31994.3,32002
4.424,0.2,0.5,-1,0.199965,0.00922437,0.500942,-0.0195945,-1.00055,5.0676e-05,31998.4,32006.5,31993.5,32001.6
4.425,0.2,0.5,-1,0.199974,0.0090999,0.500923,-0.0195058,-1.00055,4.90381e-05,31998.8,32007.2,31992.9,32001.2
4.426,0.2,0.5,-1,0.199983,0.0089712,0.500903,-0.0194016,-1.00055,4.74451e-05,31999.2,32007.8,31992.2,32000.8
4.427,0.2,0.5,-1,0.199992,0.00883855,0.500884,-0.0192827,-1.00055,4.58967e-05,31999.5,32008.5,31991.6,32000.4
4.428,0.2,0.5,-1,0.200001,0.00870222,0.500865,-0.0191497,-1.00055,4.43925e-05,31999.9,32009.1,31991,32000.1
4.429,0.2,0.5,-1,0.200009,0.00856246,0.500846,-0.0190032,-1.00055,4.29323e-05,32000.2,32009.6,31990.4,31999.8
4.43,0.2,0.5,-1,0.200018,0.00841955,0.500827,-0.0188438,-1.00055,4.15155e-05,32000.5,32010.2,31989.9,31999.4
4.431,0.2,0.5,-1,0.200026,0.00827371,0.500808,-0.0186722,-1.00055,4.01419e-05,32000.9,32010.7,31989.4,31999.1
4.432,0.2,0.5,-1,0.200034,0.00812521,0.50079,-0.0184889,-1.00055,3.88109e-05,32001.2,32011.2,31988.9,31998.8
4.433,0.2,0.5,-1,0.200042,0.00797427,0.500772,-0.0182946,-1.00055,3.75221e-05,32001.4,32011.6,31988.4,31998.5
4.434,0.2,0.5,-1,0.20005,0.00782112,0.500753,-0.0180898,-1.00055,3.62748e-05,32001.7,32012,31988,31998.3
4.435,0.2,0.5,-1,0.200058,0.00766599,0.500736,-0.0178751,-1.00055,3.50685e-05,32002,32012.4,31987.6,31998
4.436,0.2,0.5,-1,0.200065,0.0075091,0.500718,-0.017651,-1.00055,3.39026e-05,32002.2,32012.8,31987.2,31997.7
4.437,0.2,0.5,-1,0.200073,0.00735066,0.500701,-0.0174182,-1.00055,3.27765e-05,32002.5,32013.2,31986.9,31997.5
4.438,0.2,0.5,-1,0.20008,0.00719088,0.500683,-0.017177,-1.00055,3.16895e-05,32002.7,32013.5,31986.5,31997.3
4.439,0.2,0.5,-1,0.200087,0.00702995,0.500666,-0.0169281,-1.00055,3.06409e-05,32002.9,32013.8,31986.2,31997
4.44,0.2,0.5,-1,0.200094,0.00686807,0.50065,-0.016672,-1.00055,2.963e-05,32003.2,32014,31986,31996.8
4.441,0.2,0.5,-1,0.2001,0.00670543,0.500633,-0.0164092,-1.00055,2.8656e-05,32003.4,32014.3,31985.7,31996.6
4.442,0.2,0.5,-1,0.200107,0.00654222,0.500617,-0.0161401,-1.00055,2.77183e-05,32003.5,32014.5,31985.5,31996.4
4.443,0.2,0.5,-1,0.200113,0.0063786,0.500601,-0.0158653,-1.00055,2.68159e-05,32003.7,32014.7,31985.3,31996.3
4.444,0.2,0.5,-1,0.200119,0.00621475,0.500586,-0.0155852,-1.00055,2.59483e-05,32003.9,32014.9,31985.1,31996.1
4.445,0.2,0.5,-1,0.200125,0.00605082,0.50057,-0.0153002,-1.00055,2.51144e-05,32004.1,32015.1,31984.9,31995.9
4.446,0.2,0.5,-1,0.200131,0.00588699,0.500555,-0.0150109,-1.00055,2.43135e-05,32004.2,32015.2,31984.8,31995.8
4.447,0.2,0.5,-1,0.200137,0.00572341,0.500541,-0.0147176,-1.00055,2.35448e-05,32004.3,32015.4,31984.7,31995.6
4.448,0.2,0.5,-1,0.200143,0.00556021,0.500526,-0.0144207,-1.00055,2.28074e-05,32004.5,32015.5,31984.6,31995.5
4.449,0.2,0.5,-1,0.200148,0.00539754,0.500512,-0.0141208,-1.00055,2.21006e-05,32004.6,32015.5,31984.5,31995.4
4.45,0.2,0.5,-1,0.200153,0.00523554,0.500498,-0.0138181,-1.00055,2.14233e-05,32004.7,32015.6,31984.4,31995.3
4.451,0.2,0.5,-1,0.200158,0.00507434,0.500485,-0.013513,-1.00055,2.07748e-05,32004.8,32015.7,31984.3,31995.2
4.452,0.2,0.5,-1,0.200163,0.00491407,0.500472,-0.013206,-1.00055,2.01542e-05,32004.9,32015.7,31984.3,31995.1
4.453,0.2,0.5,-1,0.200168,0.00475483,0.500459,-0.0128974,-1.00055,1.95607e-05,32005,32015.7,31984.3,31995
4.454,0.2,0.5,-1,0.200173,0.00459675,0.500446,-0.0125875,-1.00055,1.89934e-05,32005.1,32015.7,31984.3,31994.9
4.455,0.2,0.5,-1,0.200177,0.00443994,0.500434,-0.0122767,-1.00055,1.84514e-05,32005.2,32015.7,31984.3,31994.8
4.456,0.2,0.5,-1,0.200181,0.0042845,0.500422,-0.0119654,-1.00055,1.79339e-05,32005.2,32015.7,31984.3,31994.8
4.457,0.2,0.5,-1,0.200185,0.00413053,0.50041,-0.0116537,-1.00055,1.74401e-05,32005.3,32015.6,31984.4,31994.7
4.458,0.2,0.5,-1,0.200189,0.00397812,0.500399,-0.0113421,-1.00055,1.69691e-05,32005.3,32015.6,31984.4,31994.6
4.459,0.2,0.5,-1,0.200193,0.00382737,0.500388,-0.0110308,-1.00055,1.65201e-05,32005.4,32015.5,31984.5,31994.6
4.46,0.2,0.5,-1,0.200197,0.00367835,0.500377,-0.0107201,-1.00055,1.60923e-05,32005.4,32015.4,31984.6,31994.6
4.461,0.2,0.5,-1,0.200201,0.00353115,0.500367,-0.0104104,-1.00055,1.56849e-05,32005.5,32015.4,31984.7,31994.5
4.462,0.2,0.5,-1,0.200204,0.00338584,0.500357,-0.0101018,-1.00055,1.52971e-05,32005.5,32015.2,31984.8,31994.5
4.463,0.2,0.5,-1,0.200207,0.0032425,0.500347,-0.00979454,-1.00055,1.49282e-05,32005.5,32015.1,31984.9,31994.5
4.464,0.2,0.5,-1,0.20021,0.00310119,0.500337,-0.00948898,-1.00055,1.45772e-05,32005.5,32015,31985,31994.5
4.465,0.2,0.5,-1,0.200213,0.00296197,0.500328,-0.00918529,-1.00055,1.42436e-05,32005.5,32014.9,31985.1,31994.5
4.466,0.2,0.5,-1,0.200216,0.00282489,0.500319,-0.00888371,-1.00055,1.39266e-05,32005.5,32014.7,31985.3,31994.5
4.467,0.2,0.5,-1,0.200219,0.00269002,0.500311,-0.00858444,-1.00055,1.36254e-05,32005.5,32014.6,31985.4,31994.5
4.468,0.2,0.5,-1,0.200221,0.00255741,0.500302,-0.00828769,-1.00055,1.33394e-05,32005.5,32014.4,31985.6,31994.5
4.469,0.2,0.5,-1,0.200224,0.00242709,0.500294,-0.00799365,-1.00055,1.30679e-05,32005.5,32014.3,31985.8,31994.5
4.47,0.2,0.5,-1,0.200226,0.00229912,0.500287,-0.00770251,-1.00055,1.28102e-05,32005.5,32014.1,31985.9,31994.5
4.471,0.2,0.5,-1,0.200228,0.00217352,0.500279,-0.00741443,-1.00055,1.25657e-05,32005.5,32013.9,31986.1,31994.5
4.472,0.2,0.5,-1,0.20023,0.00205034,0.500272,-0.00712958,-1.00055,1.23337e-05,32005.4,32013.7,31986.3,31994.6
4.473,0.2,0.5,-1,0.200232,0.00192961,0.500265,-0.00684812,-1.00055,1.21136e-05,32005.4,32013.5,31986.5,31994.6
4.474,0.2,0.5,-1,0.200234,0.00181134,0.500259,-0.0065702,-1.00055,1.1905e-05,32005.4,32013.3,31986.7,31994.6
4.475,0.2,0.5,-1,0.200236,0.00169557,0.500252,-0.00629595,-1.00055,1.17071e-05,32005.3,32013.1,31986.9,31994.7
4.476,0.2,0.5,-1,0.200237,0.00158233,0.500246,-0.0060255,-1.00055,1.15194e-05,32005.3,32012.9,31987.1,31994.7
4.477,0.2,0.5,-1,0.200239,0.00147161,0.500241,-0.00575898,-1.00055,1.13414e-05,32005.2,32012.7,31987.3,31994.8
4.478,0.2,0.5,-1,0.20024,0.00136345,0.500235,-0.0054965,-1.00055,1.11726e-05,32005.2,32012.4,31987.6,31994.8
4.479,0.2,0.5,-1,0.200241,0.00125785,0.50023,-0.00523816,-1.00055,1.10125e-05,32005.1,32012.2,31987.8,31994.9
4.48,0.2,0.5,-1,0.200242,0.00115483,0.500225,-0.00498406,-1.00055,1.08606e-05,32005.1,32012,31988,31994.9
4.481,0.2,0.5,-1,0.200244,0.00105438,0.50022,-0.0047343,-1.00055,1.07165e-05,32005,32011.8,31988.2,31995
4.482,0.2,0.5,-1,0.200245,0.00095651,0.500216,-0.00448895,-1.00055,1.05798e-05,32005,32011.5,31988.5,31995
4.483,0.2,0.5,-1,0.200245,0.000861226,0.500212,-0.0042481,-1.00055,1.04499e-05,32004.9,32011.3,31988.7,31995.1
4.484,0.2,0.5,-1,0.200246,0.000768522,0.500207,-0.0040118,-1.00055,1.03265e-05,32004.8,32011,31989,31995.2
4.485,0.2,0.5,-1,0.200247,0.000678396,0.500204,-0.00378013,-1.00055,1.02093e-05,32004.8,32010.8,31989.2,31995.2
4.486,0.2,0.5,-1,0.200247,0.000590841,0.5002,-0.00355314,-1.00055,1.00978e-05,32004.7,32010.6,31989.4,31995.3
4.487,0.2,0.5,-1,0.200248,0.000505848,0.500197,-0.00333088,-1.00055,9.9918e-06,32004.6,32010.3,31989.7,31995.4
4.488,0.2,0.5,-1,0.200248,0.000423408,0.500194,-0.00311338,-1.00055,9.89084e-06,32004.5,32010.1,31989.9,31995.5
4.489,0.2,0.5,-1,0.200249,0.000343506,0.500191,-0.00290069,-1.00055,9.79466e-06,32004.5,32009.8,31990.2,31995.5
4.49,0.2,0.5,-1,0.200249,0.00026613,0.500188,-0.00269284,-1.00055,9.70296e-06,32004.4,32009.6,31990.4,31995.6
4.491,0.2,0.5,-1,0.200249,0.000191262,0.500186,-0.00248986,-1.00055,9.61544e-06,32004.3,32009.3,31990.7,31995.7
4.492,0.2,0.5,-1,0.200249,0.000118883,0.500183,-0.00229175,-1.00055,9.53186e-06,32004.2,32009.1,31990.9,31995.8
4.493,0.2,0.5,-1,0.200249,4.8975e-05,0.500181,-0.00209855,-1.00055,9.45194e-06,32004.1,32008.8,31991.2,31995.9
4.494,0.2,0.5,-1,0.200249,-1.8485e-05,0.500179,-0.00191025,-1.00055,9.37546e-06,32004.1,32008.6,31991.4,31995.9
4.495,0.2,0.5,-1,0.200249,-8.352e-05,0.500178,-0.00172686,-1.00055,9.3022e-06,32004,32008.3,31991.7,31996
4.496,0.2,0.5,-1,0.200249,-0.000146154,0.500176,-0.00154838,-1.00055,9.23193e-06,32003.9,32008.1,31991.9,31996.1
4.497,0.2,0.5,-1,0.200249,-0.000206415,0.500175,-0.0013748,-1.00055,9.16446e-06,32003.8,32007.9,31992.1,31996.2
4.498,0.2,0.5,-1,0.200249,-0.000264328,0.500173,-0.00120612,-1.00055,9.09961e-06,32003.7,32007.6,31992.4,31996.3
4.499,0.2,0.5,-1,0.200248,-0.000319923,0.500172,-0.00104232,-1.00055,9.0372e-06,32003.6,32007.4,31992.6,31996.4
4.5,0.2,0.5,-1,0.200248,-0.000373229,0.500172,-0.000883378,-1.00055,8.97707e-06,32003.5,32007.1,31992.9,31996.5
4.501,0.2,0.5,-1,0.200247,-0.000424279,0.500171,-0.000729278,-1.00055,8.91906e-06,32003.5,32006.9,31993.1,31996.5
4.502,0.2,0.5,-1,0.200247,-0.000473102,0.50017,-0.000579991,-1.00055,8.86303e-06,32003.4,32006.7,31993.3,31996.6
4.503,0.2,0.5,-1,0.200246,-0.000519734,0.50017,-0.000435488,-1.00055,8.80886e-06,32003.3,32006.4,31993.6,31996.7
4.504,0.2,0.5,-1,0.200246,-0.000564207,0.50017,-0.000295735,-1.00055,8.75642e-06,32003.2,32006.2,31993.8,31996.8
4.505,0.2,0.5,-1,0.200245,-0.000606556,0.500169,-0.000160696,-1.00055,8.7056e-06,32003.1,32006,31994,31996.9
4.506,0.2,0.5,-1,0.200245,-0.000646817,0.500169,-3.03309e-05,-1.00055,8.65629e-06,32003,32005.7,31994.3,31997
4.507,0.2,0.5,-1,0.200244,-0.000685025,0.500169,9.54027e-05,-1.00055,8.60839e-06,32002.9,32005.5,31994.5,31997.1
4.508,0.2,0.5,-1,0.200243,-0.000721219,0.50017,0.000216551,-1.00055,8.56182e-06,32002.9,32005.3,31994.7,31997.1
4.509,0.2,0.5,-1,0.200242,-0.000755435,0.50017,0.000333162,-1.00055,8.5165e-06,32002.8,32005.1,31994.9,31997.2
4.51,0.2,0.5,-1,0.200242,-0.000787712,0.50017,0.000445286,-1.00055,8.47234e-06,32002.7,32004.8,31995.2,31997.3
4.511,0.2,0.5,-1,0.200241,-0.000818088,0.500171,0.000552978,-1.00055,8.42929e-06,32002.6,32004.6,31995.4,31997.4
4.512,0.2,0.5,-1,0.20024,-0.000846601,0.500172,0.000656293,-1.00055,8.38728e-06,32002.5,32004.4,31995.6,31997.5
4.513,0.2,0.5,-1,0.200239,-0.000873292,0.500172,0.000755289,-1.00055,8.34625e-06,32002.4,32004.2,31995.8,31997.6
4.514,0.2,0.5,-1,0.200238,-0.0008982,0.500173,0.000850026,-1.00055,8.30615e-06,32002.3,32004,31996,31997.7
4.515,0.2,0.5,-1,0.200237,-0.000921365,0.500174,0.000940566,-1.00055,8.26694e-06,32002.3,32003.8,31996.2,31997.7
4.516,0.2,0.5,-1,0.200236,-0.000942827,0.500175,0.00102697,-1.00055,8.22857e-06,32002.2,32003.6,31996.4,31997.8
4.517,0.2,0.5,-1,0.200235,-0.000962627,0.500176,0.00110931,-1.00055,8.19101e-06,32002.1,32003.4,31996.6,31997.9
4.518,0.2,0.5,-1,0.200234,-0.000980805,0.500177,0.00118765,-1.00055,8.15422e-06,32002,32003.2,31996.8,31998
4.519,0.2,0.5,-1,0.200233,-0.000997401,0.500179,0.00126205,-1.00055,8.11817e-06,32001.9,32003.1,31996.9,31998.1
4.52,0.2,0.5,-1,0.200232,-0.00101246,0.50018,0.00133259,-1.00055,8.08283e-06,32001.9,32002.9,31997.1,31998.1
4.521,0.2,0.5,-1,0.200231,-0.00102601,0.500181,0.00139934,-1.00055,8.04819e-06,32001.8,32002.7,31997.3,31998.2
4.522,0.2,0.5,-1,0.20023,-0.00103811,0.500183,0.00146237,-1.00055,8.01422e-06,32001.7,32002.5,31997.5,31998.3
4.523,0.2,0.5,-1,0.200229,-0.00104879,0.500184,0.00152175,-1.00055,7.98091e-06,32001.6,32002.4,31997.6,31998.4
4.524,0.2,0.5,-1,0.200228,-0.00105809,0.500186,0.00157756,-1.00055,7.94822e-06,32001.6,32002.2,31997.8,31998.4
4.525,0.2,0.5,-1,0.200227,-0.00106605,0.500188,0.00162986,-1.00055,7.91617e-06,32001.5,32002,31998,31998.5
4.526,0.2,0.5,-1,0.200226,-0.00107271,0.500189,0.00167874,-1.00055,7.88472e-06,32001.4,32001.9,31998.1,31998.6
4.527,0.2,0.5,-1,0.200225,-0.00107812,0.500191,0.00172428,-1.00055,7.85388e-06,32001.3,32001.7,31998.3,31998.7
4.528,0.2,0.5,-1,0.200224,-0.00108231,0.500193,0.00176654,-1.00055,7.82362e-06,32001.3,32001.6,31998.4,31998.7
4.529,0.2,0.5,-1,0.200223,-0.00108532,0.500195,0.00180561,-1.00055,7.79395e-06,32001.2,32001.4,31998.6,31998.8
4.53,0.2,0.5,-1,0.200222,-0.00108719,0.500196,0.00184155,-1.00055,7.76486e-06,32001.1,32001.3,31998.7,31998.9
4.531,0.2,0.5,-1,0.200221,-0.00108797,0.500198,0.00187446,-1.00055,7.73634e-06,32001.1,32001.1,31998.9,31998.9
4.532,0.2,0.5,-1,0.20022,-0.00108768,0.5002,0.0019044,-1.00055,7.7084e-06,32001,32001,31999,31999
4.533,0.2,0.5,-1,0.200219,-0.00108636,0.500202,0.00193146,-1.00055,7.68101e-06,32001,32000.9,31999.1,31999
4.534,0.2,0.5,-1,0.200217,-0.00108406,0.500204,0.0019557,-1.00055,7.65419e-06,32000.9,32000.7,31999.3,31999.1
4.535,0.2,0.5,-1,0.200216,-0.00108082,0.500206,0.00197722,-1.00055,7.62792e-06,32000.8,32000.6,31999.4,31999.2
4.536,0.2,0.5,-1,0.200215,-0.00107666,0.500208,0.00199607,-1.00055,7.60221e-06,32000.8,32000.5,31999.5,31999.2
4.537,0.2,0.5,-1,0.200214,-0.00107162,0.50021,0.00201235,-1.00055,7.57706e-06,32000.7,32000.4,31999.6,31999.3
4.538,0.2,0.5,-1,0.200213,-0.00106575,0.500212,0.00202613,-1.00055,7.55246e-06,32000.7,32000.3,31999.7,31999.3
4.539,0.2,0.5,-1,0.200212,-0.00105908,0.500214,0.00203748,-1.00055,7.5284e-06,32000.6,32000.2,31999.8,31999.4
4.54,0.2,0.5,-1,0.200211,-0.00105163,0.500216,0.00204649,-1.00055,7.5049e-06,32000.6,32000.1,31999.9,31999.4
4.541,0.2,0.5,-1,0.20021,-0.00104346,0.500218,0.00205322,-1.00055,7.48194e-06,32000.5,32000,32000,31999.5
4.542,0.2,0.5,-1,0.200209,-0.00103458,0.50022,0.00205774,-1.00055,7.45953e-06,32000.4,31999.9,32000.1,31999.5
4.543,0.2,0.5,-1,0.200208,-0.00102504,0.500222,0.00206015,-1.00055,7.43766e-06,32000.4,31999.8,32000.2,31999.6
4.544,0.2,0.5,-1,0.200207,-0.00101486,0.500224,0.0020605,-1.00055,7.41633e-06,32000.4,31999.7,32000.3,31999.6
4.545,0.2,0.5,-1,0.200206,-0.00100409,0.500227,0.00205888,-1.00055,7.39553e-06,32000.3,31999.6,32000.4,31999.7
4.546,0.2,0.5,-1,0.200205,-0.00099274,0.500229,0.00205534,-1.00055,7.37527e-06,32000.3,31999.5,32000.5,31999.7
4.547,0.2,0.5,-1,0.200204,-0.000980856,0.500231,0.00204998,-1.00055,7.35555e-06,32000.2,31999.4,32000.6,31999.8
4.548,0.2,0.5,-1,0.200203,-0.000968465,0.500233,0.00204284,-1.00055,7.33635e-06,32000.2,31999.3,32000.7,31999.8
4.549,0.2,0.5,-1,0.200202,-0.000955596,0.500235,0.00203402,-1.00055,7.31767e-06,32000.1,31999.3,32000.7,31999.9
4.55,0.2,0.5,-1,0.200201,-0.000942278,0.500237,0.00202357,-1.00055,7.29952e-06,32000.1,31999.2,32000.8,31999.9
4.551,0.2,0.5,-1,0.2002,-0.000928541,0.500239,0.00201156,-1.00055,7.28188e-06,32000.1,31999.1,32000.9,31999.9
4.552,0.2,0.5,-1,0.200199,-0.000914413,0.500241,0.00199806,-1.00055,7.26475e-06,32000,31999.1,32000.9,32000
4.553,0.2,0.5,-1,0.200198,-0.00089992,0.500243,0.00198313,-1.00055,7.24813e-06,32000,31999,32001,32000
4.554,0.2,0.5,-1,0.200197,-0.00088509,0.500245,0.00196685,-1.00055,7.23201e-06,32000,31999,32001,32000
4.555,0.2,0.5,-1,0.200197,-0.000869949,0.500247,0.00194927,-1.00055,7.21638e-06,31999.9,31998.9,32001.1,32000.1
4.556,0.2,0.5,-1,0.200196,-0.000854523,0.500249,0.00193046,-1.00055,7.20124e-06,31999.9,31998.9,32001.1,32000.1
4.557,0.2,0.5,-1,0.200195,-0.000838836,0.500251,0.00191048,-1.00055,7.18659e-06,31999.9,31998.8,32001.2,32000.1
4.558,0.2,0.5,-1,0.200194,-0.000822912,0.500252,0.00188939,-1.00055,7.1724e-06,31999.8,31998.8,32001.2,32000.2
4.559,0.2,0.5,-1,0.200193,-0.000806775,0.500254,0.00186725,-1.00055,7.15869e-06,31999.8,31998.7,32001.3,32000.2
4.56,0.2,0.5,-1,0.200192,-0.000790449,0.500256,0.00184412,-1.00055,7.14544e-06,31999.8,31998.7,32001.3,32000.2
4.561,0.2,0.5,-1,0.200192,-0.000773955,0.500258,0.00182005,-1.00055,7.13264e-06,31999.7,31998.6,32001.4,32000.3
4.562,0.2,0.5,-1,0.200191,-0.000757316,0.50026,0.00179511,-1.00055,7.12028e-06,31999.7,31998.6,32001.4,32000.3
4.563,0.2,0.5,-1,0.20019,-0.000740551,0.500261,0.00176935,-1.00055,7.10836e-06,31999.7,31998.6,32001.4,32000.3
4.564,0.2,0.5,-1,0.200189,-0.000723682,0.500263,0.00174281,-1.00055,7.09687e-06,31999.7,31998.5,32001.5,32000.3
4.565,0.2,0.5,-1,0.200189,-0.000706729,0.500265,0.00171557,-1.00055,7.0858e-06,31999.7,31998.5,32001.5,32000.3
4.566,0.2,0.5,-1,0.200188,-0.00068971,0.500267,0.00168765,-1.00055,7.07513e-06,31999.6,31998.5,32001.5,32000.4
4.567,0.2,0.5,-1,0.200187,-0.000672645,0.500268,0.00165913,-1.00055,7.06487e-06,31999.6,31998.5,32001.5,32000.4
4.568,0.2,0.5,-1,0.200187,-0.00065555,0.50027,0.00163003,-1.00055,7.055e-06,31999.6,31998.4,32001.6,32000.4
4.569,0.2,0.5,-1,0.200186,-0.000638444,0.500272,0.00160043,-1.00055,7.04552e-06,31999.6,31998.4,32001.6,32000.4
4.57,0.2,0.5,-1,0.200186,-0.000621343,0.500273,0.00157035,-1.00055,7.0364e-06,31999.6,31998.4,32001.6,32000.4
4.571,0.2,0.5,-1,0.200185,-0.000604263,0.500275,0.00153984,-1.00055,7.02765e-06,31999.5,31998.4,32001.6,32000.5
4.572,0.2,0.5,-1,0.200184,-0.00058722,0.500276,0.00150896,-1.00055,7.01925e-06,31999.5,31998.4,32001.6,32000.5
4.573,0.2,0.5,-1,0.200184,-0.000570229,0.500278,0.00147774,-1.00055,7.0112e-06,31999.5,31998.4,32001.6,32000.5
4.574,0.2,0.5,-1,0.200183,-0.000553304,0.500279,0.00144622,-1.00055,7.00348e-06,31999.5,31998.4,32001.6,32000.5
4.575,0.2,0.5,-1,0.200183,-0.000536458,0.50028,0.00141445,-1.00055,6.99609e-06,31999.5,31998.4,32001.6,32000.5
4.576,0.2,0.5,-1,0.200182,-0.000519705,0.500282,0.00138246,-1.00055,6.98901e-06,31999.5,31998.4,32001.6,32000.5
4.577,0.2,0.5,-1,0.200182,-0.000503058,0.500283,0.00135029,-1.00055,6.98223e-06,31999.5,31998.4,32001.6,32000.5
4.578,0.2,0.5,-1,0.200181,-0.000486529,0.500285,0.00131799,-1.00055,6.97575e-06,31999.5,31998.4,32001.6,32000.5
4.579,0.2,0.5,-1,0.200181,-0.000470128,0.500286,0.00128558,-1.00055,6.96956e-06,31999.5,31998.4,32001.6,32000.5
4.58,0.2,0.5,-1,0.20018,-0.000453868,0.500287,0.00125309,-1.00055,6.96364e-06,31999.5,31998.4,32001.6,32000.5
4.581,0.2,0.5,-1,0.20018,-0.000437759,0.500288,0.00122058,-1.00055,6.95799e-06,31999.4,31998.4,32001.6,32000.6
4.582,0.2,0.5,-1,0.200179,-0.00042181,0.500289,0.00118805,-1.00055,6.95259e-06,31999.4,31998.4,32001.6,32000.6
4.583,0.2,0.5,-1,0.200179,-0.000406031,0.500291,0.00115556,-1.00055,6.94745e-06,31999.4,31998.4,32001.6,32000.6
4.584,0.2,0.5,-1,0.200179,-0.000390432,0.500292,0.00112312,-1.00055,6.94254e-06,31999.4,31998.4,32001.6,32000.6
4.585,0.2,0.5,-1,0.200178,-0.00037502,0.500293,0.00109076,-1.00055,6.93786e-06,31999.4,31998.4,32001.6,32000.6
4.586,0.2,0.5,-1,0.200178,-0.000359803,0.500294,0.00105852,-1.00055,6.9334e-06,31999.4,31998.4,32001.6,32000.6
4.587,0.2,0.5,-1,0.200177,-0.000344789,0.500295,0.00102642,-1.00055,6.92916e-06,31999.4,31998.4,32001.6,32000.6
4.588,0.2,0.5,-1,0.200177,-0.000329986,0.500296,0.000994484,-1.00055,6.92512e-06,31999.4,31998.4,32001.6,32000.6
4.589,0.2,0.5,-1,0.200177,-0.000315399,0.500297,0.000962739,-1.00055,6.92127e-06,31999.4,31998.4,32001.6,32000.6
4.59,0.2,0.5,-1,0.200177,-0.000301035,0.500298,0.000931207,-1.00055,6.91761e-06,31999.4,31998.5,32001.5,32000.6
4.591,0.2,0.5,-1,0.200176,-0.000286899,0.500299,0.00089991,-1.00055,6.91412e-06,31999.4,31998.5,32001.5,32000.6
4.592,0.2,0.5,-1,0.200176,-0.000272997,0.5003,0.000868871,-1.00055,6.91081e-06,31999.4,31998.5,32001.5,32000.6
4.593,0.2,0.5,-1,0.200176,-0.000259334,0.5003,0.00083811,-1.00055,6.90766e-06,31999.4,31998.5,32001.5,32000.6
4.594,0.2,0.5,-1,0.200175,-0.000245914,0.500301,0.000807645,-1.00055,6.90467e-06,31999.4,31998.5,32001.5,32000.6
4.595,0.2,0.5,-1,0.200175,-0.000232742,0.500302,0.000777496,-1.00055,6.90183e-06,31999.4,31998.5,32001.5,32000.6
4.596,0.2,0.5,-1,0.200175,-0.00021982,0.500303,0.00074768,-1.00055,6.89912e-06,31999.4,31998.6,32001.4,32000.6
4.597,0.2,0.5,-1,0.200175,-0.000207153,0.500303,0.000718213,-1.00055,6.89656e-06,31999.4,31998.6,32001.4,32000.6
4.598,0.2,0.5,-1,0.200175,-0.000194743,0.500304,0.000689111,-1.00055,6.89412e-06,31999.4,31998.6,32001.4,32000.6
4.599,0.2,0.5,-1,0.200174,-0.000182593,0.500305,0.000660389,-1.00055,6.8918e-06,31999.4,31998.6,32001.4,32000.6
4.6,0.2,0.5,-1,0.200174,-0.000170705,0.500305,0.00063206,-1.00055,6.88959e-06,31999.4,31998.6,32001.4,32000.6
4.601,0.2,0.5,-1,0.200174,-0.000159081,0.500306,0.000604138,-1.00055,6.8875e-06,31999.5,31998.7,32001.3,32000.5
4.602,0.2,0.5,-1,0.200174,-0.000147724,0.500307,0.000576634,-1.00055,6.88551e-06,31999.5,31998.7,32001.3,32000.5
4.603,0.2,0.5,-1,0.200174,-0.000136633,0.500307,0.000549559,-1.00055,6.88362e-06,31999.5,31998.7,32001.3,32000.5
4.604,0.2,0.5,-1,0.200174,-0.000125811,0.500308,0.000522925,-1.00055,6.88182e-06,31999.5,31998.7,32001.3,32000.5
4.605,0.2,0.5,-1,0.200174,-0.000115257,0.500308,0.00049674,-1.00055,6.88011e-06,31999.5,31998.8,32001.2,32000.5
4.606,0.2,0.5,-1,0.200173,-0.000104973,0.500309,0.000471014,-1.00055,6.87848e-06,31999.5,31998.8,32001.2,32000.5
4.607,0.2,0.5,-1,0.200173,-9.49581e-05,0.500309,0.000445755,-1.00055,6.87693e-06,31999.5,31998.8,32001.2,32000.5
4.608,0.2,0.5,-1,0.200173,-8.52129e-05,0.50031,0.00042097,-1.00055,6.87545e-06,31999.5,31998.8,32001.2,32000.5
4.609,0.2,0.5,-1,0.200173,-7.57367e-05,0.50031,0.000396666,-1.00055,6.87404e-06,31999.5,31998.9,32001.1,32000.5
4.61,0.2,0.5,-1,0.200173,-6.6529e-05,0.50031,0.000372848,-1.00055,6.8727e-06,31999.5,31998.9,32001.1,32000.5
4.611,0.2,0.5,-1,0.200173,-5.7589e-05,0.500311,0.000349523,-1.00055,6.87142e-06,31999.5,31998.9,32001.1,32000.5
4.612,0.2,0.5,-1,0.200173,-4.89157e-05,0.500311,0.000326694,-1.00055,6.8702e-06,31999.5,31998.9,32001.1,32000.5
4.613,0.2,0.5,-1,0.200173,-4.05076e-05,0.500311,0.000304367,-1.00055,6.86903e-06,31999.5,31999,32001,32000.5
4.614,0.2,0.5,-1,0.200173,-3.23635e-05,0.500312,0.000282543,-1.00055,6.86791e-06,31999.5,31999,32001,32000.5
4.615,0.2,0.5,-1,0.200173,-2.44817e-05,0.500312,0.000261226,-1.00055,6.86684e-06,31999.5,31999,32001,32000.5
4.616,0.2,0.5,-1,0.200173,-1.68601e-05,0.500312,0.000240418,-1.00055,6.86581e-06,31999.6,31999,32001,32000.4
4.617,0.2,0.5,-1,0.200173,-9.49695e-06,0.500312,0.000220121,-1.00055,6.86483e-06,31999.6,31999.1,32000.9,32000.4
4.618,0.2,0.5,-1,0.200173,-2.38987e-06,0.500313,0.000200335,-1.00055,6.86388e-06,31999.6,31999.1,32000.9,32000.4
4.619,0.2,0.5,-1,0.200173,4.46348e-06,0.500313,0.000181062,-1.00055,6.86297e-06,31999.6,31999.1,32000.9,32000.4
4.62,0.2,0.5,-1,0.200173,1.10656e-05,0.500313,0.000162301,-1.00055,6.8621e-06,31999.6,31999.1,32000.9,32000.4
4.621,0.2,0.5,-1,0.200173,1.74193e-05,0.500313,0.000144053,-1.00055,6.86126e-06,31999.6,31999.2,32000.8,32000.4
4.622,0.2,0.5,-1,0.200173,2.35272e-05,0.500313,0.000126315,-1.00055,6.86044e-06,31999.6,31999.2,32000.8,32000.4
4.623,0.2,0.5,-1,0.200173,2.93925e-05,0.500313,0.000109087,-1.00055,6.85966e-06,31999.6,31999.2,32000.8,32000.4
4.624,0.2,0.5,-1,0.200173,3.50181e-05,0.500313,9.23674e-05,-1.00055,6.8589e-06,31999.6,31999.2,32000.8,32000.4
4.625,0.2,0.5,-1,0.200173,4.04072e-05,0.500313,7.61531e-05,-1.00055,6.85816e-06,31999.6,31999.3,32000.7,32000.4
4.626,0.2,0.5,-1,0.200173,4.55632e-05,0.500313,6.04419e-05,-1.00055,6.85745e-06,31999.6,31999.3,32000.7,32000.4
4.627,0.2,0.5,-1,0.200173,5.04895e-05,0.500314,4.52307e-05,-1.00055,6.85676e-06,31999.7,31999.3,32000.7,32000.3
4.628,0.2,0.5,-1,0.200173,5.51897e-05,0.500314,3.05162e-05,-1.00055,6.85609e-06,31999.7,31999.3,32000.7,32000.3
4.629,0.2,0.5,-1,0.200173,5.96672e-05,0.500314,1.62947e-05,-1.00055,6.85544e-06,31999.7,31999.4,32000.6,32000.3
4.63,0.2,0.5,-1,0.200173,6.39258e-05,0.500314,2.56214e-06,-1.00055,6.8548e-06,31999.7,31999.4,32000.6,32000.3
4.631,0.2,0.5,-1,0.200173,6.79693e-05,0.500314,-1.0686e-05,-1.00055,6.85418e-06,31999.7,31999.4,32000.6,32000.3
4.632,0.2,0.5,-1,0.200173,7.18014e-05,0.500314,-2.34542e-05,-1.00055,6.85358e-06,31999.7,31999.4,32000.6,32000.3
4.633,0.2,0.5,-1,0.200174,7.54262e-05,0.500313,-3.57476e-05,-1.00055,6.85299e-06,31999.7,31999.5,32000.5,32000.3
4.634,0.2,0.5,-1,0.200174,7.88475e-05,0.500313,-4.75715e-05,-1.00055,6.85241e-06,31999.7,31999.5,32000.5,32000.3
4.635,0.2,0.5,-1,0.200174,8.20693e-05,0.500313,-5.89312e-05,-1.00055,6.85185e-06,31999.7,31999.5,32000.5,32000.3
4.636,0.2,0.5,-1,0.200174,8.50958e-05,0.500313,-6.98326e-05,-1.00055,6.85129e-06,31999.7,31999.5,32000.5,32000.3
4.637,0.2,0.5,-1,0.200174,8.79309e-05,0.500313,-8.02817e-05,-1.00055,6.85075e-06,31999.7,31999.6,32000.4,32000.3
4.638,0.2,0.5,-1,0.200174,9.05789e-05,0.500313,-9.02846e-05,-1.00055,6.85022e-06,31999.8,31999.6,32000.4,32000.2
4.639,0.2,0.5,-1,0.200174,9.30439e-05,0.500313,-9.98479e-05,-1.00055,6.8497e-06,31999.8,31999.6,32000.4,32000.2
4.64,0.2,0.5,-1,0.200174,9.53301e-05,0.500313,-0.000108978,-1.00055,6.84919e-06,31999.8,31999.6,32000.4,32000.2
4.641,0.2,0.5,-1,0.200174,9.74417e-05,0.500313,-0.000117682,-1.00055,6.84869e-06,31999.8,31999.6,32000.4,32000.2
4.642,0.2,0.5,-1,0.200174,9.93829e-05,0.500313,-0.000125966,-1.00055,6.8482e-06,31999.8,31999.7,32000.3,32000.2
4.643,0.2,0.5,-1,0.200174,0.000101158,0.500313,-0.000133838,-1.00055,6.84771e-06,31999.8,31999.7,32000.3,32000.2
4.644,0.2,0.5,-1,0.200175,0.000102771,0.500312,-0.000141305,-1.00055,6.84724e-06,31999.8,31999.7,32000.3,32000.2
4.645,0.2,0.5,-1,0.200175,0.000104227,0.500312,-0.000148374,-1.00055,6.84677e-06,31999.8,31999.7,32000.3,32000.2
4.646,0.2,0.5,-1,0.200175,0.000105529,0.500312,-0.000155053,-1.00055,6.84631e-06,31999.8,31999.7,32000.3,32000.2
4.647,0.2,0.5,-1,0.200175,0.000106682,0.500312,-0.00016135,-1.00055,6.84585e-06,31999.8,31999.7,32000.3,32000.2
4.648,0.2,0.5,-1,0.200175,0.00010769,0.500312,-0.000167271,-1.00055,6.84541e-06,31999.8,31999.8,32000.2,32000.2
4.649,0.2,0.5,-1,0.200175,0.000108557,0.500312,-0.000172825,-1.00055,6.84497e-06,31999.8,31999.8,32000.2,32000.2
4.65,0.2,0.5,-1,0.200175,0.000109288,0.500311,-0.000178019,-1.00055,6.84454e-06,31999.9,31999.8,32000.2,32000.1
4.651,0.2,0.5,-1,0.200175,0.000109887,0.500311,-0.000182863,-1.00055,6.84411e-06,31999.9,31999.8,32000.2,32000.1
4.652,0.2,0.5,-1,0.200175,0.000110357,0.500311,-0.000187362,-1.00055,6.84369e-06,31999.9,31999.8,32000.2,32000.1
4.653,0.2,0.5,-1,0.200176,0.000110703,0.500311,-0.000191526,-1.00055,6.84328e-06,31999.9,31999.8,32000.2,32000.1
4.654,0.2,0.5,-1,0.200176,0.000110929,0.500311,-0.000195362,-1.00055,6.84287e-06,31999.9,31999.9,32000.1,32000.1
4.655,0.2,0.5,-1,0.200176,0.00011104,0.50031,-0.000198879,-1.00055,6.84248e-06,31999.9,31999.9,32000.1,32000.1
4.656,0.2,0.5,-1,0.200176,0.000111038,0.50031,-0.000202084,-1.00055,6.84208e-06,31999.9,31999.9,32000.1,32000.1
4.657,0.2,0.5,-1,0.200176,0.000110929,0.50031,-0.000204986,-1.00055,6.8417e-06,31999.9,31999.9,32000.1,32000.1
4.658,0.2,0.5,-1,0.200176,0.000110716,0.50031,-0.000207593,-1.00055,6.84131e-06,31999.9,31999.9,32000.1,32000.1
4.659,0.2,0.5,-1,0.200176,0.000110403,0.50031,-0.000209912,-1.00055,6.84094e-06,31999.9,31999.9,32000.1,32000.1
4.66,0.2,0.5,-1,0.200176,0.000109994,0.500309,-0.000211953,-1.00055,6.84057e-06,31999.9,31999.9,32000.1,32000.1
4.661,0.2,0.5,-1,0.200176,0.000109492,0.500309,-0.000213722,-1.00055,6.84021e-06,31999.9,32000,32000,32000.1
4.662,0.2,0.5,-1,0.200177,0.000108902,0.500309,-0.000215227,-1.00055,6.83985e-06,31999.9,32000,32000,32000.1
4.663,0.2,0.5,-1,0.200177,0.000108227,0.500309,-0.000216478,-1.00055,6.8395e-06,31999.9,32000,32000,32000.1
4.664,0.2,0.5,-1,0.200177,0.000107471,0.500309,-0.000217481,-1.00055,6.83916e-06,31999.9,32000,32000,32000.1
4.665,0.2,0.5,-1,0.200177,0.000106638,0.500308,-0.000218245,-1.00055,6.83882e-06,31999.9,32000,32000,32000.1
4.666,0.2,0.5,-1,0.200177,0.00010573,0.500308,-0.000218778,-1.00055,6.83849e-06,32000,32000,32000,32000
4.667,0.2,0.5,-1,0.200177,0.000104753,0.500308,-0.000219086,-1.00055,6.83817e-06,32000,32000,32000,32000
4.668,0.2,0.5,-1,0.200177,0.000103708,0.500308,-0.000219179,-1.00055,6.83785e-06,32000,32000,32000,32000
4.669,0.2,0.5,-1,0.200177,0.0001026,0.500307,-0.000219063,-1.00055,6.83753e-06,32000,32000,32000,32000
4.67,0.2,0.5,-1,0.200177,0.000101431,0.500307,-0.000218746,-1.00055,6.83722e-06,32000,32000,32000,32000
4.671,0.2,0.5,-1,0.200177,0.000100205,0.500307,-0.000218235,-1.00055,6.83692e-06,32000,32000.1,31999.9,32000
4.672,0.2,0.5,-1,0.200178,9.89258e-05,0.500307,-0.000217539,-1.00055,6.83663e-06,32000,32000.1,31999.9,32000
4.673,0.2,0.5,-1,0.200178,9.75957e-05,0.500307,-0.000216664,-1.00055,6.83634e-06,32000,32000.1,31999.9,32000
4.674,0.2,0.5,-1,0.200178,9.6218e-05,0.500306,-0.000215617,-1.00055,6.83605e-06,32000,32000.1,31999.9,32000
4.675,0.2,0.5,-1,0.200178,9.47957e-05,0.500306,-0.000214406,-1.00055,6.83577e-06,32000,32000.1,31999.9,32000
4.676,0.2,0.5,-1,0.200178,9.33318e-05,0.500306,-0.000213037,-1.00055,6.8355e-06,32000,32000.1,31999.9,32000
4.677,0.2,0.5,-1,0.200178,9.18292e-05,0.500306,-0.000211518,-1.00055,6.83523e-06,32000,32000.1,31999.9,32000
4.678,0.2,0.5,-1,0.200178,9.02906e-05,0.500306,-0.000209856,-1.00055,6.83497e-06,32000,32000.1,31999.9,32000
4.679,0.2,0.5,-1,0.200178,8.87189e-05,0.500305,-0.000208056,-1.00055,6.83471e-06,32000,32000.1,31999.9,32000
4.68,0.2,0.5,-1,0.200178,8.71166e-05,0.500305,-0.000206126,-1.00055,6.83446e-06,32000,32000.1,31999.9,32000
4.681,0.2,0.5,-1,0.200178,8.54865e-05,0.500305,-0.000204073,-1.00055,6.83421e-06,32000,32000.1,31999.9,32000
4.682,0.2,0.5,-1,0.200178,8.38311e-05,0.500305,-0.000201902,-1.00055,6.83397e-06,32000,32000.1,31999.9,32000
4.683,0.2,0.5,-1,0.200179,8.21528e-05,0.500305,-0.000199619,-1.00055,6.83374e-06,32000,32000.1,31999.9,32000
4.684,0.2,0.5,-1,0.200179,8.0454e-05,0.500304,-0.000197232,-1.00055,6.83351e-06,32000,32000.1,31999.9,32000
4.685,0.2,0.5,-1,0.200179,7.87372e-05,0.500304,-0.000194746,-1.00055,6.83328e-06,32000,32000.1,31999.9,32000
4.686,0.2,0.5,-1,0.200179,7.70045e-05,0.500304,-0.000192166,-1.00055,6.83306e-06,32000,32000.1,31999.9,32000
4.687,0.2,0.5,-1,0.200179,7.52583e-05,0.500304,-0.0001895,-1.00055,6.83284e-06,32000,32000.1,31999.9,32000
4.688,0.2,0.5,-1,0.200179,7.35006e-05,0.500304,-0.000186751,-1.00055,6.83263e-06,32000,32000.2,31999.8,32000
4.689,0.2,0.5,-1,0.200179,7.17336e-05,0.500303,-0.000183927,-1.00055,6.83243e-06,32000,32000.2,31999.8,32000
4.69,0.2,0.5,-1,0.200179,6.99592e-05,0.500303,-0.000181032,-1.00055,6.83222e-06,32000,32000.2,31999.8,32000
4.691,0.2,0.5,-1,0.200179,6.81794e-05,0.500303,-0.000178071,-1.00055,6.83203e-06,32000,32000.2,31999.8,32000
4.692,0.2,0.5,-1,0.200179,6.63962e-05,0.500303,-0.00017505,-1.00055,6.83183e-06,32000,32000.2,31999.8,32000
4.693,0.2,0.5,-1,0.200179,6.46112e-05,0.500303,-0.000171974,-1.00055,6.83164e-06,32000,32000.2,31999.8,32000
4.694,0.2,0.5,-1,0.200179,6.28263e-05,0.500302,-0.000168848,-1.00055,6.83146e-06,32000,32000.2,31999.8,32000
4.695,0.2,0.5,-1,0.200179,6.10432e-05,0.500302,-0.000165675,-1.00055,6.83128e-06,32000,32000.2,31999.8,32000
4.696,0.2,0.5,-1,0.200179,5.92635e-05,0.500302,-0.000162462,-1.00055,6.8311e-06,32000,32000.2,31999.8,32000
4.697,0.2,0.5,-1,0.20018,5.74888e-05,0.500302,-0.000159213,-1.00055,6.83093e-06,32000,32000.2,31999.8,32000
4.698,0.2,0.5,-1,0.20018,5.57206e-05,0.500302,-0.000155932,-1.00055,6.83076e-06,32000.1,32000.2,31999.8,31999.9
4.699,0.2,0.5,-1,0.20018,5.39603e-05,0.500302,-0.000152623,-1.00055,6.83059e-06,32000.1,32000.2,31999.8,31999.9
4.7,0.2,0.5,-1,0.20018,5.22094e-05,0.500302,-0.00014929,-1.00055,6.83043e-06,32000.1,32000.2,31999.8,31999.9
4.701,0.2,0.5,-1,0.20018,5.04692e-05,0.500301,-0.000145938,-1.00055,6.83027e-06,32000.1,32000.2,31999.8,31999.9
4.702,0.2,0.5,-1,0.20018,4.87409e-05,0.500301,-0.00014257,-1.00055,6.83011e-06,32000.1,32000.2,31999.8,31999.9
4.703,0.2,0.5,-1,0.20018,4.70258e-05,0.500301,-0.00013919,-1.00055,6.82996e-06,32000.1,32000.2,31999.8,31999.9
4.704,0.2,0.5,-1,0.20018,4.5325e-05,0.500301,-0.000135802,-1.00055,6.82981e-06,32000.1,32000.2,31999.8,31999.9
4.705,0.2,0.5,-1,0.20018,4.36396e-05,0.500301,-0.000132409,-1.00055,6.82966e-06,32000.1,32000.2,31999.8,31999.9
4.706,0.2,0.5,-1,0.20018,4.19708e-05,0.500301,-0.000129014,-1.00055,6.82952e-06,32000.1,32000.2,31999.8,31999.9
4.707,0.2,0.5,-1,0.20018,4.03194e-05,0.500301,-0.000125622,-1.00055,6.82938e-06,32000.1,32000.2,31999.8,31999.9
4.708,0.2,0.5,-1,0.20018,3.86865e-05,0.5003,-0.000122235,-1.00055,6.82924e-06,32000.1,32000.2,31999.8,31999.9
4.709,0.2,0.5,-1,0.20018,3.70729e-05,0.5003,-0.000118856,-1.00055,6.8291e-06,32000.1,32000.2,31999.8,31999.9
4.71,0.2,0.5,-1,0.20018,3.54795e-05,0.5003,-0.000115488,-1.00055,6.82897e-06,32000.1,32000.2,31999.8,31999.9
4.711,0.2,0.5,-1,0.20018,3.39071e-05,0.5003,-0.000112134,-1.00055,6.82884e-06,32000.1,32000.2,31999.8,31999.9
4.712,0.2,0.5,-1,0.20018,3.23565e-05,0.5003,-0.000108796,-1.00055,6.82871e-06,32000.1,32000.2,31999.8,31999.9
4.713,0.2,0.5,-1,0.20018,3.08282e-05,0.5003,-0.000105478,-1.00055,6.82858e-06,32000.1,32000.2,31999.8,31999.9
4.714,0.2,0.5,-1,0.20018,2.93231e-05,0.5003,-0.000102181,-1.00055,6.82845e-06,32000.1,32000.2,31999.8,31999.9
4.715,0.2,0.5,-1,0.20018,2.78416e-05,0.5003,-9.89082e-05,-1.00055,6.82833e-06,32000.1,32000.2,31999.8,31999.9
4.716,0.2,0.5,-1,0.20018,2.63844e-05,0.5003,-9.56617e-05,-1.00055,6.82821e-06,32000.1,32000.2,31999.8,31999.9
4.717,0.2,0.5,-1,0.20018,2.4952e-05,0.5003,-9.24436e-05,-1.00055,6.82809e-06,32000.1,32000.2,31999.8,31999.9
4.718,0.2,0.5,-1,0.20018,2.35448e-05,0.500299,-8.9256e-05,-1.00055,6.82797e-06,32000.1,32000.2,31999.8,31999.9
4.719,0.2,0.5,-1,0.20018,2.21633e-05,0.500299,-8.61008e-05,-1.00055,6.82786e-06,32000.1,32000.2,31999.8,31999.9
4.72,0.2,0.5,-1,0.20018,2.0808e-05,0.500299,-8.29799e-05,-1.00055,6.82774e-06,32000.1,32000.2,31999.8,31999.9
4.721,0.2,0.5,-1,0.20018,1.94791e-05,0.500299,-7.9895e-05,-1.00055,6.82763e-06,32000.1,32000.1,31999.9,31999.9
4.722,0.2,0.5,-1,0.20018,1.81769e-05,0.500299,-7.68478e-05,-1.00055,6.82752e-06,32000.1,32000.1,31999.9,31999.9
4.723,0.2,0.5,-1,0.20018,1.69018e-05,0.500299,-7.38398e-05,-1.00055,6.82741e-06,32000.1,32000.1,31999.9,31999.9
4.724,0.2,0.5,-1,0.20018,1.56541e-05,0.500299,-7.08725e-05,-1.00055,6.8273e-06,32000.1,32000.1,31999.9,31999.9
4.725,0.2,0.5,-1,0.20018,1.44338e-05,0.500299,-6.79472e-05,-1.00055,6.82719e-06,32000.1,32000.1,31999.9,31999.9
4.726,0.2,0.5,-1,0.200181,1.32412e-05,0.500299,-6.50653e-05,-1.00055,6.82709e-06,32000.1,32000.1,31999.9,31999.9
4.727,0.2,0.5,-1,0.200181,1.20765e-05,0.500299,-6.22279e-05,-1.00055,6.82698e-06,32000.1,32000.1,31999.9,31999.9
4.728,0.2,0.5,-1,0.200181,1.09398e-05,0.500299,-5.94362e-05,-1.00055,6.82688e-06,32000.1,32000.1,31999.9,31999.9
4.729,0.2,0.5,-1,0.200181,9.83107e-06,0.500299,-5.66911e-05,-1.00055,6.82677e-06,32000.1,32000.1,31999.9,31999.9
4.73,0.2,0.5,-1,0.200181,8.75046e-06,0.500299,-5.39937e-05,-1.00055,6.82667e-06,32000.1,32000.1,31999.9,31999.9
4.731,0.2,0.5,-1,0.200181,7.69797e-06,0.500299,-5.13447e-05,-1.00055,6.82657e-06,32000.1,32000.1,31999.9,31999.9
4.732,0.2,0.5,-1,0.200181,6.67361e-06,0.500299,-4.87451e-05,-1.00055,6.82647e-06,32000.1,32000.1,31999.9,31999.9
4.733,0.2,0.5,-1,0.200181,5.67734e-06,0.500298,-4.61954e-05,-1.00055,6.82637e-06,32000.1,32000.1,31999.9,31999.9
4.734,0.2,0.5,-1,0.200181,4.7091e-06,0.500298,-4.36964e-05,-1.00055,6.82627e-06,32000.1,32000.1,31999.9,31999.9
4.735,0.2,0.5,-1,0.200181,3.76883e-06,0.500298,-4.12486e-05,-1.00055,6.82617e-06,32000.1,32000.1,31999.9,31999.9
4.736,0.2,0.5,-1,0.200181,2.85641e-06,0.500298,-3.88525e-05,-1.00055,6.82607e-06,32000,32000.1,31999.9,32000
4.737,0.2,0.5,-1,0.200181,1.97172e-06,0.500298,-3.65085e-05,-1.00055,6.82597e-06,32000,32000.1,31999.9,32000
4.738,0.2,0.5,-1,0.200181,1.11461e-06,0.500298,-3.42171e-05,-1.00055,6.82588e-06,32000,32000.1,31999.9,32000
4.739,0.2,0.5,-1,0.200181,2.84921e-07,0.500298,-3.19785e-05,-1.00055,6.82578e-06,32000,32000.1,31999.9,32000
4.74,0.2,0.5,-1,0.200181,-5.17549e-07,0.500298,-2.9793e-05,-1.00055,6.82569e-06,32000,32000.1,31999.9,32000
4.741,0.2,0.5,-1,0.200181,-1.293e-06,0.500298,-2.76607e-05,-1.00055,6.82559e-06,32000,32000.1,31999.9,32000
4.742,0.2,0.5,-1,0.200181,-2.04167e-06,0.500298,-2.55818e-05,-1.00055,6.8255e-06,32000,32000.1,31999.9,32000
4.743,0.2,0.5,-1,0.200181,-2.76379e-06,0.500298,-2.35564e-05,-1.00055,6.8254e-06,32000,32000.1,31999.9,32000
4.744,0.2,0.5,-1,0.200181,-3.45962e-06,0.500298,-2.15845e-05,-1.00055,6.82531e-06,32000,32000.1,31999.9,32000
4.745,0.2,0.5,-1,0.200181,-4.12944e-06,0.500298,-1.9666e-05,-1.00055,6.82521e-06,32000,32000.1,31999.9,32000
4.746,0.2,0.5,-1,0.200181,-4.77355e-06,0.500298,-1.78008e-05,-1.00055,6.82512e-06,32000,32000.1,31999.9,32000
4.747,0.2,0.5,-1,0.200181,-5.39224e-06,0.500298,-1.59889e-05,-1.00055,6.82503e-06,32000,32000.1,31999.9,32000
4.748,0.2,0.5,-1,0.200181,-5.98584e-06,0.500298,-1.42301e-05,-1.00055,6.82493e-06,32000,32000.1,31999.9,32000
4.749,0.2,0.5,-1,0.200181,-6.55468e-06,0.500298,-1.25241e-05,-1.00055,6.82484e-06,32000,32000.1,31999.9,32000
4.75,0.2,0.5,-1,0.200181,-7.09909e-06,0.500298,-1.08706e-05,-1.00055,6.82475e-06,32000,32000.1,31999.9,32000
4.751,0.2,0.5,-1,0.200181,-7.61944e-06,0.500298,-9.26945e-06,-1.00055,6.82466e-06,32000,32000.1,31999.9,32000
4.752,0.2,0.5,-1,0.200181,-8.11609e-06,0.500298,-7.72022e-06,-1.00055,6.82457e-06,32000,32000.1,31999.9,32000
4.753,0.2,0.5,-1,0.200181,-8.5894e-06,0.500298,-6.22253e-06,-1.00055,6.82447e-06,32000,32000.1,31999.9,32000
4.754,0.2,0.5,-1,0.200181,-9.03977e-06,0.500298,-4.77598e-06,-1.00055,6.82438e-06,32000,32000.1,31999.9,32000
4.755,0.2,0.5,-1,0.20018,-9.46759e-06,0.500298,-3.38012e-06,-1.00055,6.82429e-06,32000,32000.1,31999.9,32000
4.756,0.2,0.5,-1,0.20018,-9.87324e-06,0.500298,-2.03446e-06,-1.00055,6.8242e-06,32000,32000.1,31999.9,32000
4.757,0.2,0.5,-1,0.20018,-1.02571e-05,0.500298,-7.3849e-07,-1.00055,6.82411e-06,32000,32000.1,31999.9,32000
4.758,0.2,0.5,-1,0.20018,-1.06197e-05,0.500298,5.08323e-07,-1.00055,6.82402e-06,32000,32000.1,31999.9,32000
4.759,0.2,0.5,-1,0.20018,-1.09613e-05,0.500298,1.70655e-06,-1.00055,6.82393e-06,32000,32000.1,31999.9,32000
4.76,0.2,0.5,-1,0.20018,-1.12825e-05,0.500298,2.85679e-06,-1.00055,6.82384e-06,32000,32000,32000,32000
4.761,0.2,0.5,-1,0.20018,-1.15835e-05,0.500298,3.95966e-06,-1.00055,6.82375e-06,32000,32000,32000,32000
4.762,0.2,0.5,-1,0.20018,-1.18649e-05,0.500298,5.0158e-06,-1.00055,6.82366e-06,32000,32000,32000,32000
4.763,0.2,0.5,-1,0.20018,-1.21271e-05,0.500298,6.02587e-06,-1.00055,6.82357e-06,32000,32000,32000,32000
4.764,0.2,0.5,-1,0.20018,-1.23706e-05,0.500298,6.99056e-06,-1.00055,6.82348e-06,32000,32000,32000,32000
4.765,0.2,0.5,-1,0.20018,-1.25957e-05,0.500298,7.91057e-06,-1.00055,6.82339e-06,32000,32000,32000,32000
4.766,0.2,0.5,-1,0.20018,-1.28029e-05,0.500298,8.78662e-06,-1.00055,6.8233e-06,32000,32000,32000,32000
4.767,0.2,0.5,-1,0.20018,-1.29926e-05,0.500298,9.61944e-06,-1.00055,6.82321e-06,32000,32000,32000,32000
4.768,0.2,0.5,-1,0.20018,-1.31653e-05,0.500298,1.04098e-05,-1.00055,6.82312e-06,32000,32000,32000,32000
4.769,0.2,0.5,-1,0.20018,-1.33215e-05,0.500298,1.11584e-05,-1.00055,6.82303e-06,32000,32000,32000,32000
4.77,0.2,0.5,-1,0.20018,-1.34615e-05,0.500298,1.18661e-05,-1.00055,6.82294e-06,32000,32000,32000,32000
4.771,0.2,0.5,-1,0.20018,-1.35859e-05,0.500298,1.25337e-05,-1.00055,6.82285e-06,32000,32000,32000,32000
4.772,0.2,0.5,-1,0.20018,-1.3695e-05,0.500298,1.31619e-05,-1.00055,6.82276e-06,32000,32000,32000,32000
4.773,0.2,0.5,-1,0.20018,-1.37893e-05,0.500298,1.37516e-05,-1.00055,6.82267e-06,32000,32000,32000,32000
4.774,0.2,0.5,-1,0.20018,-1.38692e-05,0.500298,1.43036e-05,-1.00055,6.82258e-06,32000,32000,32000,32000
4.775,0.2,0.5,-1,0.20018,-1.39352e-05,0.500298,1.48186e-05,-1.00055,6.82249e-06,32000,32000,32000,32000
4.776,0.2,0.5,-1,0.20018,-1.39878e-05,0.500298,1.52976e-05,-1.00055,6.8224e-06,32000,32000,32000,32000
4.777,0.2,0.5,-1,0.20018,-1.40273e-05,0.500298,1.57413e-05,-1.00055,6.82231e-06,32000,32000,32000,32000
4.778,0.2,0.5,-1,0.20018,-1.40541e-05,0.500298,1.61506e-05,-1.00055,6.82223e-06,32000,32000,32000,32000
4.779,0.2,0.5,-1,0.20018,-1.40687e-05,0.500298,1.65264e-05,-1.00055,6.82214e-06,32000,32000,32000,32000
4.78,0.2,0.5,-1,0.20018,-1.40716e-05,0.500298,1.68694e-05,-1.00055,6.82205e-06,32000,32000,32000,32000
4.781,0.2,0.5,-1,0.20018,-1.40631e-05,0.500298,1.71806e-05,-1.00055,6.82196e-06,32000,32000,32000,32000
4.782,0.2,0.5,-1,0.20018,-1.40436e-05,0.500298,1.74607e-05,-1.00055,6.82187e-06,32000,32000,32000,32000
4.783,0.2,0.5,-1,0.20018,-1.40136e-05,0.500298,1.77106e-05,-1.00055,6.82178e-06,32000,32000,32000,32000
4.784,0.2,0.5,-1,0.20018,-1.39735e-05,0.500298,1.79312e-05,-1.00055,6.82169e-06,32000,32000,32000,32000
4.785,0.2,0.5,-1,0.20018,-1.39236e-05,0.500298,1.81232e-05,-1.00055,6.82161e-06,32000,32000,32000,32000
4.786,0.2,0.5,-1,0.20018,-1.38644e-05,0.500298,1.82876e-05,-1.00055,6.82152e-06,32000,32000,32000,32000
4.787,0.2,0.5,-1,0.20018,-1.37963e-05,0.500298,1.84251e-05,-1.00055,6.82143e-06,32000,32000,32000,32000
4.788,0.2,0.5,-1,0.20018,-1.37195e-05,0.500298,1.85366e-05,-1.00055,6.82134e-06,32000,32000,32000,32000
4.789,0.2,0.5,-1,0.20018,-1.36346e-05,0.500298,1.86228e-05,-1.00055,6.82125e-06,32000,32000,32000,32000
4.79,0.2,0.5,-1,0.20018,-1.35419e-05,0.500298,1.86847e-05,-1.00055,6.82117e-06,32000,32000,32000,32000
4.791,0.2,0.5,-1,0.20018,-1.34417e-05,0.500298,1.87231e-05,-1.00055,6.82108e-06,32000,32000,32000,32000
4.792,0.2,0.5,-1,0.20018,-1.33345e-05,0.500298,1.87386e-05,-1.00055,6.82099e-06,32000,32000,32000,32000
4.793,0.2,0.5,-1,0.20018,-1.32205e-05,0.500298,1.87322e-05,-1.00055,6.8209e-06,32000,32000,32000,32000
4.794,0.2,0.5,-1,0.20018,-1.31001e-05,0.500298,1.87047e-05,-1.00055,6.82081e-06,32000,32000,32000,32000
4.795,0.2,0.5,-1,0.20018,-1.29737e-05,0.500298,1.86567e-05,-1.00055,6.82073e-06,32000,32000,32000,32000
4.796,0.2,0.5,-1,0.20018,-1.28416e-05,0.500299,1.85891e-05,-1.00055,6.82064e-06,32000,32000,32000,32000
4.797,0.2,0.5,-1,0.20018,-1.27042e-05,0.500299,1.85027e-05,-1.00055,6.82055e-06,32000,32000,32000,32000
4.798,0.2,0.5,-1,0.20018,-1.25616e-05,0.500299,1.83981e-05,-1.00055,6.82046e-06,32000,32000,32000,32000
4.799,0.2,0.5,-1,0.20018,-1.24144e-05,0.500299,1.82762e-05,-1.00055,6.82038e-06,32000,32000,32000,32000
4.8,0.2,0.5,-1,0.20018,-1.22627e-05,0.500299,1.81377e-05,-1.00055,6.82029e-06,32000,32000,32000,32000
4.801,0.2,0.5,-1,0.20018,-1.21069e-05,0.500299,1.79833e-05,-1.00055,6.8202e-06,32000,32000,32000,32000
4.802,0.2,0.5,-1,0.20018,-1.19473e-05,0.500299,1.78138e-05,-1.00055,6.82011e-06,32000,32000,32000,32000
4.803,0.2,0.5,-1,0.20018,-1.17841e-05,0.500299,1.76297e-05,-1.00055,6.82003e-06,32000,32000,32000,32000
4.804,0.2,0.5,-1,0.20018,-1.16177e-05,0.500299,1.74319e-05,-1.00055,6.81994e-06,32000,32000,32000,32000
4.805,0.2,0.5,-1,0.20018,-1.14483e-05,0.500299,1.7221e-05,-1.00055,6.81985e-06,32000,32000,32000,32000
4.806,0.2,0.5,-1,0.20018,-1.12761e-05,0.500299,1.69977e-05,-1.00055,6.81977e-06,32000,32000,32000,32000
4.807,0.2,0.5,-1,0.20018,-1.11016e-05,0.500299,1.67625e-05,-1.00055,6.81968e-06,32000,32000,32000,32000
4.808,0.2,0.5,-1,0.20018,-1.09248e-05,0.500299,1.65163e-05,-1.00055,6.81959e-06,32000,32000,32000,32000
4.809,0.2,0.5,-1,0.20018,-1.07461e-05,0.500299,1.62595e-05,-1.00055,6.81951e-06,32000,32000,32000,32000
4.81,0.2,0.5,-1,0.20018,-1.05657e-05,0.500299,1.59929e-05,-1.00055,6.81942e-06,32000,32000,32000,32000
4.811,0.2,0.5,-1,0.20018,-1.03837e-05,0.500299,1.5717e-05,-1.00055,6.81933e-06,32000,32000,32000,32000
4.812,0.2,0.5,-1,0.20018,-1.02006e-05,0.500299,1.54325e-05,-1.00055,6.81925e-06,32000,32000,32000,32000
4.813,0.2,0.5,-1,0.20018,-1.00164e-05,0.500299,1.51398e-05,-1.00055,6.81916e-06,32000,32000,32000,32000
4.814,0.2,0.5,-1,0.20018,-9.83137e-06,0.500299,1.48396e-05,-1.00055,6.81907e-06,32000,32000,32000,32000
4.815,0.2,0.5,-1,0.20018,-9.64573e-06,0.500299,1.45324e-05,-1.00055,6.81899e-06,32000,32000,32000,32000
4.816,0.2,0.5,-1,0.20018,-9.45968e-06,0.500299,1.42188e-05,-1.00055,6.8189e-06,32000,32000,32000,32000
4.817,0.2,0.5,-1,0.20018,-9.27341e-06,0.500299,1.38993e-05,-1.00055,6.81881e-06,32000,32000,32000,32000
4.818,0.2,0.5,-1,0.20018,-9.08709e-06,0.500299,1.35745e-05,-1.00055,6.81873e-06,32000,32000,32000,32000
4.819,0.2,0.5,-1,0.20018,-8.90091e-06,0.500299,1.32447e-05,-1.00055,6.81864e-06,32000,32000,32000,32000
4.82,0.2,0.5,-1,0.20018,-8.71505e-06,0.500299,1.29105e-05,-1.00055,6.81855e-06,32000,32000,32000,32000
4.821,0.2,0.5,-1,0.20018,-8.52966e-06,0.500299,1.25724e-05,-1.00055,6.81847e-06,32000,32000,32000,32000
4.822,0.2,0.5,-1,0.20018,-8.34491e-06,0.500299,1.22309e-05,-1.00055,6.81838e-06,32000,32000,32000,32000
4.823,0.2,0.5,-1,0.20018,-8.16095e-06,0.500299,1.18863e-05,-1.00055,6.8183e-06,32000,32000,32000,32000
4.824,0.2,0.5,-1,0.20018,-7.97793e-06,0.500299,1.15392e-05,-1.00055,6.81821e-06,32000,32000,32000,32000
4.825,0.2,0.5,-1,0.20018,-7.79599e-06,0.500299,1.11899e-05,-1.00055,6.81812e-06,32000,32000,32000,32000
4.826,0.2,0.5,-1,0.20018,-7.61525e-06,0.500299,1.08389e-05,-1.00055,6.81804e-06,32000,32000,32000,32000
4.827,0.2,0.5,-1,0.20018,-7.43586e-06,0.500299,1.04865e-05,-1.00055,6.81795e-06,32000,32000,32000,32000
4.828,0.2,0.5,-1,0.20018,-7.25794e-06,0.500299,1.01332e-05,-1.00055,6.81787e-06,32000,32000,32000,32000
4.829,0.2,0.5,-1,0.20018,-7.08159e-06,0.500299,9.77925e-06,-1.00055,6.81778e-06,32000,32000,32000,32000
4.83,0.2,0.5,-1,0.20018,-6.90694e-06,0.500299,9.42509e-06,-1.00055,6.81769e-06,32000,32000,32000,32000
4.831,0.2,0.5,-1,0.20018,-6.73409e-06,0.500299,9.07104e-06,-1.00055,6.81761e-06,32000,32000,32000,32000
4.832,0.2,0.5,-1,0.20018,-6.56314e-06,0.500299,8.71744e-06,-1.00055,6.81752e-06,32000,32000,32000,32000
4.833,0.2,0.5,-1,0.20018,-6.39418e-06,0.500299,8.36461e-06,-1.00055,6.81744e-06,32000,32000,32000,32000
4.834,0.2,0.5,-1,0.20018,-6.2273e-06,0.500299,8.01285e-06,-1.00055,6.81735e-06,32000,32000,32000,32000
4.835,0.2,0.5,-1,0.20018,-6.06259e-06,0.500299,7.66246e-06,-1.00055,6.81726e-06,32000,32000,32000,32000
4.836,0.2,0.5,-1,0.20018,-5.90013e-06,0.500299,7.31373e-06,-1.00055,6.81718e-06,32000,32000,32000,32000
4.837,0.2,0.5,-1,0.20018,-5.73999e-06,0.500299,6.96694e-06,-1.00055,6.81709e-06,32000,32000,32000,32000
4.838,0.2,0.5,-1,0.20018,-5.58225e-06,0.500299,6.62233e-06,-1.00055,6.81701e-06,32000,32000,32000,32000
4.839,0.2,0.5,-1,0.20018,-5.42696e-06,0.500299,6.28016e-06,-1.00055,6.81692e-06,32000,32000,32000,32000
4.84,0.2,0.5,-1,0.20018,-5.27419e-06,0.500299,5.94068e-06,-1.00055,6.81684e-06,32000,32000,32000,32000
4.841,0.2,0.5,-1,0.20018,-5.12398e-06,0.500299,5.6041e-06,-1.00055,6.81675e-06,32000,32000,32000,32000
4.842,0.2,0.5,-1,0.20018,-4.97641e-06,0.500299,5.27064e-06,-1.00055,6.81666e-06,32000,32000,32000,32000
4.843,0.2,0.5,-1,0.20018,-4.8315e-06,0.500299,4.94052e-06,-1.00055,6.81658e-06,32000,32000,32000,32000
4.844,0.2,0.5,-1,0.20018,-4.6893e-06,0.500299,4.61392e-06,-1.00055,6.81649e-06,32000,32000,32000,32000
4.845,0.2,0.5,-1,0.20018,-4.54986e-06,0.500299,4.29103e-06,-1.00055,6.81641e-06,32000,32000,32000,32000
4.846,0.2,0.5,-1,0.20018,-4.4132e-06,0.500299,3.97203e-06,-1.00055,6.81632e-06,32000,32000,32000,32000
4.847,0.2,0.5,-1,0.20018,-4.27936e-06,0.500299,3.65708e-06,-1.00055,6.81624e-06,32000,32000,32000,32000
4.848,0.2,0.5,-1,0.20018,-4.14836e-06,0.500299,3.34634e-06,-1.00055,6.81615e-06,32000,32000,32000,32000
4.849,0.2,0.5,-1,0.20018,-4.02023e-06,0.500299,3.03995e-06,-1.00055,6.81607e-06,32000,32000,32000,32000
4.85,0.2,0.5,-1,0.20018,-3.89498e-06,0.500299,2.73805e-06,-1.00055,6.81598e-06,32000,32000,32000,32000
4.851,0.2,0.5,-1,0.20018,-3.77264e-06,0.500299,2.44076e-06,-1.00055,6.81589e-06,32000,32000,32000,32000
4.852,0.2,0.5,-1,0.20018,-3.65321e-06,0.500299,2.14821e-06,-1.00055,6.81581e-06,32000,32000,32000,32000
4.853,0.2,0.5,-1,0.20018,-3.5367e-06,0.500299,1.8605e-06,-1.00055,6.81572e-06,32000,32000,32000,32000
4.854,0.2,0.5,-1,0.20018,-3.42313e-06,0.500299,1.57774e-06,-1.00054,6.81564e-06,32000,32000,32000,32000
4.855,0.2,0.5,-1,0.20018,-3.31249e-06,0.500299,1.30001e-06,-1.00054,6.81555e-06,32000,32000,32000,32000
4.856,0.2,0.5,-1,0.20018,-3.20479e-06,0.500299,1.02741e-06,-1.00054,6.81547e-06,32000,32000,32000,32000
4.857,0.2,0.5,-1,0.200179,-3.10002e-06,0.500299,7.6e-07,-1.00054,6.81538e-06,32000,32000,32000,32000
4.858,0.2,0.5,-1,0.200179,-2.99817e-06,0.500299,4.97863e-07,-1.00054,6.8153e-06,32000,32000,32000,32000
4.859,0.2,0.5,-1,0.200179,-2.89925e-06,0.500299,2.41055e-07,-1.00054,6.81521e-06,32000,32000,32000,32000
4.86,0.2,0.5,-1,0.200179,-2.80324e-06,0.500299,-1.03696e-08,-1.00054,6.81513e-06,32000,32000,32000,32000
4.861,0.2,0.5,-1,0.200179,-2.71012e-06,0.500299,-2.56363e-07,-1.00054,6.81504e-06,32000,32000,32000,32000
4.862,0.2,0.5,-1,0.200179,-2.61989e-06,0.500299,-4.96886e-07,-1.00054,6.81496e-06,32000,32000,32000,32000
4.863,0.2,0.5,-1,0.200179,-2.53252e-06,0.500299,-7.31903e-07,-1.00054,6.81487e-06,32000,32000,32000,32000
4.864,0.2,0.5,-1,0.200179,-2.448e-06,0.500299,-9.61388e-07,-1.00054,6.81478e-06,32000,32000,32000,32000
4.865,0.2,0.5,-1,0.200179,-2.3663e-06,0.500299,-1.18532e-06,-1.00054,6.8147e-06,32000,32000,32000,32000
4.866,0.2,0.5,-1,0.200179,-2.28741e-06,0.500299,-1.40368e-06,-1.00054,6.81461e-06,32000,32000,32000,32000
4.867,0.2,0.5,-1,0.200179,-2.21129e-06,0.500299,-1.61647e-06,-1.00054,6.81453e-06,32000,32000,32000,32000
4.868,0.2,0.5,-1,0.200179,-2.13792e-06,0.500299,-1.82368e-06,-1.00054,6.81444e-06,32000,32000,32000,32000
4.869,0.2,0.5,-1,0.200179,-2.06728e-06,0.500299,-2.0253e-06,-1.00054,6.81436e-06,32000,32000,32000,32000
4.87,0.2,0.5,-1,0.200179,-1.99933e-06,0.500299,-2.22136e-06,-1.00054,6.81427e-06,32000,32000,32000,32000
4.871,0.2,0.5,-1,0.200179,-1.93403e-06,0.500299,-2.41186e-06,-1.00054,6.81419e-06,32000,32000,32000,32000
4.872,0.2,0.5,-1,0.200179,-1.87137e-06,0.500299,-2.59681e-06,-1.00054,6.8141e-06,32000,32000,32000,32000
4.873,0.2,0.5,-1,0.200179,-1.8113e-06,0.500299,-2.77625e-06,-1.00054,6.81402e-06,32000,32000,32000,32000
4.874,0.2,0.5,-1,0.200179,-1.75379e-06,0.500299,-2.95018e-06,-1.00054,6.81393e-06,32000,32000,32000,32000
4.875,0.2,0.5,-1,0.200179,-1.6988e-06,0.500299,-3.11866e-06,-1.00054,6.81385e-06,32000,32000,32000,32000
4.876,0.2,0.5,-1,0.200179,-1.64629e-06,0.500299,-3.28171e-06,-1.00054,6.81376e-06,32000,32000,32000,32000
4.877,0.2,0.5,-1,0.200179,-1.59623e-06,0.500299,-3.43936e-06,-1.00054,6.81368e-06,32000,32000,32000,32000
4.878,0.2,0.5,-1,0.200179,-1.54857e-06,0.500299,-3.59167e-06,-1.00054,6.81359e-06,32000,32000,32000,32000
4.879,0.2,0.5,-1,0.200179,-1.50327e-06,0.500299,-3.73868e-06,-1.00054,6.81351e-06,32000,32000,32000,32000
4.88,0.2,0.5,-1,0.200179,-1.46031e-06,0.500299,-3.88043e-06,-1.00054,6.81342e-06,32000,32000,32000,32000
4.881,0.2,0.5,-1,0.200179,-1.41962e-06,0.500299,-4.01698e-06,-1.00054,6.81333e-06,32000,32000,32000,32000
4.882,0.2,0.5,-1,0.200179,-1.38117e-06,0.500299,-4.14839e-06,-1.00054,6.81325e-06,32000,32000,32000,32000
4.883,0.2,0.5,-1,0.200179,-1.34491e-06,0.500299,-4.27472e-06,-1.00054,6.81316e-06,32000,32000,32000,32000
4.884,0.2,0.5,-1,0.200179,-1.31081e-06,0.500299,-4.39601e-06,-1.00054,6.81308e-06,32000,32000,32000,32000
4.885,0.2,0.5,-1,0.200179,-1.27881e-06,0.500299,-4.51235e-06,-1.00054,6.81299e-06,32000,32000,32000,32000
4.886,0.2,0.5,-1,0.200179,-1.24888e-06,0.500299,-4.62379e-06,-1.00054,6.81291e-06,32000,32000,32000,32000
4.887,0.2,0.5,-1,0.200179,-1.22096e-06,0.500299,-4.73041e-06,-1.00054,6.81282e-06,32000,32000,32000,32000
4.888,0.2,0.5,-1,0.200179,-1.19502e-06,0.500299,-4.83227e-06,-1.00054,6.81274e-06,32000,32000,32000,32000
4.889,0.2,0.5,-1,0.200179,-1.17099e-06,0.500299,-4.92945e-06,-1.00054,6.81265e-06,32000,32000,32000,32000
4.89,0.2,0.5,-1,0.200179,-1.14885e-06,0.500299,-5.02202e-06,-1.00054,6.81257e-06,32000,32000,32000,32000
4.891,0.2,0.5,-1,0.200179,-1.12855e-06,0.500299,-5.11007e-06,-1.00054,6.81248e-06,32000,32000,32000,32000
4.892,0.2,0.5,-1,0.200179,-1.11003e-06,0.500299,-5.19365e-06,-1.00054,6.8124e-06,32000,32000,32000,32000
4.893,0.2,0.5,-1,0.200179,-1.09325e-06,0.500299,-5.27287e-06,-1.00054,6.81231e-06,32000,32000,32000,32000
4.894,0.2,0.5,-1,0.200179,-1.07816e-06,0.500299,-5.34779e-06,-1.00054,6.81223e-06,32000,32000,32000,32000
4.895,0.2,0.5,-1,0.200179,-1.06473e-06,0.500299,-5.4185e-06,-1.00054,6.81214e-06,32000,32000,32000,32000
4.896,0.2,0.5,-1,0.200179,-1.0529e-06,0.500299,-5.48508e-06,-1.00054,6.81206e-06,32000,32000,32000,32000
4.897,0.2,0.5,-1,0.200179,-1.04262e-06,0.500299,-5.54762e-06,-1.00054,6.81197e-06,32000,32000,32000,32000
4.898,0.2,0.5,-1,0.200179,-1.03386e-06,0.500299,-5.60619e-06,-1.00054,6.81189e-06,32000,32000,32000,32000
4.899,0.2,0.5,-1,0.200179,-1.02656e-06,0.500299,-5.6609e-06,-1.00054,6.8118e-06,32000,32000,32000,32000
4.9,0.2,0.5,-1,0.200179,-1.02068e-06,0.500299,-5.71181e-06,-1.00054,6.81172e-06,32000,32000,32000,32000
4.901,0.2,0.5,-1,0.200179,-1.01617e-06,0.500299,-5.75903e-06,-1.00054,6.81163e-06,32000,32000,32000,32000
4.902,0.2,0.5,-1,0.200179,-1.013e-06,0.500299,-5.80263e-06,-1.00054,6.81154e-06,32000,32000,32000,32000
4.903,0.2,0.5,-1,0.200179,-1.01111e-06,0.500299,-5.84271e-06,-1.00054,6.81146e-06,32000,32000,32000,32000
4.904,0.2,0.5,-1,0.200179,-1.01046e-06,0.500299,-5.87935e-06,-1.00054,6.81137e-06,32000,32000,32000,32000
4.905,0.2,0.5,-1,0.200179,-1.01101e-06,0.500299,-5.91264e-06,-1.00054,6.81129e-06,32000,32000,32000,32000
4.906,0.2,0.5,-1,0.200179,-1.01271e-06,0.500299,-5.94266e-06,-1.00054,6.8112e-06,32000,32000,32000,32000
4.907,0.2,0.5,-1,0.200179,-1.01552e-06,0.500299,-5.96951e-06,-1.00054,6.81112e-06,32000,32000,32000,32000
4.908,0.2,0.5,-1,0.200179,-1.01941e-06,0.500299,-5.99328e-06,-1.00054,6.81103e-06,32000,32000,32000,32000
4.909,0.2,0.5,-1,0.200179,-1.02431e-06,0.500299,-6.01404e-06,-1.00054,6.81095e-06,32000,32000,32000,32000
4.91,0.2,0.5,-1,0.200179,-1.03021e-06,0.500299,-6.0319e-06,-1.00054,6.81086e-06,32000,32000,32000,32000
4.911,0.2,0.5,-1,0.200179,-1.03705e-06,0.500299,-6.04692e-06,-1.00054,6.81078e-06,32000,32000,32000,32000
4.912,0.2,0.5,-1,0.200179,-1.04479e-06,0.500299,-6.05921e-06,-1.00054,6.81069e-06,32000,32000,32000,32000
4.913,0.2,0.5,-1,0.200179,-1.0534e-06,0.500299,-6.06885e-06,-1.00054,6.81061e-06,32000,32000,32000,32000
4.914,0.2,0.5,-1,0.200179,-1.06284e-06,0.500299,-6.07592e-06,-1.00054,6.81052e-06,32000,32000,32000,32000
4.915,0.2,0.5,-1,0.200179,-1.07306e-06,0.500299,-6.08051e-06,-1.00054,6.81044e-06,32000,32000,32000,32000
4.916,0.2,0.5,-1,0.200179,-1.08403e-06,0.500299,-6.0827e-06,-1.00054,6.81035e-06,32000,32000,32000,32000
4.917,0.2,0.5,-1,0.200179,-1.09571e-06,0.500299,-6.08258e-06,-1.00054,6.81027e-06,32000,32000,32000,32000
4.918,0.2,0.5,-1,0.200179,-1.10807e-06,0.500299,-6.08022e-06,-1.00054,6.81018e-06,32000,32000,32000,32000
4.919,0.2,0.5,-1,0.200179,-1.12106e-06,0.500299,-6.07572e-06,-1.00054,6.8101e-06,32000,32000,32000,32000
4.92,0.2,0.5,-1,0.200179,-1.13467e-06,0.500299,-6.06914e-06,-1.00054,6.81001e-06,32000,32000,32000,32000
4.921,0.2,0.5,-1,0.200179,-1.14884e-06,0.500299,-6.06058e-06,-1.00054,6.80993e-06,32000,32000,32000,32000
4.922,0.2,0.5,-1,0.200179,-1.16354e-06,0.500299,-6.05011e-06,-1.00054,6.80984e-06,32000,32000,32000,32000
4.923,0.2,0.5,-1,0.200179,-1.17875e-06,0.500299,-6.03781e-06,-1.00054,6.80976e-06,32000,32000,32000,32000
4.924,0.2,0.5,-1,0.200179,-1.19443e-06,0.500299,-6.02376e-06,-1.00054,6.80967e-06,32000,32000,32000,32000
4.925,0.2,0.5,-1,0.200179,-1.21055e-06,0.500299,-6.00802e-06,-1.00054,6.80958e-06,32000,32000,32000,32000
4.926,0.2,0.5,-1,0.200179,-1.22708e-06,0.500299,-5.99069e-06,-1.00054,6.8095e-06,32000,32000,32000,32000
4.927,0.2,0.5,-1,0.200179,-1.24398e-06,0.500299,-5.97182e-06,-1.00054,6.80941e-06,32000,32000,32000,32000
4.928,0.2,0.5,-1,0.200179,-1.26123e-06,0.500299,-5.9515e-06,-1.00054,6.80933e-06,32000,32000,32000,32000
4.929,0.2,0.5,-1,0.200179,-1.2788e-06,0.500299,-5.92979e-06,-1.00054,6.80924e-06,32000,32000,32000,32000
4.93,0.2,0.5,-1,0.200179,-1.29665e-06,0.500299,-5.90676e-06,-1.00054,6.80916e-06,32000,32000,32000,32000
4.931,0.2,0.5,-1,0.200179,-1.31478e-06,0.500299,-5.88249e-06,-1.00054,6.80907e-06,32000,32000,32000,32000
4.932,0.2,0.5,-1,0.200179,-1.33313e-06,0.500299,-5.85704e-06,-1.00054,6.80899e-06,32000,32000,32000,32000
4.933,0.2,0.5,-1,0.200179,-1.3517e-06,0.500299,-5.83048e-06,-1.00054,6.8089e-06,32000,32000,32000,32000
4.934,0.2,0.5,-1,0.200179,-1.37046e-06,0.500299,-5.80287e-06,-1.00054,6.80882e-06,32000,32000,32000,32000
4.935,0.2,0.5,-1,0.200179,-1.38937e-06,0.500299,-5.77428e-06,-1.00054,6.80873e-06,32000,32000,32000,32000
4.936,0.2,0.5,-1,0.200179,-1.40842e-06,0.500299,-5.74476e-06,-1.00054,6.80865e-06,32000,32000,32000,32000
4.937,0.2,0.5,-1,0.200179,-1.42759e-06,0.500299,-5.71438e-06,-1.00054,6.80856e-06,32000,32000,32000,32000
4.938,0.2,0.5,-1,0.200179,-1.44684e-06,0.500299,-5.68321e-06,-1.00054,6.80848e-06,32000,32000,32000,32000
4.939,0.2,0.5,-1,0.200179,-1.46617e-06,0.500299,-5.65129e-06,-1.00054,6.80839e-06,32000,32000,32000,32000
4.94,0.2,0.5,-1,0.200179,-1.48555e-06,0.500299,-5.61868e-06,-1.00054,6.80831e-06,32000,32000,32000,32000
4.941,0.2,0.5,-1,0.200179,-1.50495e-06,0.500299,-5.58544e-06,-1.00054,6.80822e-06,32000,32000,32000,32000
4.942,0.2,0.5,-1,0.200179,-1.52436e-06,0.500299,-5.55163e-06,-1.00054,6.80814e-06,32000,32000,32000,32000
4.943,0.2,0.5,-1,0.200179,-1.54377e-06,0.500299,-5.5173e-06,-1.00054,6.80805e-06,32000,32000,32000,32000
4.944,0.2,0.5,-1,0.200179,-1.56314e-06,0.500299,-5.48249e-06,-1.00054,6.80797e-06,32000,32000,32000,32000
4.945,0.2,0.5,-1,0.200179,-1.58247e-06,0.500299,-5.44726e-06,-1.00054,6.80788e-06,32000,32000,32000,32000
4.946,0.2,0.5,-1,0.200179,-1.60174e-06,0.500299,-5.41165e-06,-1.00054,6.8078e-06,32000,32000,32000,32000
4.947,0.2,0.5,-1,0.200179,-1.62093e-06,0.500299,-5.37572e-06,-1.00054,6.80771e-06,32000,32000,32000,32000
4.948,0.2,0.5,-1,0.200179,-1.64003e-06,0.500299,-5.33951e-06,-1.00054,6.80763e-06,32000,32000,32000,32000
4.949,0.2,0.5,-1,0.200179,-1.65901e-06,0.500299,-5.30307e-06,-1.00054,6.80754e-06,32000,32000,32000,32000
4.95,0.2,0.5,-1,0.200179,-1.67788e-06,0.500299,-5.26643e-06,-1.00054,6.80746e-06,32000,32000,32000,32000
4.951,0.2,0.5,-1,0.200179,-1.6966e-06,0.500299,-5.22963e-06,-1.00054,6.80737e-06,32000,32000,32000,32000
4.952,0.2,0.5,-1,0.200179,-1.71518e-06,0.500299,-5.19273e-06,-1.00054,6.80729e-06,32000,32000,32000,32000
4.953,0.2,0.5,-1,0.200179,-1.7336e-06,0.500299,-5.15576e-06,-1.00054,6.8072e-06,32000,32000,32000,32000
4.954,0.2,0.5,-1,0.200179,-1.75184e-06,0.500299,-5.11875e-06,-1.00054,6.80712e-06,32000,32000,32000,32000
4.955,0.2,0.5,-1,0.200179,-1.7699e-06,0.500299,-5.08175e-06,-1.00054,6.80703e-06,32000,32000,32000,32000
4.956,0.2,0.5,-1,0.200179,-1.78776e-06,0.500299,-5.04478e-06,-1.00054,6.80695e-06,32000,32000,32000,32000
4.957,0.2,0.5,-1,0.200179,-1.80542e-06,0.500299,-5.00788e-06,-1.00054,6.80686e-06,32000,32000,32000,32000
4.958,0.2,0.5,-1,0.200179,-1.82286e-06,0.500299,-4.97109e-06,-1.00054,6.80677e-06,32000,32000,32000,32000
4.959,0.2,0.5,-1,0.200179,-1.84008e-06,0.500299,-4.93443e-06,-1.00054,6.80669e-06,32000,32000,32000,32000
4.96,0.2,0.5,-1,0.200179,-1.85706e-06,0.500299,-4.89794e-06,-1.00054,6.8066e-06,32000,32000,32000,32000
4.961,0.2,0.5,-1,0.200179,-1.87381e-06,0.500299,-4.86164e-06,-1.00054,6.80652e-06,32000,32000,32000,32000
4.962,0.2,0.5,-1,0.200179,-1.89031e-06,0.500299,-4.82556e-06,-1.00054,6.80643e-06,32000,32000,32000,32000
4.963,0.2,0.5,-1,0.200179,-1.90655e-06,0.500299,-4.78973e-06,-1.00054,6.80635e-06,32000,32000,32000,32000
4.964,0.2,0.5,-1,0.200179,-1.92253e-06,0.500299,-4.75418e-06,-1.00054,6.80626e-06,32000,32000,32000,32000
4.965,0.2,0.5,-1,0.200179,-1.93825e-06,0.500299,-4.71892e-06,-1.00054,6.80618e-06,32000,32000,32000,32000
4.966,0.2,0.5,-1,0.200179,-1.95369e-06,0.500299,-4.68398e-06,-1.00054,6.80609e-06,32000,32000,32000,32000
4.967,0.2,0.5,-1,0.200179,-1.96885e-06,0.500299,-4.64939e-06,-1.00054,6.80601e-06,32000,32000,32000,32000
4.968,0.2,0.5,-1,0.200179,-1.98374e-06,0.500299,-4.61515e-06,-1.00054,6.80592e-06,32000,32000,32000,32000
4.969,0.2,0.5,-1,0.200179,-1.99833e-06,0.500299,-4.5813e-06,-1.00054,6.80584e-06,32000,32000,32000,32000
4.97,0.2,0.5,-1,0.200179,-2.01264e-06,0.500299,-4.54785e-06,-1.00054,6.80575e-06,32000,32000,32000,32000
4.971,0.2,0.5,-1,0.200179,-2.02666e-06,0.500299,-4.51482e-06,-1.00054,6.80567e-06,32000,32000,32000,32000
4.972,0.2,0.5,-1,0.200179,-2.04037e-06,0.500299,-4.48222e-06,-1.00054,6.80558e-06,32000,32000,32000,32000
4.973,0.2,0.5,-1,0.200179,-2.05379e-06,0.500299,-4.45008e-06,-1.00054,6.8055e-06,32000,32000,32000,32000
4.974,0.2,0.5,-1,0.200179,-2.06691e-06,0.500299,-4.4184e-06,-1.00054,6.80541e-06,32000,32000,32000,32000
4.975,0.2,0.5,-1,0.200179,-2.07973e-06,0.500299,-4.38719e-06,-1.00054,6.80533e-06,32000,32000,32000,32000
4.976,0.2,0.5,-1,0.200179,-2.09224e-06,0.500299,-4.35648e-06,-1.00054,6.80524e-06,32000,32000,32000,32000
4.977,0.2,0.5,-1,0.200179,-2.10445e-06,0.500299,-4.32627e-06,-1.00054,6.80516e-06,32000,32000,32000,32000
4.978,0.2,0.5,-1,0.200179,-2.11635e-06,0.500299,-4.29657e-06,-1.00054,6.80507e-06,32000,32000,32000,32000
4.979,0.2,0.5,-1,0.200179,-2.12795e-06,0.500299,-4.2674e-06,-1.00054,6.80499e-06,32000,32000,32000,32000
4.98,0.2,0.5,-1,0.200179,-2.13924e-06,0.500299,-4.23876e-06,-1.00054,6.8049e-06,32000,32000,32000,32000
4.981,0.2,0.5,-1,0.200179,-2.15022e-06,0.500299,-4.21066e-06,-1.00054,6.80482e-06,32000,32000,32000,32000
4.982,0.2,0.5,-1,0.200179,-2.1609e-06,0.500299,-4.1831e-06,-1.00054,6.80473e-06,32000,32000,32000,32000
4.983,0.2,0.5,-1,0.200179,-2.17127e-06,0.500299,-4.1561e-06,-1.00054,6.80465e-06,32000,32000,32000,32000
4.984,0.2,0.5,-1,0.200179,-2.18134e-06,0.500299,-4.12967e-06,-1.00054,6.80456e-06,32000,32000,32000,32000
4.985,0.2,0.5,-1,0.200179,-2.1911e-06,0.500299,-4.10379e-06,-1.00054,6.80448e-06,32000,32000,32000,32000
4.986,0.2,0.5,-1,0.200179,-2.20057e-06,0.500299,-4.07849e-06,-1.00054,6.80439e-06,32000,32000,32000,32000
4.987,0.2,0.5,-1,0.200179,-2.20973e-06,0.500299,-4.05376e-06,-1.00054,6.80431e-06,32000,32000,32000,32000
4.988,0.2,0.5,-1,0.200179,-2.2186e-06,0.500299,-4.02961e-06,-1.00054,6.80422e-06,32000,32000,32000,32000
4.989,0.2,0.5,-1,0.200179,-2.22717e-06,0.500299,-4.00604e-06,-1.00054,6.80414e-06,32000,32000,32000,32000
4.99,0.2,0.5,-1,0.200179,-2.23545e-06,0.500299,-3.98304e-06,-1.00054,6.80405e-06,32000,32000,32000,32000
4.991,0.2,0.5,-1,0.200179,-2.24344e-06,0.500299,-3.96063e-06,-1.00054,6.80397e-06,32000,32000,32000,32000
4.992,0.2,0.5,-1,0.200179,-2.25114e-06,0.500299,-3.9388e-06,-1.00054,6.80388e-06,32000,32000,32000,32000
4.993,0.2,0.5,-1,0.200179,-2.25856e-06,0.500299,-3.91756e-06,-1.00054,6.8038e-06,32000,32000,32000,32000
4.994,0.2,0.5,-1,0.200179,-2.26569e-06,0.500298,-3.89689e-06,-1.00054,6.80371e-06,32000,32000,32000,32000
4.995,0.2,0.5,-1,0.200179,-2.27255e-06,0.500298,-3.87681e-06,-1.00054,6.80363e-06,32000,32000,32000,32000
4.996,0.2,0.5,-1,0.200179,-2.27913e-06,0.500298,-3.8573e-06,-1.00054,6.80354e-06,32000,32000,32000,32000
4.997,0.2,0.5,-1,0.200179,-2.28544e-06,0.500298,-3.83838e-06,-1.00054,6.80346e-06,32000,32000,32000,32000
4.998,0.2,0.5,-1,0.200179,-2.29148e-06,0.500298,-3.82002e-06,-1.00054,6.80337e-06,32000,32000,32000,32000
4.999,0.2,0.5,-1,0.200179,-2.29725e-06,0.500298,-3.80224e-06,-1.00054,6.80329e-06,32000,32000,32000,32000
5,0.2,0.5,-1,0.200179,-2.30277e-06,0.500298,-3.78502e-06,-1.00054,6.8032e-06,32000,32000,32000,32000
5.001,0.2,0.5,-1,0.200179,-2.30803e-06,0.500298,-3.76837e-06,-1.00054,6.80312e-06,32000,32000,32000,32000
5.002,0.2,0.5,-1,0.200179,-2.31304e-06,0.500298,-3.75228e-06,-1.00054,6.80303e-06,32000,32000,32000,32000
5.003,0.2,0.5,-1,0.200179,-2.3178e-06,0.500298,-3.73674e-06,-1.00054,6.80295e-06,32000,32000,32000,32000
5.004,0.2,0.5,-1,0.200179,-2.32232e-06,0.500298,-3.72175e-06,-1.00054,6.80286e-06,32000,32000,32000,32000
5.005,0.2,0.5,-1,0.200179,-2.32659e-06,0.500298,-3.70731e-06,-1.00054,6.80278e-06,32000,32000,32000,32000
5.006,0.2,0.5,-1,0.200179,-2.33064e-06,0.500298,-3.6934e-06,-1.00054,6.80269e-06,32000,32000,32000,32000
5.007,0.2,0.5,-1,0.200179,-2.33445e-06,0.500298,-3.68003e-06,-1.00054,6.8026e-06,32000,32000,32000,32000
5.008,0.2,0.5,-1,0.200179,-2.33804e-06,0.500298,-3.66718e-06,-1.00054,6.80252e-06,32000,32000,32000,32000
5.009,0.2,0.5,-1,0.200179,-2.3414e-06,0.500298,-3.65485e-06,-1.00054,6.80243e-06,32000,32000,32000,32000
5.01,0.2,0.5,-1,0.200179,-2.34455e-06,0.500298,-3.64304e-06,-1.00054,6.80235e-06,32000,32000,32000,32000
5.011,0.2,0.5,-1,0.200179,-2.34749e-06,0.500298,-3.63173e-06,-1.00054,6.80226e-06,32000,32000,32000,32000
5.012,0.2,0.5,-1,0.200179,-2.35022e-06,0.500298,-3.62092e-06,-1.00054,6.80218e-06,32000,32000,32000,32000
5.013,0.2,0.5,-1,0.200179,-2.35275e-06,0.500298,-3.61059e-06,-1.00054,6.80209e-06,32000,32000,32000,32000
5.014,0.2,0.5,-1,0.200179,-2.35508e-06,0.500298,-3.60076e-06,-1.00054,6.80201e-06,32000,32000,32000,32000
5.015,0.2,0.5,-1,0.200179,-2.35722e-06,0.500298,-3.59139e-06,-1.00054,6.80192e-06,32000,32000,32000,32000
5.016,0.2,0.5,-1,0.200179,-2.35917e-06,0.500298,-3.5825e-06,-1.00054,6.80184e-06,32000,32000,32000,32000
5.017,0.2,0.5,-1,0.200179,-2.36093e-06,0.500298,-3.57406e-06,-1.00054,6.80175e-06,32000,32000,32000,32000
5.018,0.2,0.5,-1,0.200179,-2.36252e-06,0.500298,-3.56607e-06,-1.00054,6.80167e-06,32000,32000,32000,32000
5.019,0.2,0.5,-1,0.200179,-2.36394e-06,0.500298,-3.55853e-06,-1.00054,6.80158e-06,32000,32000,32000,32000
5.02,0.2,0.5,-1,0.200179,-2.36519e-06,0.500298,-3.55141e-06,-1.00054,6.8015e-06,32000,32000,32000,32000
5.021,0.2,0.5,-1,0.200179,-2.36627e-06,0.500298,-3.54473e-06,-1.00054,6.80141e-06,32000,32000,32000,32000
5.022,0.2,0.5,-1,0.200179,-2.36719e-06,0.500298,-3.53845e-06,-1.00054,6.80133e-06,32000,32000,32000,32000
5.023,0.2,0.5,-1,0.200179,-2.36797e-06,0.500298,-3.53259e-06,-1.00054,6.80124e-06,32000,32000,32000,32000
5.024,0.2,0.5,-1,0.200179,-2.36859e-06,0.500298,-3.52712e-06,-1.00054,6.80116e-06,32000,32000,32000,32000
5.025,0.2,0.5,-1,0.200179,-2.36906e-06,0.500298,-3.52204e-06,-1.00054,6.80107e-06,32000,32000,32000,32000
5.026,0.2,0.5,-1,0.200179,-2.3694e-06,0.500298,-3.51734e-06,-1.00054,6.80099e-06,32000,32000,32000,32000
5.027,0.2,0.5,-1,0.200179,-2.3696e-06,0.500298,-3.51301e-06,-1.00054,6.8009e-06,32000,32000,32000,32000
5.028,0.2,0.5,-1,0.200179,-2.36967e-06,0.500298,-3.50904e-06,-1.00054,6.80082e-06,32000,32000,32000,32000
5.029,0.2,0.5,-1,0.200179,-2.36962e-06,0.500298,-3.50542e-06,-1.00054,6.80073e-06,32000,32000,32000,32000
5.03,0.2,0.5,-1,0.200179,-2.36944e-06,0.500298,-3.50215e-06,-1.00054,6.80065e-06,32000,32000,32000,32000
5.031,0.2,0.5,-1,0.200179,-2.36914e-06,0.500298,-3.49921e-06,-1.00054,6.80056e-06,32000,32000,32000,32000
5.032,0.2,0.5,-1,0.200179,-2.36874e-06,0.500298,-3.49659e-06,-1.00054,6.80048e-06,32000,32000,32000,32000
5.033,0.2,0.5,-1,0.200179,-2.36822e-06,0.500298,-3.49429e-06,-1.00054,6.80039e-06,32000,32000,32000,32000
5.034,0.2,0.5,-1,0.200179,-2.3676e-06,0.500298,-3.4923e-06,-1.00054,6.80031e-06,32000,32000,32000,32000
5.035,0.2,0.5,-1,0.200179,-2.36688e-06,0.500298,-3.4906e-06,-1.00054,6.80022e-06,32000,32000,32000,32000
5.036,0.2,0.5,-1,0.200179,-2.36607e-06,0.500298,-3.48919e-06,-1.00054,6.80014e-06,32000,32000,32000,32000
5.037,0.2,0.5,-1,0.200179,-2.36516e-06,0.500298,-3.48807e-06,-1.00054,6.80005e-06,32000,32000,32000,32000
5.038,0.2,0.5,-1,0.200179,-2.36417e-06,0.500298,-3.48721e-06,-1.00054,6.79997e-06,32000,32000,32000,32000
5.039,0.2,0.5,-1,0.200179,-2.36309e-06,0.500298,-3.48661e-06,-1.00054,6.79988e-06,32000,32000,32000,32000
5.04,0.2,0.5,-1,0.200179,-2.36194e-06,0.500298,-3.48626e-06,-1.00054,6.7998e-06,32000,32000,32000,32000
5.041,0.2,0.5,-1,0.200179,-2.36071e-06,0.500298,-3.48616e-06,-1.00054,6.79971e-06,32000,32000,32000,32000
5.042,0.2,0.5,-1,0.200179,-2.3594e-06,0.500298,-3.4863e-06,-1.00054,6.79963e-06,32000,32000,32000,32000
5.043,0.2,0.5,-1,0.200179,-2.35803e-06,0.500298,-3.48666e-06,-1.00054,6.79954e-06,32000,32000,32000,32000
5.044,0.2,0.5,-1,0.200179,-2.3566e-06,0.500298,-3.48723e-06,-1.00054,6.79946e-06,32000,32000,32000,32000
5.045,0.2,0.5,-1,0.200179,-2.35511e-06,0.500298,-3.48802e-06,-1.00054,6.79937e-06,32000,32000,32000,32000
5.046,0.2,0.5,-1,0.200179,-2.35355e-06,0.500298,-3.48901e-06,-1.00054,6.79929e-06,32000,32000,32000,32000
5.047,0.2,0.5,-1,0.200179,-2.35195e-06,0.500298,-3.49019e-06,-1.00054,6.7992e-06,32000,32000,32000,32000
5.048,0.2,0.5,-1,0.200179,-2.35029e-06,0.500298,-3.49156e-06,-1.00054,6.79912e-06,32000,32000,32000,32000
5.049,0.2,0.5,-1,0.200179,-2.34859e-06,0.500298,-3.49311e-06,-1.00054,6.79903e-06,32000,32000,32000,32000
5.05,0.2,0.5,-1,0.200179,-2.34685e-06,0.500298,-3.49482e-06,-1.00054,6.79895e-06,32000,32000,32000,32000
5.051,0.2,0.5,-1,0.200179,-2.34506e-06,0.500298,-3.4967e-06,-1.00054,6.79886e-06,32000,32000,32000,32000
5.052,0.2,0.5,-1,0.200179,-2.34324e-06,0.500298,-3.49873e-06,-1.00054,6.79878e-06,32000,32000,32000,32000
5.053,0.2,0.5,-1,0.200179,-2.34139e-06,0.500298,-3.5009e-06,-1.00054,6.79869e-06,32000,32000,32000,32000
5.054,0.2,0.5,-1,0.200179,-2.3395e-06,0.500298,-3.50322e-06,-1.00054,6.79861e-06,32000,32000,32000,32000
5.055,0.2,0.5,-1,0.200179,-2.33758e-06,0.500298,-3.50567e-06,-1.00054,6.79852e-06,32000,32000,32000,32000
5.056,0.2,0.5,-1,0.200179,-2.33564e-06,0.500298,-3.50824e-06,-1.00054,6.79844e-06,32000,32000,32000,32000
5.057,0.2,0.5,-1,0.200179,-2.33368e-06,0.500298,-3.51093e-06,-1.00054,6.79835e-06,32000,32000,32000,32000
5.058,0.2,0.5,-1,0.200179,-2.3317e-06,0.500298,-3.51373e-06,-1.00054,6.79827e-06,32000,32000,32000,32000
5.059,0.2,0.5,-1,0.200179,-2.3297e-06,0.500298,-3.51664e-06,-1.00054,6.79818e-06,32000,32000,32000,32000
5.06,0.2,0.5,-1,0.200179,-2.32768e-06,0.500298,-3.51964e-06,-1.00054,6.7981e-06,32000,32000,32000,32000
5.061,0.2,0.5,-1,0.200179,-2.32565e-06,0.500298,-3.52274e-06,-1.00054,6.79801e-06,32000,32000,32000,32000
5.062,0.2,0.5,-1,0.200179,-2.32362e-06,0.500298,-3.52592e-06,-1.00054,6.79793e-06,32000,32000,32000,32000
5.063,0.2,0.5,-1,0.200179,-2.32157e-06,0.500298,-3.52918e-06,-1.00054,6.79784e-06,32000,32000,32000,32000
5.064,0.2,0.5,-1,0.200179,-2.31952e-06,0.500298,-3.53251e-06,-1.00054,6.79776e-06,32000,32000,32000,32000
5.065,0.2,0.5,-1,0.200179,-2.31746e-06,0.500298,-3.53591e-06,-1.00054,6.79767e-06,32000,32000,32000,32000
5.066,0.2,0.5,-1,0.200179,-2.31541e-06,0.500298,-3.53937e-06,-1.00054,6.79759e-06,32000,32000,32000,32000
5.067,0.2,0.5,-1,0.200179,-2.31335e-06,0.500298,-3.54289e-06,-1.00054,6.7975e-06,32000,32000,32000,32000
5.068,0.2,0.5,-1,0.200179,-2.3113e-06,0.500298,-3.54646e-06,-1.00054,6.79742e-06,32000,32000,32000,32000
5.069,0.2,0.5,-1,0.200179,-2.30925e-06,0.500298,-3.55007e-06,-1.00054,6.79733e-06,32000,32000,32000,32000
5.07,0.2,0.5,-1,0.200179,-2.3072e-06,0.500298,-3.55373e-06,-1.00054,6.79725e-06,32000,32000,32000,32000
5.071,0.2,0.5,-1,0.200179,-2.30517e-06,0.500298,-3.55742e-06,-1.00054,6.79716e-06,32000,32000,32000,32000
5.072,0.2,0.5,-1,0.200179,-2.30314e-06,0.500298,-3.56114e-06,-1.00054,6.79708e-06,32000,32000,32000,32000
5.073,0.2,0.5,-1,0.200179,-2.30112e-06,0.500298,-3.56488e-06,-1.00054,6.79699e-06,32000,32000,32000,32000
5.074,0.2,0.5,-1,0.200179,-2.29912e-06,0.500298,-3.56865e-06,-1.00054,6.79691e-06,32000,32000,32000,32000
5.075,0.2,0.5,-1,0.200179,-2.29713e-06,0.500298,-3.57243e-06,-1.00054,6.79682e-06,32000,32000,32000,32000
5.076,0.2,0.5,-1,0.200179,-2.29516e-06,0.500298,-3.57623e-06,-1.00054,6.79674e-06,32000,32000,32000,32000
5.077,0.2,0.5,-1,0.200179,-2.2932e-06,0.500298,-3.58004e-06,-1.00054,6.79665e-06,32000,32000,32000,32000
5.078,0.2,0.5,-1,0.200179,-2.29126e-06,0.500298,-3.58385e-06,-1.00054,6.79657e-06,32000,32000,32000,32000
5.079,0.2,0.5,-1,0.200179,-2.28934e-06,0.500298,-3.58766e-06,-1.00054,6.79648e-06,32000,32000,32000,32000
5.08,0.2,0.5,-1,0.200179,-2.28744e-06,0.500298,-3.59146e-06,-1.00054,6.7964e-06,32000,32000,32000,32000
5.081,0.2,0.5,-1,0.200179,-2.28556e-06,0.500298,-3.59527e-06,-1.00054,6.79631e-06,32000,32000,32000,32000
5.082,0.2,0.5,-1,0.200179,-2.2837e-06,0.500298,-3.59906e-06,-1.00054,6.79623e-06,32000,32000,32000,32000
5.083,0.2,0.5,-1,0.200179,-2.28187e-06,0.500298,-3.60283e-06,-1.00054,6.79614e-06,32000,32000,32000,32000
5.084,0.2,0.5,-1,0.200179,-2.28006e-06,0.500298,-3.6066e-06,-1.00054,6.79606e-06,32000,32000,32000,32000
5.085,0.2,0.5,-1,0.200179,-2.27827e-06,0.500298,-3.61034e-06,-1.00054,6.79597e-06,32000,32000,32000,32000
5.086,0.2,0.5,-1,0.200179,-2.27652e-06,0.500298,-3.61406e-06,-1.00054,6.79589e-06,32000,32000,32000,32000
5.087,0.2,0.5,-1,0.200179,-2.27478e-06,0.500298,-3.61775e-06,-1.00054,6.7958e-06,32000,32000,32000,32000
5.088,0.2,0.5,-1,0.200179,-2.27308e-06,0.500298,-3.62142e-06,-1.00054,6.79572e-06,32000,32000,32000,32000
5.089,0.2,0.5,-1,0.200179,-2.2714e-06,0.500298,-3.62506e-06,-1.00054,6.79563e-06,32000,32000,32000,32000
5.09,0.2,0.5,-1,0.200179,-2.26975e-06,0.500298,-3.62866e-06,-1.00054,6.79555e-06,32000,32000,32000,32000
5.091,0.2,0.5,-1,0.200179,-2.26813e-06,0.500298,-3.63223e-06,-1.00054,6.79546e-06,32000,32000,32000,32000
5.092,0.2,0.5,-1,0.200179,-2.26653e-06,0.500298,-3.63576e-06,-1.00054,6.79538e-06,32000,32000,32000,32000
5.093,0.2,0.5,-1,0.200179,-2.26497e-06,0.500298,-3.63925e-06,-1.00054,6.79529e-06,32000,32000,32000,32000
5.094,0.2,0.5,-1,0.200179,-2.26344e-06,0.500298,-3.6427e-06,-1.00054,6.79521e-06,32000,32000,32000,32000
5.095,0.2,0.5,-1,0.200179,-2.26194e-06,0.500298,-3.64611e-06,-1.00054,6.79512e-06,32000,32000,32000,32000
5.096,0.2,0.5,-1,0.200179,-2.26047e-06,0.500298,-3.64947e-06,-1.00054,6.79504e-06,32000,32000,32000,32000
5.097,0.2,0.5,-1,0.200179,-2.25903e-06,0.500298,-3.65279e-06,-1.00054,6.79495e-06,32000,32000,32000,32000
5.098,0.2,0.5,-1,0.200179,-2.25762e-06,0.500298,-3.65605e-06,-1.00054,6.79487e-06,32000,32000,32000,32000
5.099,0.2,0.5,-1,0.200179,-2.25624e-06,0.500298,-3.65927e-06,-1.00054,6.79478e-06,32000,32000,32000,32000
5.1,0.2,0.5,-1,0.200179,-2.2549e-06,0.500298,-3.66244e-06,-1.00054,6.7947e-06,32000,32000,32000,32000
5.101,0.2,0.5,-1,0.200179,-2.25359e-06,0.500298,-3.66555e-06,-1.00054,6.79461e-06,32000,32000,32000,32000
5.102,0.2,0.5,-1,0.200179,-2.2523e-06,0.500298,-3.66862e-06,-1.00054,6.79453e-06,32000,32000,32000,32000
5.103,0.2,0.5,-1,0.200179,-2.25105e-06,0.500298,-3.67162e-06,-1.00054,6.79444e-06,32000,32000,32000,32000
5.104,0.2,0.5,-1,0.200179,-2.24984e-06,0.500298,-3.67458e-06,-1.00054,6.79436e-06,32000,32000,32000,32000
5.105,0.2,0.5,-1,0.200179,-2.24865e-06,0.500298,-3.67747e-06,-1.00054,6.79427e-06,32000,32000,32000,32000
5.106,0.2,0.5,-1,0.200179,-2.2475e-06,0.500298,-3.68031e-06,-1.00054,6.79419e-06,32000,32000,32000,32000
5.107,0.2,0.5,-1,0.200179,-2.24638e-06,0.500298,-3.68309e-06,-1.00054,6.7941e-06,32000,32000,32000,32000
5.108,0.2,0.5,-1,0.200179,-2.24529e-06,0.500298,-3.68582e-06,-1.00054,6.79402e-06,32000,32000,32000,32000
5.109,0.2,0.5,-1,0.200179,-2.24423e-06,0.500298,-3.68848e-06,-1.00054,6.79393e-06,32000,32000,32000,32000
5.11,0.2,0.5,-1,0.200179,-2.2432e-06,0.500298,-3.69108e-06,-1.00054,6.79385e-06,32000,32000,32000,32000
5.111,0.2,0.5,-1,0.200179,-2.24221e-06,0.500298,-3.69363e-06,-1.00054,6.79376e-06,32000,32000,32000,32000
5.112,0.2,0.5,-1,0.200179,-2.24124e-06,0.500298,-3.69611e-06,-1.00054,6.79368e-06,32000,32000,32000,32000
5.113,0.2,0.5,-1,0.200179,-2.24031e-06,0.500298,-3.69854e-06,-1.00054,6.79359e-06,32000,32000,32000,32000
5.114,0.2,0.5,-1,0.200179,-2.2394e-06,0.500298,-3.7009e-06,-1.00054,6.79351e-06,32000,32000,32000,32000
5.115,0.2,0.5,-1,0.200179,-2.23853e-06,0.500298,-3.70321e-06,-1.00054,6.79342e-06,32000,32000,32000,32000
5.116,0.2,0.5,-1,0.200179,-2.23769e-06,0.500298,-3.70545e-06,-1.00054,6.79334e-06,32000,32000,32000,32000
5.117,0.2,0.5,-1,0.200179,-2.23688e-06,0.500298,-3.70763e-06,-1.00054,6.79325e-06,32000,32000,32000,32000
5.118,0.2,0.5,-1,0.200179,-2.23609e-06,0.500298,-3.70975e-06,-1.00054,6.79317e-06,32000,32000,32000,32000
5.119,0.2,0.5,-1,0.200179,-2.23534e-06,0.500298,-3.71181e-06,-1.00054,6.79308e-06,32000,32000,32000,32000
5.12,0.2,0.5,-1,0.200179,-2.23461e-06,0.500298,-3.71381e-06,-1.00054,6.793e-06,32000,32000,32000,32000
5.121,0.2,0.5,-1,0.200179,-2.23392e-06,0.500298,-3.71575e-06,-1.00054,6.79291e-06,32000,32000,32000,32000
5.122,0.2,0.5,-1,0.200179,-2.23325e-06,0.500298,-3.71763e-06,-1.00054,6.79283e-06,32000,32000,32000,32000
5.123,0.2,0.5,-1,0.200179,-2.23261e-06,0.500298,-3.71945e-06,-1.00054,6.79274e-06,32000,32000,32000,32000
5.124,0.2,0.5,-1,0.200179,-2.23199e-06,0.500298,-3.72121e-06,-1.00054,6.79266e-06,32000,32000,32000,32000
5.125,0.2,0.5,-1,0.200179,-2.23141e-06,0.500298,-3.72291e-06,-1.00054,6.79257e-06,32000,32000,32000,32000
5.126,0.2,0.5,-1,0.200179,-2.23085e-06,0.500298,-3.72456e-06,-1.00054,6.79249e-06,32000,32000,32000,32000
5.127,0.2,0.5,-1,0.200179,-2.23031e-06,0.500298,-3.72614e-06,-1.00054,6.7924e-06,32000,32000,32000,32000
5.128,0.2,0.5,-1,0.200179,-2.2298e-06,0.500298,-3.72767e-06,-1.00054,6.79232e-06,32000,32000,32000,32000
5.129,0.2,0.5,-1,0.200179,-2.22932e-06,0.500298,-3.72914e-06,-1.00054,6.79223e-06,32000,32000,32000,32000
5.13,0.2,0.5,-1,0.200179,-2.22886e-06,0.500298,-3.73055e-06,-1.00054,6.79215e-06,32000,32000,32000,32000
5.131,0.2,0.5,-1,0.200179,-2.22843e-06,0.500298,-3.73191e-06,-1.00054,6.79206e-06,32000,32000,32000,32000
5.132,0.2,0.5,-1,0.200179,-2.22801e-06,0.500298,-3.73322e-06,-1.00054,6.79198e-06,32000,32000,32000,32000
5.133,0.2,0.5,-1,0.200179,-2.22763e-06,0.500298,-3.73447e-06,-1.00054,6.79189e-06,32000,32000,32000,32000
5.134,0.2,0.5,-1,0.200179,-2.22726e-06,0.500298,-3.73566e-06,-1.00054,6.79181e-06,32000,32000,32000,32000
5.135,0.2,0.5,-1,0.200179,-2.22692e-06,0.500298,-3.7368e-06,-1.00054,6.79172e-06,32000,32000,32000,32000
5.136,0.2,0.5,-1,0.200179,-2.2266e-06,0.500298,-3.73789e-06,-1.00054,6.79164e-06,32000,32000,32000,32000
5.137,0.2,0.5,-1,0.200179,-2.2263e-06,0.500298,-3.73893e-06,-1.00054,6.79155e-06,32000,32000,32000,32000
5.138,0.2,0.5,-1,0.200179,-2.22602e-06,0.500298,-3.73992e-06,-1.00054,6.79147e-06,32000,32000,32000,32000
5.139,0.2,0.5,-1,0.200179,-2.22576e-06,0.500298,-3.74086e-06,-1.00054,6.79138e-06,32000,32000,32000,32000
5.14,0.2,0.5,-1,0.200179,-2.22552e-06,0.500298,-3.74175e-06,-1.00054,6.7913e-06,32000,32000,32000,32000
5.141,0.2,0.5,-1,0.200179,-2.2253e-06,0.500298,-3.74259e-06,-1.00054,6.79121e-06,32000,32000,32000,32000
5.142,0.2,0.5,-1,0.200179,-2.2251e-06,0.500298,-3.74339e-06,-1.00054,6.79113e-06,32000,32000,32000,32000
5.143,0.2,0.5,-1,0.200179,-2.22491e-06,0.500298,-3.74413e-06,-1.00054,6.79105e-06,32000,32000,32000,32000
5.144,0.2,0.5,-1,0.200179,-2.22475e-06,0.500298,-3.74484e-06,-1.00054,6.79096e-06,32000,32000,32000,32000
5.145,0.2,0.5,-1,0.200179,-2.2246e-06,0.500298,-3.74549e-06,-1.00054,6.79088e-06,32000,32000,32000,32000
5.146,0.2,0.5,-1,0.200179,-2.22447e-06,0.500298,-3.74611e-06,-1.00054,6.79079e-06,32000,32000,32000,32000
5.147,0.2,0.5,-1,0.200179,-2.22435e-06,0.500298,-3.74668e-06,-1.00054,6.79071e-06,32000,32000,32000,32000
5.148,0.2,0.5,-1,0.200179,-2.22425e-06,0.500298,-3.74721e-06,-1.00054,6.79062e-06,32000,32000,32000,32000
5.149,0.2,0.5,-1,0.200179,-2.22417e-06,0.500298,-3.7477e-06,-1.00054,6.79054e-06,32000,32000,32000,32000
5.15,0.2,0.5,-1,0.200179,-2.2241e-06,0.500298,-3.74815e-06,-1.00054,6.79045e-06,32000,32000,32000,32000
5.151,0.2,0.5,-1,0.200179,-2.22404e-06,0.500298,-3.74856e-06,-1.00054,6.79037e-06,32000,32000,32000,32000
5.152,0.2,0.5,-1,0.200179,-2.224e-06,0.500298,-3.74893e-06,-1.00054,6.79028e-06,32000,32000,32000,32000
5.153,0.2,0.5,-1,0.200179,-2.22397e-06,0.500298,-3.74927e-06,-1.00054,6.7902e-06,32000,32000,32000,32000
5.154,0.2,0.5,-1,0.200179,-2.22395e-06,0.500298,-3.74957e-06,-1.00054,6.79011e-06,32000,32000,32000,32000
5.155,0.2,0.5,-1,0.200179,-2.22395e-06,0.500298,-3.74983e-06,-1.00054,6.79003e-06,32000,32000,32000,32000
5.156,0.2,0.5,-1,0.200179,-2.22396e-06,0.500298,-3.75006e-06,-1.00054,6.78994e-06,32000,32000,32000,32000
5.157,0.2,0.5,-1,0.200179,-2.22398e-06,0.500298,-3.75026e-06,-1.00054,6.78986e-06,32000,32000,32000,32000
5.158,0.2,0.5,-1,0.200179,-2.22401e-06,0.500298,-3.75042e-06,-1.00054,6.78977e-06,32000,32000,32000,32000
5.159,0.2,0.5,-1,0.200179,-2.22405e-06,0.500298,-3.75056e-06,-1.00054,6.78969e-06,32000,32000,32000,32000
5.16,0.2,0.5,-1,0.200179,-2.2241e-06,0.500298,-3.75066e-06,-1.00054,6.7896e-06,32000,32000,32000,32000
5.161,0.2,0.5,-1,0.200179,-2.22416e-06,0.500298,-3.75074e-06,-1.00054,6.78952e-06,32000,32000,32000,32000
5.162,0.2,0.5,-1,0.200179,-2.22424e-06,0.500298,-3.75078e-06,-1.00054,6.78943e-06,32000,32000,32000,32000
5.163,0.2,0.5,-1,0.200179,-2.22431e-06,0.500298,-3.7508e-06,-1.00054,6.78935e-06,32000,32000,32000,32000
5.164,0.2,0.5,-1,0.200179,-2.2244e-06,0.500298,-3.75079e-06,-1.00054,6.78926e-06,32000,32000,32000,32000
5.165,0.2,0.5,-1,0.200179,-2.2245e-06,0.500298,-3.75076e-06,-1.00054,6.78918e-06,32000,32000,32000,32000
5.166,0.2,0.5,-1,0.200179,-2.2246e-06,0.500298,-3.7507e-06,-1.00054,6.78909e-06,32000,32000,32000,32000
5.167,0.2,0.5,-1,0.200179,-2.22471e-06,0.500298,-3.75061e-06,-1.00054,6.78901e-06,32000,32000,32000,32000
5.168,0.2,0.5,-1,0.200179,-2.22483e-06,0.500298,-3.75051e-06,-1.00054,6.78892e-06,32000,32000,32000,32000
5.169,0.2,0.5,-1,0.200179,-2.22495e-06,0.500298,-3.75038e-06,-1.00054,6.78884e-06,32000,32000,32000,32000
5.17,0.2,0.5,-1,0.200179,-2.22508e-06,0.500298,-3.75023e-06,-1.00054,6.78875e-06,32000,32000,32000,32000
5.171,0.2,0.5,-1,0.200179,-2.22522e-06,0.500298,-3.75006e-06,-1.00054,6.78867e-06,32000,32000,32000,32000
5.172,0.2,0.5,-1,0.200179,-2.22536e-06,0.500298,-3.74987e-06,-1.00054,6.78858e-06,32000,32000,32000,32000
5.173,0.2,0.5,-1,0.200179,-2.2255e-06,0.500298,-3.74966e-06,-1.00054,6.7885e-06,32000,32000,32000,32000
5.174,0.2,0.5,-1,0.200179,-2.22565e-06,0.500298,-3.74944e-06,-1.00054,6.78841e-06,32000,32000,32000,32000
5.175,0.2,0.5,-1,0.200179,-2.22581e-06,0.500298,-3.7492e-06,-1.00054,6.78833e-06,32000,32000,32000,32000
5.176,0.2,0.5,-1,0.200179,-2.22596e-06,0.500298,-3.74894e-06,-1.00054,6.78824e-06,32000,32000,32000,32000
5.177,0.2,0.5,-1,0.200179,-2.22613e-06,0.500298,-3.74866e-06,-1.00054,6.78816e-06,32000,32000,32000,32000
5.178,0.2,0.5,-1,0.200179,-2.22629e-06,0.500298,-3.74837e-06,-1.00054,6.78807e-06,32000,32000,32000,32000
5.179,0.2,0.5,-1,0.200179,-2.22646e-06,0.500298,-3.74807e-06,-1.00054,6.78799e-06,32000,32000,32000,32000
5.18,0.2,0.5,-1,0.200179,-2.22663e-06,0.500298,-3.74775e-06,-1.00054,6.7879e-06,32000,32000,32000,32000
5.181,0.2,0.5,-1,0.200179,-2.2268e-06,0.500298,-3.74742e-06,-1.00054,6.78782e-06,32000,32000,32000,32000
5.182,0.2,0.5,-1,0.200179,-2.22698e-06,0.500298,-3.74708e-06,-1.00054,6.78773e-06,32000,32000,32000,32000
5.183,0.2,0.5,-1,0.200179,-2.22716e-06,0.500298,-3.74673e-06,-1.00054,6.78765e-06,32000,32000,32000,32000
5.184,0.2,0.5,-1,0.200179,-2.22734e-06,0.500298,-3.74637e-06,-1.00054,6.78756e-06,32000,32000,32000,32000
5.185,0.2,0.5,-1,0.200179,-2.22752e-06,0.500298,-3.746e-06,-1.00054,6.78748e-06,32000,32000,32000,32000
5.186,0.2,0.5,-1,0.200179,-2.2277e-06,0.500298,-3.74562e-06,-1.00054,6.78739e-06,32000,32000,32000,32000
5.187,0.2,0.5,-1,0.200179,-2.22788e-06,0.500298,-3.74523e-06,-1.00054,6.78731e-06,32000,32000,32000,32000
5.188,0.2,0.5,-1,0.200179,-2.22806e-06,0.500298,-3.74483e-06,-1.00054,6.78722e-06,32000,32000,32000,32000
5.189,0.2,0.5,-1,0.200179,-2.22825e-06,0.500298,-3.74442e-06,-1.00054,6.78714e-06,32000,32000,32000,32000
5.19,0.2,0.5,-1,0.200179,-2.22843e-06,0.500298,-3.74401e-06,-1.00054,6.78705e-06,32000,32000,32000,32000
5.191,0.2,0.5,-1,0.200179,-2.22861e-06,0.500298,-3.7436e-06,-1.00054,6.78697e-06,32000,32000,32000,32000
5.192,0.2,0.5,-1,0.200179,-2.2288e-06,0.500298,-3.74317e-06,-1.00054,6.78688e-06,32000,32000,32000,32000
5.193,0.2,0.5,-1,0.200179,-2.22898e-06,0.500298,-3.74275e-06,-1.00054,6.7868e-06,32000,32000,32000,32000
5.194,0.2,0.5,-1,0.200179,-2.22916e-06,0.500298,-3.74231e-06,-1.00054,6.78672e-06,32000,32000,32000,32000
5.195,0.2,0.5,-1,0.200179,-2.22935e-06,0.500298,-3.74188e-06,-1.00054,6.78663e-06,32000,32000,32000,32000
5.196,0.2,0.5,-1,0.200179,-2.22953e-06,0.500298,-3.74144e-06,-1.00054,6.78655e-06,32000,32000,32000,32000
5.197,0.2,0.5,-1,0.200179,-2.22971e-06,0.500298,-3.741e-06,-1.00054,6.78646e-06,32000,32000,32000,32000
5.198,0.2,0.5,-1,0.200179,-2.22988e-06,0.500298,-3.74055e-06,-1.00054,6.78638e-06,32000,32000,32000,32000
5.199,0.2,0.5,-1,0.200179,-2.23006e-06,0.500298,-3.74011e-06,-1.00054,6.78629e-06,32000,32000,32000,32000
5.2,0.2,0.5,-1,0.200179,-2.23024e-06,0.500298,-3.73966e-06,-1.00054,6.78621e-06,32000,32000,32000,32000
5.201,0.2,0.5,-1,0.200179,-2.23041e-06,0.500298,-3.73921e-06,-1.00054,6.78612e-06,32000,32000,32000,32000
5.202,0.2,0.5,-1,0.200179,-2.23058e-06,0.500298,-3.73876e-06,-1.00054,6.78604e-06,32000,32000,32000,32000
5.203,0.2,0.5,-1,0.200179,-2.23075e-06,0.500298,-3.73832e-06,-1.00054,6.78595e-06,32000,32000,32000,32000
5.204,0.2,0.5,-1,0.200179,-2.23092e-06,0.500298,-3.73787e-06,-1.00054,6.78587e-06,32000,32000,32000,32000
5.205,0.2,0.5,-1,0.200179,-2.23109e-06,0.500298,-3.73742e-06,-1.00054,6.78578e-06,32000,32000,32000,32000
5.206,0.2,0.5,-1,0.200179,-2.23125e-06,0.500298,-3.73697e-06,-1.00054,6.7857e-06,32000,32000,32000,32000
5.207,0.2,0.5,-1,0.200179,-2.23141e-06,0.500298,-3.73652e-06,-1.00054,6.78561e-06,32000,32000,32000,32000
5.208,0.2,0.5,-1,0.200179,-2.23157e-06,0.500298,-3.73608e-06,-1.00054,6.78553e-06,32000,32000,32000,32000
5.209,0.2,0.5,-1,0.200179,-2.23173e-06,0.500298,-3.73564e-06,-1.00054,6.78544e-06,32000,32000,32000,32000
5.21,0.2,0.5,-1,0.200179,-2.23188e-06,0.500298,-3.7352e-06,-1.00054,6.78536e-06,32000,32000,32000,32000
5.211,0.2,0.5,-1,0.200179,-2.23203e-06,0.500298,-3.73476e-06,-1.00054,6.78527e-06,32000,32000,32000,32000
5.212,0.2,0.5,-1,0.200179,-2.23218e-06,0.500298,-3.73432e-06,-1.00054,6.78519e-06,32000,32000,32000,32000
5.213,0.2,0.5,-1,0.200179,-2.23232e-06,0.500298,-3.73389e-06,-1.00054,6.7851e-06,32000,32000,32000,32000
5.214,0.2,0.5,-1,0.200179,-2.23247e-06,0.500298,-3.73346e-06,-1.00054,6.78502e-06,32000,32000,32000,32000
5.215,0.2,0.5,-1,0.200179,-2.2326e-06,0.500298,-3.73304e-06,-1.00054,6.78493e-06,32000,32000,32000,32000
5.216,0.2,0.5,-1,0.200179,-2.23274e-06,0.500298,-3.73262e-06,-1.00054,6.78485e-06,32000,32000,32000,32000
5.217,0.2,0.5,-1,0.200179,-2.23287e-06,0.500298,-3.7322e-06,-1.00054,6.78476e-06,32000,32000,32000,32000
5.218,0.2,0.5,-1,0.200179,-2.233e-06,0.500298,-3.73179e-06,-1.00054,6.78468e-06,32000,32000,32000,32000
5.219,0.2,0.5,-1,0.200179,-2.23313e-06,0.500298,-3.73138e-06,-1.00054,6.78459e-06,32000,32000,32000,32000
5.22,0.2,0.5,-1,0.200179,-2.23325e-06,0.500298,-3.73098e-06,-1.00054,6.78451e-06,32000,32000,32000,32000
5.221,0.2,0.5,-1,0.200179,-2.23337e-06,0.500298,-3.73058e-06,-1.00054,6.78442e-06,32000,32000,32000,32000
5.222,0.2,0.5,-1,0.200179,-2.23349e-06,0.500298,-3.73018e-06,-1.00054,6.78434e-06,32000,32000,32000,32000
5.223,0.2,0.5,-1,0.200179,-2.2336e-06,0.500298,-3.7298e-06,-1.00054,6.78425e-06,32000,32000,32000,32000
5.224,0.2,0.5,-1,0.200179,-2.23371e-06,0.500298,-3.72941e-06,-1.00054,6.78417e-06,32000,32000,32000,32000
5.225,0.2,0.5,-1,0.200179,-2.23382e-06,0.500298,-3.72903e-06,-1.00054,6.78408e-06,32000,32000,32000,32000
5.226,0.2,0.5,-1,0.200179,-2.23393e-06,0.500298,-3.72866e-06,-1.00054,6.784e-06,32000,32000,32000,32000
5.227,0.2,0.5,-1,0.200179,-2.23403e-06,0.500298,-3.7283e-06,-1.00054,6.78391e-06,32000,32000,32000,32000
5.228,0.2,0.5,-1,0.200179,-2.23412e-06,0.500298,-3.72793e-06,-1.00054,6.78383e-06,32000,32000,32000,32000
5.229,0.2,0.5,-1,0.200179,-2.23422e-06,0.500298,-3.72758e-06,-1.00054,6.78375e-06,32000,32000,32000,32000
5.23,0.2,0.5,-1,0.200179,-2.23431e-06,0.500298,-3.72723e-06,-1.00054,6.78366e-06,32000,32000,32000,32000
5.231,0.2,0.5,-1,0.200179,-2.23439e-06,0.500298,-3.72689e-06,-1.00054,6.78358e-06,32000,32000,32000,32000
5.232,0.2,0.5,-1,0.200179,-2.23448e-06,0.500298,-3.72655e-06,-1.00054,6.78349e-06,32000,32000,32000,32000
5.233,0.2,0.5,-1,0.200179,-2.23456e-06,0.500298,-3.72622e-06,-1.00054,6.78341e-06,32000,32000,32000,32000
5.234,0.2,0.5,-1,0.200179,-2.23464e-06,0.500298,-3.72589e-06,-1.00054,6.78332e-06,32000,32000,32000,32000
5.235,0.2,0.5,-1,0.200179,-2.23471e-06,0.500298,-3.72558e-06,-1.00054,6.78324e-06,32000,32000,32000,32000
5.236,0.2,0.5,-1,0.200179,-2.23478e-06,0.500298,-3.72526e-06,-1.00054,6.78315e-06,32000,32000,32000,32000
5.237,0.2,0.5,-1,0.200179,-2.23485e-06,0.500298,-3.72496e-06,-1.00054,6.78307e-06,32000,32000,32000,32000
5.238,0.2,0.5,-1,0.200179,-2.23491e-06,0.500298,-3.72466e-06,-1.00054,6.78298e-06,32000,32000,32000,32000
5.239,0.2,0.5,-1,0.200179,-2.23497e-06,0.500298,-3.72436e-06,-1.00054,6.7829e-06,32000,32000,32000,32000
5.24,0.2,0.5,-1,0.200179,-2.23503e-06,0.500298,-3.72408e-06,-1.00054,6.78281e-06,32000,32000,32000,32000
5.241,0.2,0.5,-1,0.200179,-2.23509e-06,0.500298,-3.7238e-06,-1.00054,6.78273e-06,32000,32000,32000,32000
5.242,0.2,0.5,-1,0.200179,-2.23514e-06,0.500298,-3.72352e-06,-1.00054,6.78264e-06,32000,32000,32000,32000
5.243,0.2,0.5,-1,0.200179,-2.23519e-06,0.500298,-3.72325e-06,-1.00054,6.78256e-06,32000,32000,32000,32000
5.244,0.2,0.5,-1,0.200179,-2.23523e-06,0.500298,-3.72299e-06,-1.00054,6.78247e-06,32000,32000,32000,32000
5.245,0.2,0.5,-1,0.200179,-2.23527e-06,0.500298,-3.72274e-06,-1.00054,6.78239e-06,32000,32000,32000,32000
5.246,0.2,0.5,-1,0.200179,-2.23531e-06,0.500298,-3.72249e-06,-1.00054,6.7823e-06,32000,32000,32000,32000
5.247,0.2,0.5,-1,0.200179,-2.23535e-06,0.500298,-3.72224e-06,-1.00054,6.78222e-06,32000,32000,32000,32000
5.248,0.2,0.5,-1,0.200179,-2.23538e-06,0.500298,-3.72201e-06,-1.00054,6.78213e-06,32000,32000,32000,32000
5.249,0.2,0.5,-1,0.200179,-2.23542e-06,0.500298,-3.72178e-06,-1.00054,6.78205e-06,32000,32000,32000,32000
5.25,0.2,0.5,-1,0.200179,-2.23544e-06,0.500298,-3.72155e-06,-1.00054,6.78196e-06,32000,32000,32000,32000
5.251,0.2,0.5,-1,0.200179,-2.23547e-06,0.500298,-3.72133e-06,-1.00054,6.78188e-06,32000,32000,32000,32000
5.252,0.2,0.5,-1,0.200179,-2.23549e-06,0.500298,-3.72112e-06,-1.00054,6.78179e-06,32000,32000,32000,32000
5.253,0.2,0.5,-1,0.200179,-2.23551e-06,0.500298,-3.72091e-06,-1.00054,6.78171e-06,32000,32000,32000,32000
5.254,0.2,0.5,-1,0.200179,-2.23553e-06,0.500298,-3.72071e-06,-1.00054,6.78162e-06,32000,32000,32000,32000
5.255,0.2,0.5,-1,0.200179,-2.23555e-06,0.500298,-3.72052e-06,-1.00054,6.78154e-06,32000,32000,32000,32000
5.256,0.2,0.5,-1,0.200179,-2.23556e-06,0.500298,-3.72033e-06,-1.00054,6.78145e-06,32000,32000,32000,32000
5.257,0.2,0.5,-1,0.200179,-2.23557e-06,0.500298,-3.72015e-06,-1.00054,6.78137e-06,32000,32000,32000,32000
5.258,0.2,0.5,-1,0.200179,-2.23558e-06,0.500298,-3.71997e-06,-1.00054,6.78129e-06,32000,32000,32000,32000
5.259,0.2,0.5,-1,0.200179,-2.23558e-06,0.500298,-3.7198e-06,-1.00054,6.7812e-06,32000,32000,32000,32000
5.26,0.2,0.5,-1,0.200179,-2.23558e-06,0.500298,-3.71963e-06,-1.00054,6.78112e-06,32000,32000,32000,32000
5.261,0.2,0.5,-1,0.200179,-2.23559e-06,0.500298,-3.71947e-06,-1.00054,6.78103e-06,32000,32000,32000,32000
5.262,0.2,0.5,-1,0.200179,-2.23558e-06,0.500298,-3.71931e-06,-1.00054,6.78095e-06,32000,32000,32000,32000
5.263,0.2,0.5,-1,0.200179,-2.23558e-06,0.500298,-3.71916e-06,-1.00054,6.78086e-06,32000,32000,32000,32000
5.264,0.2,0.5,-1,0.200179,-2.23558e-06,0.500298,-3.71902e-06,-1.00054,6.78078e-06,32000,32000,32000,32000
5.265,0.2,0.5,-1,0.200179,-2.23557e-06,0.500298,-3.71888e-06,-1.00054,6.78069e-06,32000,32000,32000,32000
5.266,0.2,0.5,-1,0.200179,-2.23556e-06,0.500298,-3.71874e-06,-1.00054,6.78061e-06,32000,32000,32000,32000
5.267,0.2,0.5,-1,0.200179,-2.23555e-06,0.500297,-3.71861e-06,-1.00054,6.78052e-06,32000,32000,32000,32000
5.268,0.2,0.5,-1,0.200179,-2.23554e-06,0.500297,-3.71848e-06,-1.00054,6.78044e-06,32000,32000,32000,32000
5.269,0.2,0.5,-1,0.200179,-2.23552e-06,0.500297,-3.71836e-06,-1.00054,6.78035e-06,32000,32000,32000,32000
5.27,0.2,0.5,-1,0.200179,-2.2355e-06,0.500297,-3.71825e-06,-1.00054,6.78027e-06,32000,32000,32000,32000
5.271,0.2,0.5,-1,0.200179,-2.23549e-06,0.500297,-3.71813e-06,-1.00054,6.78018e-06,32000,32000,32000,32000
5.272,0.2,0.5,-1,0.200179,-2.23547e-06,0.500297,-3.71803e-06,-1.00054,6.7801e-06,32000,32000,32000,32000
5.273,0.2,0.5,-1,0.200179,-2.23544e-06,0.500297,-3.71792e-06,-1.00054,6.78001e-06,32000,32000,32000,32000
5.274,0.2,0.5,-1,0.200179,-2.23542e-06,0.500297,-3.71782e-06,-1.00054,6.77993e-06,32000,32000,32000,32000
5.275,0.2,0.5,-1,0.200179,-2.2354e-06,0.500297,-3.71773e-06,-1.00054,6.77984e-06,32000,32000,32000,32000
5.276,0.2,0.5,-1,0.200179,-2.23537e-06,0.500297,-3.71764e-06,-1.00054,6.77976e-06,32000,32000,32000,32000
5.277,0.2,0.5,-1,0.200179,-2.23534e-06,0.500297,-3.71755e-06,-1.00054,6.77967e-06,32000,32000,32000,32000
5.278,0.2,0.5,-1,0.200179,-2.23531e-06,0.500297,-3.71747e-06,-1.00054,6.77959e-06,32000,32000,32000,32000
5.279,0.2,0.5,-1,0.200179,-2.23528e-06,0.500297,-3.71739e-06,-1.00054,6.7795e-06,32000,32000,32000,32000
5.28,0.2,0.5,-1,0.200179,-2.23525e-06,0.500297,-3.71731e-06,-1.00054,6.77942e-06,32000,32000,32000,32000
5.281,0.2,0.5,-1,0.200179,-2.23522e-06,0.500297,-3.71724e-06,-1.00054,6.77934e-06,32000,32000,32000,32000
5.282,0.2,0.5,-1,0.200179,-2.23519e-06,0.500297,-3.71717e-06,-1.00054,6.77925e-06,32000,32000,32000,32000
5.283,0.2,0.5,-1,0.200179,-2.23515e-06,0.500297,-3.7171e-06,-1.00054,6.77917e-06,32000,32000,32000,32000
5.284,0.2,0.5,-1,0.200179,-2.23511e-06,0.500297,-3.71704e-06,-1.00054,6.77908e-06,32000,32000,32000,32000
5.285,0.2,0.5,-1,0.200179,-2.23508e-06,0.500297,-3.71698e-06,-1.00054,6.779e-06,32000,32000,32000,32000
5.286,0.2,0.5,-1,0.200179,-2.23504e-06,0.500297,-3.71692e-06,-1.00054,6.77891e-06,32000,32000,32000,32000
5.287,0.2,0.5,-1,0.200179,-2.235e-06,0.500297,-3.71687e-06,-1.00054,6.77883e-06,32000,32000,32000,32000
5.288,0.2,0.5,-1,0.200179,-2.23496e-06,0.500297,-3.71682e-06,-1.00054,6.77874e-06,32000,32000,32000,32000
5.289,0.2,0.5,-1,0.200179,-2.23492e-06,0.500297,-3.71677e-06,-1.00054,6.77866e-06,32000,32000,32000,32000
5.29,0.2,0.5,-1,0.200179,-2.23488e-06,0.500297,-3.71672e-06,-1.00054,6.77857e-06,32000,32000,32000,32000
5.291,0.2,0.5,-1,0.200179,-2.23484e-06,0.500297,-3.71668e-06,-1.00054,6.77849e-06,32000,32000,32000,32000
5.292,0.2,0.5,-1,0.200179,-2.23479e-06,0.500297,-3.71664e-06,-1.00054,6.7784e-06,32000,32000,32000,32000
5.293,0.2,0.5,-1,0.200179,-2.23475e-06,0.500297,-3.7166e-06,-1.00054,6.77832e-06,32000,32000,32000,32000
5.294,0.2,0.5,-1,0.200179,-2.23471e-06,0.500297,-3.71656e-06,-1.00054,6.77823e-06,32000,32000,32000,32000
5.295,0.2,0.5,-1,0.200179,-2.23466e-06,0.500297,-3.71653e-06,-1.00054,6.77815e-06,32000,32000,32000,32000
5.296,0.2,0.5,-1,0.200179,-2.23462e-06,0.500297,-3.7165e-06,-1.00054,6.77806e-06,32000,32000,32000,32000
5.297,0.2,0.5,-1,0.200179,-2.23457e-06,0.500297,-3.71647e-06,-1.00054,6.77798e-06,32000,32000,32000,32000
5.298,0.2,0.5,-1,0.200179,-2.23452e-06,0.500297,-3.71644e-06,-1.00054,6.77789e-06,32000,32000,32000,32000
5.299,0.2,0.5,-1,0.200179,-2.23448e-06,0.500297,-3.71641e-06,-1.00054,6.77781e-06,32000,32000,32000,32000
5.3,0.2,0.5,-1,0.200179,-2.23443e-06,0.500297,-3.71639e-06,-1.00054,6.77772e-06,32000,32000,32000,32000
5.301,0.2,0.5,-1,0.200179,-2.23438e-06,0.500297,-3.71636e-06,-1.00054,6.77764e-06,32000,32000,32000,32000
5.302,0.2,0.5,-1,0.200179,-2.23433e-06,0.500297,-3.71634e-06,-1.00054,6.77755e-06,32000,32000,32000,32000
5.303,0.2,0.5,-1,0.200179,-2.23429e-06,0.500297,-3.71632e-06,-1.00054,6.77747e-06,32000,32000,32000,32000
5.304,0.2,0.5,-1,0.200179,-2.23424e-06,0.500297,-3.7163e-06,-1.00054,6.77739e-06,32000,32000,32000,32000
5.305,0.2,0.5,-1,0.200179,-2.23419e-06,0.500297,-3.71629e-06,-1.00054,6.7773e-06,32000,32000,32000,32000
5.306,0.2,0.5,-1,0.200179,-2.23414e-06,0.500297,-3.71627e-06,-1.00054,6.77722e-06,32000,32000,32000,32000
5.307,0.2,0.5,-1,0.200179,-2.23409e-06,0.500297,-3.71625e-06,-1.00054,6.77713e-06,32000,32000,32000,32000
5.308,0.2,0.5,-1,0.200179,-2.23404e-06,0.500297,-3.71624e-06,-1.00054,6.77705e-06,32000,32000,32000,32000
5.309,0.2,0.5,-1,0.200179,-2.23399e-06,0.500297,-3.71623e-06,-1.00054,6.77696e-06,32000,32000,32000,32000
5.31,0.2,0.5,-1,0.200179,-2.23394e-06,0.500297,-3.71622e-06,-1.00054,6.77688e-06,32000,32000,32000,32000
5.311,0.2,0.5,-1,0.200179,-2.23389e-06,0.500297,-3.71621e-06,-1.00054,6.77679e-06,32000,32000,32000,32000
5.312,0.2,0.5,-1,0.200179,-2.23384e-06,0.500297,-3.7162e-06,-1.00054,6.77671e-06,32000,32000,32000,32000
5.313,0.2,0.5,-1,0.200179,-2.23379e-06,0.500297,-3.71619e-06,-1.00054,6.77662e-06,32000,32000,32000,32000
5.314,0.2,0.5,-1,0.200179,-2.23374e-06,0.500297,-3.71618e-06,-1.00054,6.77654e-06,32000,32000,32000,32000
5.315,0.2,0.5,-1,0.200179,-2.23369e-06,0.500297,-3.71617e-06,-1.00054,6.77645e-06,32000,32000,32000,32000
5.316,0.2,0.5,-1,0.200179,-2.23364e-06,0.500297,-3.71616e-06,-1.00054,6.77637e-06,32000,32000,32000,32000
5.317,0.2,0.5,-1,0.200179,-2.23359e-06,0.500297,-3.71615e-06,-1.00054,6.77628e-06,32000,32000,32000,32000
5.318,0.2,0.5,-1,0.200179,-2.23354e-06,0.500297,-3.71615e-06,-1.00054,6.7762e-06,32000,32000,32000,32000
5.319,0.2,0.5,-1,0.200179,-2.23349e-06,0.500297,-3.71614e-06,-1.00054,6.77611e-06,32000,32000,32000,32000
5.32,0.2,0.5,-1,0.200179,-2.23344e-06,0.500297,-3.71614e-06,-1.00054,6.77603e-06,32000,32000,32000,32000
5.321,0.2,0.5,-1,0.200179,-2.23339e-06,0.500297,-3.71613e-06,-1.00054,6.77594e-06,32000,32000,32000,32000
5.322,0.2,0.5,-1,0.200179,-2.23334e-06,0.500297,-3.71613e-06,-1.00054,6.77586e-06,32000,32000,32000,32000
5.323,0.2,0.5,-1,0.200179,-2.23329e-06,0.500297,-3.71612e-06,-1.00054,6.77578e-06,32000,32000,32000,32000
5.324,0.2,0.5,-1,0.200179,-2.23324e-06,0.500297,-3.71612e-06,-1.00054,6.77569e-06,32000,32000,32000,32000
5.325,0.2,0.5,-1,0.200179,-2.23319e-06,0.500297,-3.71611e-06,-1.00054,6.77561e-06,32000,32000,32000,32000
5.326,0.2,0.5,-1,0.200179,-2.23315e-06,0.500297,-3.71611e-06,-1.00054,6.77552e-06,32000,32000,32000,32000
5.327,0.2,0.5,-1,0.200179,-2.2331e-06,0.500297,-3.7161e-06,-1.00054,6.77544e-06,32000,32000,32000,32000
5.328,0.2,0.5,-1,0.200179,-2.23305e-06,0.500297,-3.7161e-06,-1.00054,6.77535e-06,32000,32000,32000,32000
5.329,0.2,0.5,-1,0.200179,-2.233e-06,0.500297,-3.71609e-06,-1.00054,6.77527e-06,32000,32000,32000,32000
5.33,0.2,0.5,-1,0.200179,-2.23295e-06,0.500297,-3.71609e-06,-1.00054,6.77518e-06,32000,32000,32000,32000
5.331,0.2,0.5,-1,0.200179,-2.23291e-06,0.500297,-3.71608e-06,-1.00054,6.7751e-06,32000,32000,32000,32000
5.332,0.2,0.5,-1,0.200179,-2.23286e-06,0.500297,-3.71608e-06,-1.00054,6.77501e-06,32000,32000,32000,32000
5.333,0.2,0.5,-1,0.200179,-2.23281e-06,0.500297,-3.71607e-06,-1.00054,6.77493e-06,32000,32000,32000,32000
5.334,0.2,0.5,-1,0.200179,-2.23276e-06,0.500297,-3.71607e-06,-1.00054,6.77484e-06,32000,32000,32000,32000
5.335,0.2,0.5,-1,0.200179,-2.23272e-06,0.500297,-3.71606e-06,-1.00054,6.77476e-06,32000,32000,32000,32000
5.336,0.2,0.5,-1,0.200178,-2.23267e-06,0.500297,-3.71606e-06,-1.00054,6.77467e-06,32000,32000,32000,32000
5.337,0.2,0.5,-1,0.200178,-2.23262e-06,0.500297,-3.71605e-06,-1.00054,6.77459e-06,32000,32000,32000,32000
5.338,0.2,0.5,-1,0.200178,-2.23258e-06,0.500297,-3.71605e-06,-1.00054,6.7745e-06,32000,32000,32000,32000
5.339,0.2,0.5,-1,0.200178,-2.23253e-06,0.500297,-3.71604e-06,-1.00054,6.77442e-06,32000,32000,32000,32000
5.34,0.2,0.5,-1,0.200178,-2.23249e-06,0.500297,-3.71603e-06,-1.00054,6.77433e-06,32000,32000,32000,32000
5.341,0.2,0.5,-1,0.200178,-2.23244e-06,0.500297,-3.71602e-06,-1.00054,6.77425e-06,32000,32000,32000,32000
5.342,0.2,0.5,-1,0.200178,-2.2324e-06,0.500297,-3.71601e-06,-1.00054,6.77417e-06,32000,32000,32000,32000
5.343,0.2,0.5,-1,0.200178,-2.23235e-06,0.500297,-3.71601e-06,-1.00054,6.77408e-06,32000,32000,32000,32000
5.344,0.2,0.5,-1,0.200178,-2.23231e-06,0.500297,-3.716e-06,-1.00054,6.774e-06,32000,32000,32000,32000
5.345,0.2,0.5,-1,0.200178,-2.23227e-06,0.500297,-3.71599e-06,-1.00054,6.77391e-06,32000,32000,32000,32000
5.346,0.2,0.5,-1,0.200178,-2.23222e-06,0.500297,-3.71598e-06,-1.00054,6.77383e-06,32000,32000,32000,32000
5.347,0.2,0.5,-1,0.200178,-2.23218e-06,0.500297,-3.71597e-06,-1.00054,6.77374e-06,32000,32000,32000,32000
5.348,0.2,0.5,-1,0.200178,-2.23214e-06,0.500297,-3.71596e-06,-1.00054,6.77366e-06,32000,32000,32000,32000
5.349,0.2,0.5,-1,0.200178,-2.2321e-06,0.500297,-3.71594e-06,-1.00054,6.77357e-06,32000,32000,32000,32000
5.35,0.2,0.5,-1,0.200178,-2.23206e-06,0.500297,-3.71593e-06,-1.00054,6.77349e-06,32000,32000,32000,32000
5.351,0.2,0.5,-1,0.200178,-2.23201e-06,0.500297,-3.71592e-06,-1.00054,6.7734e-06,32000,32000,32000,32000
5.352,0.2,0.5,-1,0.200178,-2.23197e-06,0.500297,-3.71591e-06,-1.00054,6.77332e-06,32000,32000,32000,32000
5.353,0.2,0.5,-1,0.200178,-2.23193e-06,0.500297,-3.71589e-06,-1.00054,6.77323e-06,32000,32000,32000,32000
5.354,0.2,0.5,-1,0.200178,-2.23189e-06,0.500297,-3.71588e-06,-1.00054,6.77315e-06,32000,32000,32000,32000
5.355,0.2,0.5,-1,0.200178,-2.23185e-06,0.500297,-3.71586e-06,-1.00054,6.77306e-06,32000,32000,32000,32000
5.356,0.2,0.5,-1,0.200178,-2.23181e-06,0.500297,-3.71585e-06,-1.00054,6.77298e-06,32000,32000,32000,32000
5.357,0.2,0.5,-1,0.200178,-2.23177e-06,0.500297,-3.71583e-06,-1.00054,6.77289e-06,32000,32000,32000,32000
5.358,0.2,0.5,-1,0.200178,-2.23173e-06,0.500297,-3.71581e-06,-1.00054,6.77281e-06,32000,32000,32000,32000
5.359,0.2,0.5,-1,0.200178,-2.2317e-06,0.500297,-3.71579e-06,-1.00054,6.77273e-06,32000,32000,32000,32000
5.36,0.2,0.5,-1,0.200178,-2.23166e-06,0.500297,-3.71577e-06,-1.00054,6.77264e-06,32000,32000,32000,32000
5.361,0.2,0.5,-1,0.200178,-2.23162e-06,0.500297,-3.71576e-06,-1.00054,6.77256e-06,32000,32000,32000,32000
5.362,0.2,0.5,-1,0.200178,-2.23158e-06,0.500297,-3.71574e-06,-1.00054,6.77247e-06,32000,32000,32000,32000
5.363,0.2,0.5,-1,0.200178,-2.23154e-06,0.500297,-3.71572e-06,-1.00054,6.77239e-06,32000,32000,32000,32000
5.364,0.2,0.5,-1,0.200178,-2.23151e-06,0.500297,-3.71569e-06,-1.00054,6.7723e-06,32000,32000,32000,32000
5.365,0.2,0.5,-1,0.200178,-2.23147e-06,0.500297,-3.71567e-06,-1.00054,6.77222e-06,32000,32000,32000,32000
5.366,0.2,0.5,-1,0.200178,-2.23143e-06,0.500297,-3.71565e-06,-1.00054,6.77213e-06,32000,32000,32000,32000
5.367,0.2,0.5,-1,0.200178,-2.2314e-06,0.500297,-3.71563e-06,-1.00054,6.77205e-06,32000,32000,32000,32000
5.368,0.2,0.5,-1,0.200178,-2.23136e-06,0.500297,-3.7156e-06,-1.00054,6.77196e-06,32000,32000,32000,32000
5.369,0.2,0.5,-1,0.200178,-2.23133e-06,0.500297,-3.71558e-06,-1.00054,6.77188e-06,32000,32000,32000,32000
5.37,0.2,0.5,-1,0.200178,-2.23129e-06,0.500297,-3.71555e-06,-1.00054,6.77179e-06,32000,32000,32000,32000
5.371,0.2,0.5,-1,0.200178,-2.23126e-06,0.500297,-3.71553e-06,-1.00054,6.77171e-06,32000,32000,32000,32000
5.372,0.2,0.5,-1,0.200178,-2.23122e-06,0.500297,-3.7155e-06,-1.00054,6.77162e-06,32000,32000,32000,32000
5.373,0.2,0.5,-1,0.200178,-2.23119e-06,0.500297,-3.71547e-06,-1.00054,6.77154e-06,32000,32000,32000,32000
5.374,0.2,0.5,-1,0.200178,-2.23116e-06,0.500297,-3.71545e-06,-1.00054,6.77146e-06,32000,32000,32000,32000
5.375,0.2,0.5,-1,0.200178,-2.23112e-06,0.500297,-3.71542e-06,-1.00054,6.77137e-06,32000,32000,32000,32000
5.376,0.2,0.5,-1,0.200178,-2.23109e-06,0.500297,-3.71539e-06,-1.00054,6.77129e-06,32000,32000,32000,32000
5.377,0.2,0.5,-1,0.200178,-2.23106e-06,0.500297,-3.71536e-06,-1.00054,6.7712e-06,32000,32000,32000,32000
5.378,0.2,0.5,-1,0.200178,-2.23102e-06,0.500297,-3.71533e-06,-1.00054,6.77112e-06,32000,32000,32000,32000
5.379,0.2,0.5,-1,0.200178,-2.23099e-06,0.500297,-3.7153e-06,-1.00054,6.77103e-06,32000,32000,32000,32000
5.38,0.2,0.5,-1,0.200178,-2.23096e-06,0.500297,-3.71527e-06,-1.00054,6.77095e-06,32000,32000,32000,32000
5.381,0.2,0.5,-1,0.200178,-2.23093e-06,0.500297,-3.71523e-06,-1.00054,6.77086e-06,32000,32000,32000,32000
5.382,0.2,0.5,-1,0.200178,-2.23089e-06,0.500297,-3.7152e-06,-1.00054,6.77078e-06,32000,32000,32000,32000
5.383,0.2,0.5,-1,0.200178,-2.23086e-06,0.500297,-3.71517e-06,-1.00054,6.77069e-06,32000,32000,32000,32000
5.384,0.2,0.5,-1,0.200178,-2.23083e-06,0.500297,-3.71513e-06,-1.00054,6.77061e-06,32000,32000,32000,32000
5.385,0.2,0.5,-1,0.200178,-2.2308e-06,0.500297,-3.7151e-06,-1.00054,6.77052e-06,32000,32000,32000,32000
5.386,0.2,0.5,-1,0.200178,-2.23077e-06,0.500297,-3.71507e-06,-1.00054,6.77044e-06,32000,32000,32000,32000
5.387,0.2,0.5,-1,0.200178,-2.23074e-06,0.500297,-3.71503e-06,-1.00054,6.77035e-06,32000,32000,32000,32000
5.388,0.2,0.5,-1,0.200178,-2.23071e-06,0.500297,-3.71499e-06,-1.00054,6.77027e-06,32000,32000,32000,32000
5.389,0.2,0.5,-1,0.200178,-2.23068e-06,0.500297,-3.71496e-06,-1.00054,6.77018e-06,32000,32000,32000,32000
5.39,0.2,0.5,-1,0.200178,-2.23065e-06,0.500297,-3.71492e-06,-1.00054,6.7701e-06,32000,32000,32000,32000
5.391,0.2,0.5,-1,0.200178,-2.23062e-06,0.500297,-3.71488e-06,-1.00054,6.77002e-06,32000,32000,32000,32000
5.392,0.2,0.5,-1,0.200178,-2.23059e-06,0.500297,-3.71485e-06,-1.00054,6.76993e-06,32000,32000,32000,32000
5.393,0.2,0.5,-1,0.200178,-2.23056e-06,0.500297,-3.71481e-06,-1.00054,6.76985e-06,32000,32000,32000,32000
5.394,0.2,0.5,-1,0.200178,-2.23053e-06,0.500297,-3.71477e-06,-1.00054,6.76976e-06,32000,32000,32000,32000
5.395,0.2,0.5,-1,0.200178,-2.2305e-06,0.500297,-3.71473e-06,-1.00054,6.76968e-06,32000,32000,32000,32000
5.396,0.2,0.5,-1,0.200178,-2.23047e-06,0.500297,-3.71469e-06,-1.00054,6.76959e-06,32000,32000,32000,32000
5.397,0.2,0.5,-1,0.200178,-2.23044e-06,0.500297,-3.71465e-06,-1.00054,6.76951e-06,32000,32000,32000,32000
5.398,0.2,0.5,-1,0.200178,-2.23042e-06,0.500297,-3.71461e-06,-1.00054,6.76942e-06,32000,32000,32000,32000
5.399,0.2,0.5,-1,0.200178,-2.23039e-06,0.500297,-3.71457e-06,-1.00054,6.76934e-06,32000,32000,32000,32000
5.4,0.2,0.5,-1,0.200178,-2.23036e-06,0.500297,-3.71452e-06,-1.00054,6.76925e-06,32000,32000,32000,32000
5.401,0.2,0.5,-1,0.200178,-2.23033e-06,0.500297,-3.71448e-06,-1.00054,6.76917e-06,32000,32000,32000,32000
5.402,0.2,0.5,-1,0.200178,-2.2303e-06,0.500297,-3.71444e-06,-1.00054,6.76908e-06,32000,32000,32000,32000
5.403,0.2,0.5,-1,0.200178,-2.23028e-06,0.500297,-3.7144e-06,-1.00054,6.769e-06,32000,32000,32000,32000
5.404,0.2,0.5,-1,0.200178,-2.23025e-06,0.500297,-3.71435e-06,-1.00054,6.76892e-06,32000,32000,32000,32000
5.405,0.2,0.5,-1,0.200178,-2.23022e-06,0.500297,-3.71431e-06,-1.00054,6.76883e-06,32000,32000,32000,32000
5.406,0.2,0.5,-1,0.200178,-2.23019e-06,0.500297,-3.71427e-06,-1.00054,6.76875e-06,32000,32000,32000,32000
5.407,0.2,0.5,-1,0.200178,-2.23017e-06,0.500297,-3.71422e-06,-1.00054,6.76866e-06,32000,32000,32000,32000
5.408,0.2,0.5,-1,0.200178,-2.23014e-06,0.500297,-3.71418e-06,-1.00054,6.76858e-06,32000,32000,32000,32000
5.409,0.2,0.5,-1,0.200178,-2.23011e-06,0.500297,-3.71413e-06,-1.00054,6.76849e-06,32000,32000,32000,32000
5.41,0.2,0.5,-1,0.200178,-2.23009e-06,0.500297,-3.71409e-06,-1.00054,6.76841e-06,32000,32000,32000,32000
5.411,0.2,0.5,-1,0.200178,-2.23006e-06,0.500297,-3.71404e-06,-1.00054,6.76832e-06,32000,32000,32000,32000
5.412,0.2,0.5,-1,0.200178,-2.23003e-06,0.500297,-3.714e-06,-1.00054,6.76824e-06,32000,32000,32000,32000
5.413,0.2,0.5,-1,0.200178,-2.23001e-06,0.500297,-3.71395e-06,-1.00054,6.76815e-06,32000,32000,32000,32000
5.414,0.2,0.5,-1,0.200178,-2.22998e-06,0.500297,-3.7139e-06,-1.00054,6.76807e-06,32000,32000,32000,32000
5.415,0.2,0.5,-1,0.200178,-2.22995e-06,0.500297,-3.71386e-06,-1.00054,6.76798e-06,32000,32000,32000,32000
5.416,0.2,0.5,-1,0.200178,-2.22993e-06,0.500297,-3.71381e-06,-1.00054,6.7679e-06,32000,32000,32000,32000
5.417,0.2,0.5,-1,0.200178,-2.2299e-06,0.500297,-3.71376e-06,-1.00054,6.76781e-06,32000,32000,32000,32000
5.418,0.2,0.5,-1,0.200178,-2.22987e-06,0.500297,-3.71371e-06,-1.00054,6.76773e-06,32000,32000,32000,32000
5.419,0.2,0.5,-1,0.200178,-2.22985e-06,0.500297,-3.71367e-06,-1.00054,6.76765e-06,32000,32000,32000,32000
5.42,0.2,0.5,-1,0.200178,-2.22982e-06,0.500297,-3.71362e-06,-1.00054,6.76756e-06,32000,32000,32000,32000
5.421,0.2,0.5,-1,0.200178,-2.2298e-06,0.500297,-3.71357e-06,-1.00054,6.76748e-06,32000,32000,32000,32000
5.422,0.2,0.5,-1,0.200178,-2.22977e-06,0.500297,-3.71352e-06,-1.00054,6.76739e-06,32000,32000,32000,32000
5.423,0.2,0.5,-1,0.200178,-2.22974e-06,0.500297,-3.71347e-06,-1.00054,6.76731e-06,32000,32000,32000,32000
5.424,0.2,0.5,-1,0.200178,-2.22972e-06,0.500297,-3.71343e-06,-1.00054,6.76722e-06,32000,32000,32000,32000
5.425,0.2,0.5,-1,0.200178,-2.22969e-06,0.500297,-3.71338e-06,-1.00054,6.76714e-06,32000,32000,32000,32000
5.426,0.2,0.5,-1,0.200178,-2.22967e-06,0.500297,-3.71333e-06,-1.00054,6.76705e-06,32000,32000,32000,32000
5.427,0.2,0.5,-1,0.200178,-2.22964e-06,0.500297,-3.71328e-06,-1.00054,6.76697e-06,32000,32000,32000,32000
5.428,0.2,0.5,-1,0.200178,-2.22962e-06,0.500297,-3.71323e-06,-1.00054,6.76688e-06,32000,32000,32000,32000
5.429,0.2,0.5,-1,0.200178,-2.22959e-06,0.500297,-3.71318e-06,-1.00054,6.7668e-06,32000,32000,32000,32000
5.43,0.2,0.5,-1,0.200178,-2.22956e-06,0.500297,-3.71313e-06,-1.00054,6.76671e-06,32000,32000,32000,32000
5.431,0.2,0.5,-1,0.200178,-2.22954e-06,0.500297,-3.71308e-06,-1.00054,6.76663e-06,32000,32000,32000,32000
5.432,0.2,0.5,-1,0.200178,-2.22951e-06,0.500297,-3.71303e-06,-1.00054,6.76655e-06,32000,32000,32000,32000
5.433,0.2,0.5,-1,0.200178,-2.22949e-06,0.500297,-3.71298e-06,-1.00054,6.76646e-06,32000,32000,32000,32000
5.434,0.2,0.5,-1,0.200178,-2.22946e-06,0.500297,-3.71293e-06,-1.00054,6.76638e-06,32000,32000,32000,32000
5.435,0.2,0.5,-1,0.200178,-2.22944e-06,0.500297,-3.71288e-06,-1.00054,6.76629e-06,32000,32000,32000,32000
5.436,0.2,0.5,-1,0.200178,-2.22941e-06,0.500297,-3.71283e-06,-1.00054,6.76621e-06,32000,32000,32000,32000
5.437,0.2,0.5,-1,0.200178,-2.22938e-06,0.500297,-3.71278e-06,-1.00054,6.76612e-06,32000,32000,32000,32000
5.438,0.2,0.5,-1,0.200178,-2.22936e-06,0.500297,-3.71273e-06,-1.00054,6.76604e-06,32000,32000,32000,32000
5.439,0.2,0.5,-1,0.200178,-2.22933e-06,0.500297,-3.71268e-06,-1.00054,6.76595e-06,32000,32000,32000,32000
5.44,0.2,0.5,-1,0.200178,-2.22931e-06,0.500297,-3.71263e-06,-1.00054,6.76587e-06,32000,32000,32000,32000
5.441,0.2,0.5,-1,0.200178,-2.22928e-06,0.500297,-3.71258e-06,-1.00054,6.76578e-06,32000,32000,32000,32000
5.442,0.2,0.5,-1,0.200178,-2.22926e-06,0.500297,-3.71253e-06,-1.00054,6.7657e-06,32000,32000,32000,32000
5.443,0.2,0.5,-1,0.200178,-2.22923e-06,0.500297,-3.71248e-06,-1.00054,6.76561e-06,32000,32000,32000,32000
5.444,0.2,0.5,-1,0.200178,-2.22921e-06,0.500297,-3.71243e-06,-1.00054,6.76553e-06,32000,32000,32000,32000
5.445,0.2,0.5,-1,0.200178,-2.22918e-06,0.500297,-3.71238e-06,-1.00054,6.76545e-06,32000,32000,32000,32000
5.446,0.2,0.5,-1,0.200178,-2.22915e-06,0.500297,-3.71232e-06,-1.00054,6.76536e-06,32000,32000,32000,32000
5.447,0.2,0.5,-1,0.200178,-2.22913e-06,0.500297,-3.71227e-06,-1.00054,6.76528e-06,32000,32000,32000,32000
5.448,0.2,0.5,-1,0.200178,-2.2291e-06,0.500297,-3.71222e-06,-1.00054,6.76519e-06,32000,32000,32000,32000
5.449,0.2,0.5,-1,0.200178,-2.22908e-06,0.500297,-3.71217e-06,-1.00054,6.76511e-06,32000,32000,32000,32000
5.45,0.2,0.5,-1,0.200178,-2.22905e-06,0.500297,-3.71212e-06,-1.00054,6.76502e-06,32000,32000,32000,32000
5.451,0.2,0.5,-1,0.200178,-2.22903e-06,0.500297,-3.71207e-06,-1.00054,6.76494e-06,32000,32000,32000,32000
5.452,0.2,0.5,-1,0.200178,-2.229e-06,0.500297,-3.71202e-06,-1.00054,6.76485e-06,32000,32000,32000,32000
5.453,0.2,0.5,-1,0.200178,-2.22897e-06,0.500297,-3.71197e-06,-1.00054,6.76477e-06,32000,32000,32000,32000
5.454,0.2,0.5,-1,0.200178,-2.22895e-06,0.500297,-3.71192e-06,-1.00054,6.76468e-06,32000,32000,32000,32000
5.455,0.2,0.5,-1,0.200178,-2.22892e-06,0.500297,-3.71187e-06,-1.00054,6.7646e-06,32000,32000,32000,32000
5.456,0.2,0.5,-1,0.200178,-2.2289e-06,0.500297,-3.71182e-06,-1.00054,6.76451e-06,32000,32000,32000,32000
5.457,0.2,0.5,-1,0.200178,-2.22887e-06,0.500297,-3.71177e-06,-1.00054,6.76443e-06,32000,32000,32000,32000
5.458,0.2,0.5,-1,0.200178,-2.22885e-06,0.500297,-3.71172e-06,-1.00054,6.76435e-06,32000,32000,32000,32000
5.459,0.2,0.5,-1,0.200178,-2.22882e-06,0.500297,-3.71166e-06,-1.00054,6.76426e-06,32000,32000,32000,32000
5.46,0.2,0.5,-1,0.200178,-2.22879e-06,0.500297,-3.71161e-06,-1.00054,6.76418e-06,32000,32000,32000,32000
5.461,0.2,0.5,-1,0.200178,-2.22877e-06,0.500297,-3.71156e-06,-1.00054,6.76409e-06,32000,32000,32000,32000
5.462,0.2,0.5,-1,0.200178,-2.22874e-06,0.500297,-3.71151e-06,-1.00054,6.76401e-06,32000,32000,32000,32000
5.463,0.2,0.5,-1,0.200178,-2.22872e-06,0.500297,-3.71146e-06,-1.00054,6.76392e-06,32000,32000,32000,32000
5.464,0.2,0.5,-1,0.200178,-2.22869e-06,0.500297,-3.71141e-06,-1.00054,6.76384e-06,32000,32000,32000,32000
5.465,0.2,0.5,-1,0.200178,-2.22866e-06,0.500297,-3.71136e-06,-1.00054,6.76375e-06,32000,32000,32000,32000
5.466,0.2,0.5,-1,0.200178,-2.22864e-06,0.500297,-3.71131e-06,-1.00054,6.76367e-06,32000,32000,32000,32000
5.467,0.2,0.5,-1,0.200178,-2.22861e-06,0.500297,-3.71126e-06,-1.00054,6.76358e-06,32000,32000,32000,32000
5.468,0.2,0.5,-1,0.200178,-2.22858e-06,0.500297,-3.71121e-06,-1.00054,6.7635e-06,32000,32000,32000,32000
5.469,0.2,0.5,-1,0.200178,-2.22856e-06,0.500297,-3.71116e-06,-1.00054,6.76342e-06,32000,32000,32000,32000
5.47,0.2,0.5,-1,0.200178,-2.22853e-06,0.500297,-3.71111e-06,-1.00054,6.76333e-06,32000,32000,32000,32000
5.471,0.2,0.5,-1,0.200178,-2.22851e-06,0.500297,-3.71106e-06,-1.00054,6.76325e-06,32000,32000,32000,32000
5.472,0.2,0.5,-1,0.200178,-2.22848e-06,0.500297,-3.71101e-06,-1.00054,6.76316e-06,32000,32000,32000,32000
5.473,0.2,0.5,-1,0.200178,-2.22845e-06,0.500297,-3.71096e-06,-1.00054,6.76308e-06,32000,32000,32000,32000
5.474,0.2,0.5,-1,0.200178,-2.22843e-06,0.500297,-3.71091e-06,-1.00054,6.76299e-06,32000,32000,32000,32000
5.475,0.2,0.5,-1,0.200178,-2.2284e-06,0.500297,-3.71086e-06,-1.00054,6.76291e-06,32000,32000,32000,32000
5.476,0.2,0.5,-1,0.200178,-2.22837e-06,0.500297,-3.71081e-06,-1.00054,6.76282e-06,32000,32000,32000,32000
5.477,0.2,0.5,-1,0.200178,-2.22835e-06,0.500297,-3.71076e-06,-1.00054,6.76274e-06,32000,32000,32000,32000
5.478,0.2,0.5,-1,0.200178,-2.22832e-06,0.500297,-3.71071e-06,-1.00054,6.76265e-06,32000,32000,32000,32000
5.479,0.2,0.5,-1,0.200178,-2.22829e-06,0.500297,-3.71066e-06,-1.00054,6.76257e-06,32000,32000,32000,32000
5.48,0.2,0.5,-1,0.200178,-2.22827e-06,0.500297,-3.71061e-06,-1.00054,6.76248e-06,32000,32000,32000,32000
5.481,0.2,0.5,-1,0.200178,-2.22824e-06,0.500297,-3.71056e-06,-1.00054,6.7624e-06,32000,32000,32000,32000
5.482,0.2,0.5,-1,0.200178,-2.22821e-06,0.500297,-3.71051e-06,-1.00054,6.76232e-06,32000,32000,32000,32000
5.483,0.2,0.5,-1,0.200178,-2.22819e-06,0.500297,-3.71046e-06,-1.00054,6.76223e-06,32000,32000,32000,32000
5.484,0.2,0.5,-1,0.200178,-2.22816e-06,0.500297,-3.71041e-06,-1.00054,6.76215e-06,32000,32000,32000,32000
5.485,0.2,0.5,-1,0.200178,-2.22813e-06,0.500297,-3.71036e-06,-1.00054,6.76206e-06,32000,32000,32000,32000
5.486,0.2,0.5,-1,0.200178,-2.22811e-06,0.500297,-3.71031e-06,-1.00054,6.76198e-06,32000,32000,32000,32000
5.487,0.2,0.5,-1,0.200178,-2.22808e-06,0.500297,-3.71027e-06,-1.00054,6.76189e-06,32000,32000,32000,32000
5.488,0.2,0.5,-1,0.200178,-2.22805e-06,0.500297,-3.71022e-06,-1.00054,6.76181e-06,32000,32000,32000,32000
5.489,0.2,0.5,-1,0.200178,-2.22803e-06,0.500297,-3.71017e-06,-1.00054,6.76172e-06,32000,32000,32000,32000
5.49,0.2,0.5,-1,0.200178,-2.228e-06,0.500297,-3.71012e-06,-1.00054,6.76164e-06,32000,32000,32000,32000
5.491,0.2,0.5,-1,0.200178,-2.22797e-06,0.500297,-3.71007e-06,-1.00054,6.76155e-06,32000,32000,32000,32000
5.492,0.2,0.5,-1,0.200178,-2.22795e-06,0.500297,-3.71002e-06,-1.00054,6.76147e-06,32000,32000,32000,32000
5.493,0.2,0.5,-1,0.200178,-2.22792e-06,0.500297,-3.70997e-06,-1.00054,6.76139e-06,32000,32000,32000,32000
5.494,0.2,0.5,-1,0.200178,-2.22789e-06,0.500297,-3.70992e-06,-1.00054,6.7613e-06,32000,32000,32000,32000
5.495,0.2,0.5,-1,0.200178,-2.22786e-06,0.500297,-3.70987e-06,-1.00054,6.76122e-06,32000,32000,32000,32000
5.496,0.2,0.5,-1,0.200178,-2.22784e-06,0.500297,-3.70983e-06,-1.00054,6.76113e-06,32000,32000,32000,32000
5.497,0.2,0.5,-1,0.200178,-2.22781e-06,0.500297,-3.70978e-06,-1.00054,6.76105e-06,32000,32000,32000,32000
5.498,0.2,0.5,-1,0.200178,-2.22778e-06,0.500297,-3.70973e-06,-1.00054,6.76096e-06,32000,32000,32000,32000
5.499,0.2,0.5,-1,0.200178,-2.22775e-06,0.500297,-3.70968e-06,-1.00054,6.76088e-06,32000,32000,32000,32000
5.5,0.2,0.5,-1,0.200178,-2.22773e-06,0.500297,-3.70963e-06,-1.00054,6.76079e-06,32000,32000,32000,32000
5.501,0.2,0.5,-1,0.200178,-2.2277e-06,0.500297,-3.70958e-06,-1.00054,6.76071e-06,32000,32000,32000,32000
5.502,0.2,0.5,-1,0.200178,-2.22767e-06,0.500297,-3.70954e-06,-1.00054,6.76062e-06,32000,32000,32000,32000
5.503,0.2,0.5,-1,0.200178,-2.22765e-06,0.500297,-3.70949e-06,-1.00054,6.76054e-06,32000,32000,32000,32000
5.504,0.2,0.5,-1,0.200178,-2.22762e-06,0.500297,-3.70944e-06,-1.00054,6.76046e-06,32000,32000,32000,32000
5.505,0.2,0.5,-1,0.200178,-2.22759e-06,0.500297,-3.70939e-06,-1.00054,6.76037e-06,32000,32000,32000,32000
5.506,0.2,0.5,-1,0.200178,-2.22756e-06,0.500297,-3.70934e-06,-1.00054,6.76029e-06,32000,32000,32000,32000
5.507,0.2,0.5,-1,0.200178,-2.22754e-06,0.500297,-3.7093e-06,-1.00054,6.7602e-06,32000,32000,32000,32000
5.508,0.2,0.5,-1,0.200178,-2.22751e-06,0.500297,-3.70925e-06,-1.00054,6.76012e-06,32000,32000,32000,32000
5.509,0.2,0.5,-1,0.200178,-2.22748e-06,0.500297,-3.7092e-06,-1.00054,6.76003e-06,32000,32000,32000,32000
5.51,0.2,0.5,-1,0.200178,-2.22745e-06,0.500297,-3.70915e-06,-1.00054,6.75995e-06,32000,32000,32000,32000
5.511,0.2,0.5,-1,0.200178,-2.22743e-06,0.500297,-3.70911e-06,-1.00054,6.75986e-06,32000,32000,32000,32000
5.512,0.2,0.5,-1,0.200178,-2.2274e-06,0.500297,-3.70906e-06,-1.00054,6.75978e-06,32000,32000,32000,32000
5.513,0.2,0.5,-1,0.200178,-2.22737e-06,0.500297,-3.70901e-06,-1.00054,6.75969e-06,32000,32000,32000,32000
5.514,0.2,0.5,-1,0.200178,-2.22734e-06,0.500297,-3.70896e-06,-1.00054,6.75961e-06,32000,32000,32000,32000
5.515,0.2,0.5,-1,0.200178,-2.22732e-06,0.500297,-3.70892e-06,-1.00054,6.75953e-06,32000,32000,32000,32000
5.516,0.2,0.5,-1,0.200178,-2.22729e-06,0.500297,-3.70887e-06,-1.00054,6.75944e-06,32000,32000,32000,32000
5.517,0.2,0.5,-1,0.200178,-2.22726e-06,0.500297,-3.70882e-06,-1.00054,6.75936e-06,32000,32000,32000,32000
5.518,0.2,0.5,-1,0.200178,-2.22723e-06,0.500297,-3.70878e-06,-1.00054,6.75927e-06,32000,32000,32000,32000
5.519,0.2,0.5,-1,0.200178,-2.2272e-06,0.500297,-3.70873e-06,-1.00054,6.75919e-06,32000,32000,32000,32000
5.52,0.2,0.5,-1,0.200178,-2.22718e-06,0.500297,-3.70868e-06,-1.00054,6.7591e-06,32000,32000,32000,32000
5.521,0.2,0.5,-1,0.200178,-2.22715e-06,0.500297,-3.70863e-06,-1.00054,6.75902e-06,32000,32000,32000,32000
5.522,0.2,0.5,-1,0.200178,-2.22712e-06,0.500297,-3.70859e-06,-1.00054,6.75893e-06,32000,32000,32000,32000
5.523,0.2,0.5,-1,0.200178,-2.22709e-06,0.500297,-3.70854e-06,-1.00054,6.75885e-06,32000,32000,32000,32000
5.524,0.2,0.5,-1,0.200178,-2.22707e-06,0.500297,-3.70849e-06,-1.00054,6.75876e-06,32000,32000,32000,32000
5.525,0.2,0.5,-1,0.200178,-2.22704e-06,0.500297,-3.70845e-06,-1.00054,6.75868e-06,32000,32000,32000,32000
5.526,0.2,0.5,-1,0.200178,-2.22701e-06,0.500297,-3.7084e-06,-1.00054,6.7586e-06,32000,32000,32000,32000
5.527,0.2,0.5,-1,0.200178,-2.22698e-06,0.500297,-3.70835e-06,-1.00054,6.75851e-06,32000,32000,32000,32000
5.528,0.2,0.5,-1,0.200178,-2.22695e-06,0.500297,-3.70831e-06,-1.00054,6.75843e-06,32000,32000,32000,32000
5.529,0.2,0.5,-1,0.200178,-2.22693e-06,0.500297,-3.70826e-06,-1.00054,6.75834e-06,32000,32000,32000,32000
5.53,0.2,0.5,-1,0.200178,-2.2269e-06,0.500297,-3.70821e-06,-1.00054,6.75826e-06,32000,32000,32000,32000
5.531,0.2,0.5,-1,0.200178,-2.22687e-06,0.500297,-3.70817e-06,-1.00054,6.75817e-06,32000,32000,32000,32000
5.532,0.2,0.5,-1,0.200178,-2.22684e-06,0.500297,-3.70812e-06,-1.00054,6.75809e-06,32000,32000,32000,32000
5.533,0.2,0.5,-1,0.200178,-2.22681e-06,0.500297,-3.70807e-06,-1.00054,6.758e-06,32000,32000,32000,32000
5.534,0.2,0.5,-1,0.200178,-2.22679e-06,0.500297,-3.70803e-06,-1.00054,6.75792e-06,32000,32000,32000,32000
5.535,0.2,0.5,-1,0.200178,-2.22676e-06,0.500297,-3.70798e-06,-1.00054,6.75783e-06,32000,32000,32000,32000
5.536,0.2,0.5,-1,0.200178,-2.22673e-06,0.500296,-3.70793e-06,-1.00054,6.75775e-06,32000,32000,32000,32000
5.537,0.2,0.5,-1,0.200178,-2.2267e-06,0.500296,-3.70789e-06,-1.00054,6.75767e-06,32000,32000,32000,32000
5.538,0.2,0.5,-1,0.200178,-2.22667e-06,0.500296,-3.70784e-06,-1.00054,6.75758e-06,32000,32000,32000,32000
5.539,0.2,0.5,-1,0.200178,-2.22665e-06,0.500296,-3.70779e-06,-1.00054,6.7575e-06,32000,32000,32000,32000
5.54,0.2,0.5,-1,0.200178,-2.22662e-06,0.500296,-3.70775e-06,-1.00054,6.75741e-06,32000,32000,32000,32000
5.541,0.2,0.5,-1,0.200178,-2.22659e-06,0.500296,-3.7077e-06,-1.00054,6.75733e-06,32000,32000,32000,32000
5.542,0.2,0.5,-1,0.200178,-2.22656e-06,0.500296,-3.70766e-06,-1.00054,6.75724e-06,32000,32000,32000,32000
5.543,0.2,0.5,-1,0.200178,-2.22653e-06,0.500296,-3.70761e-06,-1.00054,6.75716e-06,32000,32000,32000,32000
5.544,0.2,0.5,-1,0.200178,-2.22651e-06,0.500296,-3.70756e-06,-1.00054,6.75707e-06,32000,32000,32000,32000
5.545,0.2,0.5,-1,0.200178,-2.22648e-06,0.500296,-3.70752e-06,-1.00054,6.75699e-06,32000,32000,32000,32000
5.546,0.2,0.5,-1,0.200178,-2.22645e-06,0.500296,-3.70747e-06,-1.00054,6.75691e-06,32000,32000,32000,32000
5.547,0.2,0.5,-1,0.200178,-2.22642e-06,0.500296,-3.70742e-06,-1.00054,6.75682e-06,32000,32000,32000,32000
5.548,0.2,0.5,-1,0.200178,-2.22639e-06,0.500296,-3.70738e-06,-1.00054,6.75674e-06,32000,32000,32000,32000
5.549,0.2,0.5,-1,0.200178,-2.22637e-06,0.500296,-3.70733e-06,-1.00054,6.75665e-06,32000,32000,32000,32000
5.55,0.2,0.5,-1,0.200178,-2.22634e-06,0.500296,-3.70729e-06,-1.00054,6.75657e-06,32000,32000,32000,32000
5.551,0.2,0.5,-1,0.200178,-2.22631e-06,0.500296,-3.70724e-06,-1.00054,6.75648e-06,32000,32000,32000,32000
5.552,0.2,0.5,-1,0.200178,-2.22628e-06,0.500296,-3.70719e-06,-1.00054,6.7564e-06,32000,32000,32000,32000
5.553,0.2,0.5,-1,0.200178,-2.22625e-06,0.500296,-3.70715e-06,-1.00054,6.75631e-06,32000,32000,32000,32000
5.554,0.2,0.5,-1,0.200178,-2.22623e-06,0.500296,-3.7071e-06,-1.00054,6.75623e-06,32000,32000,32000,32000
5.555,0.2,0.5,-1,0.200178,-2.2262e-06,0.500296,-3.70706e-06,-1.00054,6.75614e-06,32000,32000,32000,32000
5.556,0.2,0.5,-1,0.200178,-2.22617e-06,0.500296,-3.70701e-06,-1.00054,6.75606e-06,32000,32000,32000,32000
5.557,0.2,0.5,-1,0.200178,-2.22614e-06,0.500296,-3.70696e-06,-1.00054,6.75598e-06,32000,32000,32000,32000
5.558,0.2,0.5,-1,0.200178,-2.22611e-06,0.500296,-3.70692e-06,-1.00054,6.75589e-06,32000,32000,32000,32000
5.559,0.2,0.5,-1,0.200178,-2.22609e-06,0.500296,-3.70687e-06,-1.00054,6.75581e-06,32000,32000,32000,32000
5.56,0.2,0.5,-1,0.200178,-2.22606e-06,0.500296,-3.70683e-06,-1.00054,6.75572e-06,32000,32000,32000,32000
5.561,0.2,0.5,-1,0.200178,-2.22603e-06,0.500296,-3.70678e-06,-1.00054,6.75564e-06,32000,32000,32000,32000
5.562,0.2,0.5,-1,0.200178,-2.226e-06,0.500296,-3.70673e-06,-1.00054,6.75555e-06,32000,32000,32000,32000
5.563,0.2,0.5,-1,0.200178,-2.22597e-06,0.500296,-3.70669e-06,-1.00054,6.75547e-06,32000,32000,32000,32000
5.564,0.2,0.5,-1,0.200178,-2.22595e-06,0.500296,-3.70664e-06,-1.00054,6.75538e-06,32000,32000,32000,32000
5.565,0.2,0.5,-1,0.200178,-2.22592e-06,0.500296,-3.7066e-06,-1.00054,6.7553e-06,32000,32000,32000,32000
5.566,0.2,0.5,-1,0.200178,-2.22589e-06,0.500296,-3.70655e-06,-1.00054,6.75522e-06,32000,32000,32000,32000
5.567,0.2,0.5,-1,0.200178,-2.22586e-06,0.500296,-3.7065e-06,-1.00054,6.75513e-06,32000,32000,32000,32000
5.568,0.2,0.5,-1,0.200178,-2.22583e-06,0.500296,-3.70646e-06,-1.00054,6.75505e-06,32000,32000,32000,32000
5.569,0.2,0.5,-1,0.200178,-2.2258e-06,0.500296,-3.70641e-06,-1.00054,6.75496e-06,32000,32000,32000,32000
5.57,0.2,0.5,-1,0.200178,-2.22578e-06,0.500296,-3.70637e-06,-1.00054,6.75488e-06,32000,32000,32000,32000
5.571,0.2,0.5,-1,0.200178,-2.22575e-06,0.500296,-3.70632e-06,-1.00054,6.75479e-06,32000,32000,32000,32000
5.572,0.2,0.5,-1,0.200178,-2.22572e-06,0.500296,-3.70628e-06,-1.00054,6.75471e-06,32000,32000,32000,32000
5.573,0.2,0.5,-1,0.200178,-2.22569e-06,0.500296,-3.70623e-06,-1.00054,6.75462e-06,32000,32000,32000,32000
5.574,0.2,0.5,-1,0.200178,-2.22566e-06,0.500296,-3.70618e-06,-1.00054,6.75454e-06,32000,32000,32000,32000
5.575,0.2,0.5,-1,0.200178,-2.22564e-06,0.500296,-3.70614e-06,-1.00054,6.75446e-06,32000,32000,32000,32000
5.576,0.2,0.5,-1,0.200178,-2.22561e-06,0.500296,-3.70609e-06,-1.00054,6.75437e-06,32000,32000,32000,32000
5.577,0.2,0.5,-1,0.200178,-2.22558e-06,0.500296,-3.70605e-06,-1.00054,6.75429e-06,32000,32000,32000,32000
5.578,0.2,0.5,-1,0.200178,-2.22555e-06,0.500296,-3.706e-06,-1.00054,6.7542e-06,32000,32000,32000,32000
5.579,0.2,0.5,-1,0.200178,-2.22552e-06,0.500296,-3.70595e-06,-1.00054,6.75412e-06,32000,32000,32000,32000
5.58,0.2,0.5,-1,0.200178,-2.2255e-06,0.500296,-3.70591e-06,-1.00054,6.75403e-06,32000,32000,32000,32000
5.581,0.2,0.5,-1,0.200178,-2.22547e-06,0.500296,-3.70586e-06,-1.00054,6.75395e-06,32000,32000,32000,32000
5.582,0.2,0.5,-1,0.200178,-2.22544e-06,0.500296,-3.70582e-06,-1.00054,6.75386e-06,32000,32000,32000,32000
5.583,0.2,0.5,-1,0.200178,-2.22541e-06,0.500296,-3.70577e-06,-1.00054,6.75378e-06,32000,32000,32000,32000
5.584,0.2,0.5,-1,0.200178,-2.22538e-06,0.500296,-3.70572e-06,-1.00054,6.7537e-06,32000,32000,32000,32000
5.585,0.2,0.5,-1,0.200178,-2.22536e-06,0.500296,-3.70568e-06,-1.00054,6.75361e-06,32000,32000,32000,32000
5.586,0.2,0.5,-1,0.200178,-2.22533e-06,0.500296,-3.70563e-06,-1.00054,6.75353e-06,32000,32000,32000,32000
5.587,0.2,0.5,-1,0.200178,-2.2253e-06,0.500296,-3.70559e-06,-1.00054,6.75344e-06,32000,32000,32000,32000
5.588,0.2,0.5,-1,0.200178,-2.22527e-06,0.500296,-3.70554e-06,-1.00054,6.75336e-06,32000,32000,32000,32000
5.589,0.2,0.5,-1,0.200178,-2.22524e-06,0.500296,-3.70549e-06,-1.00054,6.75327e-06,32000,32000,32000,32000
5.59,0.2,0.5,-1,0.200178,-2.22522e-06,0.500296,-3.70545e-06,-1.00054,6.75319e-06,32000,32000,32000,32000
5.591,0.2,0.5,-1,0.200178,-2.22519e-06,0.500296,-3.7054e-06,-1.00054,6.7531e-06,32000,32000,32000,32000
5.592,0.2,0.5,-1,0.200178,-2.22516e-06,0.500296,-3.70536e-06,-1.00054,6.75302e-06,32000,32000,32000,32000
5.593,0.2,0.5,-1,0.200178,-2.22513e-06,0.500296,-3.70531e-06,-1.00054,6.75294e-06,32000,32000,32000,32000
5.594,0.2,0.5,-1,0.200178,-2.2251e-06,0.500296,-3.70527e-06,-1.00054,6.75285e-06,32000,32000,32000,32000
5.595,0.2,0.5,-1,0.200178,-2.22508e-06,0.500296,-3.70522e-06,-1.00054,6.75277e-06,32000,32000,32000,32000
5.596,0.2,0.5,-1,0.200178,-2.22505e-06,0.500296,-3.70517e-06,-1.00054,6.75268e-06,32000,32000,32000,32000
5.597,0.2,0.5,-1,0.200178,-2.22502e-06,0.500296,-3.70513e-06,-1.00054,6.7526e-06,32000,32000,32000,32000
5.598,0.2,0.5,-1,0.200178,-2.22499e-06,0.500296,-3.70508e-06,-1.00054,6.75251e-06,32000,32000,32000,32000
5.599,0.2,0.5,-1,0.200178,-2.22496e-06,0.500296,-3.70504e-06,-1.00054,6.75243e-06,32000,32000,32000,32000
5.6,0.2,0.5,-1,0.200178,-2.22494e-06,0.500296,-3.70499e-06,-1.00054,6.75234e-06,32000,32000,32000,32000
5.601,0.2,0.5,-1,0.200178,-2.22491e-06,0.500296,-3.70494e-06,-1.00054,6.75226e-06,32000,32000,32000,32000
5.602,0.2,0.5,-1,0.200178,-2.22488e-06,0.500296,-3.7049e-06,-1.00054,6.75218e-06,32000,32000,32000,32000
5.603,0.2,0.5,-1,0.200178,-2.22485e-06,0.500296,-3.70485e-06,-1.00054,6.75209e-06,32000,32000,32000,32000
5.604,0.2,0.5,-1,0.200178,-2.22482e-06,0.500296,-3.70481e-06,-1.00054,6.75201e-06,32000,32000,32000,32000
5.605,0.2,0.5,-1,0.200178,-2.2248e-06,0.500296,-3.70476e-06,-1.00054,6.75192e-06,32000,32000,32000,32000
5.606,0.2,0.5,-1,0.200178,-2.22477e-06,0.500296,-3.70471e-06,-1.00054,6.75184e-06,32000,32000,32000,32000
5.607,0.2,0.5,-1,0.200178,-2.22474e-06,0.500296,-3.70467e-06,-1.00054,6.75175e-06,32000,32000,32000,32000
5.608,0.2,0.5,-1,0.200178,-2.22471e-06,0.500296,-3.70462e-06,-1.00054,6.75167e-06,32000,32000,32000,32000
5.609,0.2,0.5,-1,0.200178,-2.22468e-06,0.500296,-3.70458e-06,-1.00054,6.75158e-06,32000,32000,32000,32000
5.61,0.2,0.5,-1,0.200178,-2.22466e-06,0.500296,-3.70453e-06,-1.00054,6.7515e-06,32000,32000,32000,32000
5.611,0.2,0.5,-1,0.200178,-2.22463e-06,0.500296,-3.70448e-06,-1.00054,6.75142e-06,32000,32000,32000,32000
5.612,0.2,0.5,-1,0.200178,-2.2246e-06,0.500296,-3.70444e-06,-1.00054,6.75133e-06,32000,32000,32000,32000
5.613,0.2,0.5,-1,0.200178,-2.22457e-06,0.500296,-3.70439e-06,-1.00054,6.75125e-06,32000,32000,32000,32000
5.614,0.2,0.5,-1,0.200178,-2.22454e-06,0.500296,-3.70435e-06,-1.00054,6.75116e-06,32000,32000,32000,32000
5.615,0.2,0.5,-1,0.200178,-2.22452e-06,0.500296,-3.7043e-06,-1.00054,6.75108e-06,32000,32000,32000,32000
5.616,0.2,0.5,-1,0.200178,-2.22449e-06,0.500296,-3.70425e-06,-1.00054,6.75099e-06,32000,32000,32000,32000
5.617,0.2,0.5,-1,0.200178,-2.22446e-06,0.500296,-3.70421e-06,-1.00054,6.75091e-06,32000,32000,32000,32000
5.618,0.2,0.5,-1,0.200178,-2.22443e-06,0.500296,-3.70416e-06,-1.00054,6.75082e-06,32000,32000,32000,32000
5.619,0.2,0.5,-1,0.200178,-2.22441e-06,0.500296,-3.70411e-06,-1.00054,6.75074e-06,32000,32000,32000,32000
5.62,0.2,0.5,-1,0.200178,-2.22438e-06,0.500296,-3.70407e-06,-1.00054,6.75066e-06,32000,32000,32000,32000
5.621,0.2,0.5,-1,0.200178,-2.22435e-06,0.500296,-3.70402e-06,-1.00054,6.75057e-06,32000,32000,32000,32000
5.622,0.2,0.5,-1,0.200178,-2.22432e-06,0.500296,-3.70398e-06,-1.00054,6.75049e-06,32000,32000,32000,32000
5.623,0.2,0.5,-1,0.200178,-2.22429e-06,0.500296,-3.70393e-06,-1.00054,6.7504e-06,32000,32000,32000,32000
5.624,0.2,0.5,-1,0.200178,-2.22427e-06,0.500296,-3.70388e-06,-1.00054,6.75032e-06,32000,32000,32000,32000
5.625,0.2,0.5,-1,0.200178,-2.22424e-06,0.500296,-3.70384e-06,-1.00054,6.75023e-06,32000,32000,32000,32000
5.626,0.2,0.5,-1,0.200178,-2.22421e-06,0.500296,-3.70379e-06,-1.00054,6.75015e-06,32000,32000,32000,32000
5.627,0.2,0.5,-1,0.200178,-2.22418e-06,0.500296,-3.70375e-06,-1.00054,6.75006e-06,32000,32000,32000,32000
5.628,0.2,0.5,-1,0.200178,-2.22415e-06,0.500296,-3.7037e-06,-1.00054,6.74998e-06,32000,32000,32000,32000
5.629,0.2,0.5,-1,0.200178,-2.22413e-06,0.500296,-3.70365e-06,-1.00054,6.7499e-06,32000,32000,32000,32000
5.63,0.2,0.5,-1,0.200178,-2.2241e-06,0.500296,-3.70361e-06,-1.00054,6.74981e-06,32000,32000,32000,32000
5.631,0.2,0.5,-1,0.200178,-2.22407e-06,0.500296,-3.70356e-06,-1.00054,6.74973e-06,32000,32000,32000,32000
5.632,0.2,0.5,-1,0.200178,-2.22404e-06,0.500296,-3.70351e-06,-1.00054,6.74964e-06,32000,32000,32000,32000
5.633,0.2,0.5,-1,0.200178,-2.22402e-06,0.500296,-3.70347e-06,-1.00054,6.74956e-06,32000,32000,32000,32000
5.634,0.2,0.5,-1,0.200178,-2.22399e-06,0.500296,-3.70342e-06,-1.00054,6.74947e-06,32000,32000,32000,32000
5.635,0.2,0.5,-1,0.200178,-2.22396e-06,0.500296,-3.70338e-06,-1.00054,6.74939e-06,32000,32000,32000,32000
5.636,0.2,0.5,-1,0.200178,-2.22393e-06,0.500296,-3.70333e-06,-1.00054,6.7493e-06,32000,32000,32000,32000
5.637,0.2,0.5,-1,0.200178,-2.2239e-06,0.500296,-3.70328e-06,-1.00054,6.74922e-06,32000,32000,32000,32000
5.638,0.2,0.5,-1,0.200178,-2.22388e-06,0.500296,-3.70324e-06,-1.00054,6.74914e-06,32000,32000,32000,32000
5.639,0.2,0.5,-1,0.200178,-2.22385e-06,0.500296,-3.70319e-06,-1.00054,6.74905e-06,32000,32000,32000,32000
5.64,0.2,0.5,-1,0.200178,-2.22382e-06,0.500296,-3.70315e-06,-1.00054,6.74897e-06,32000,32000,32000,32000
5.641,0.2,0.5,-1,0.200178,-2.22379e-06,0.500296,-3.7031e-06,-1.00054,6.74888e-06,32000,32000,32000,32000
5.642,0.2,0.5,-1,0.200178,-2.22376e-06,0.500296,-3.70305e-06,-1.00054,6.7488e-06,32000,32000,32000,32000
5.643,0.2,0.5,-1,0.200178,-2.22374e-06,0.500296,-3.70301e-06,-1.00054,6.74871e-06,32000,32000,32000,32000
5.644,0.2,0.5,-1,0.200178,-2.22371e-06,0.500296,-3.70296e-06,-1.00054,6.74863e-06,32000,32000,32000,32000
5.645,0.2,0.5,-1,0.200178,-2.22368e-06,0.500296,-3.70291e-06,-1.00054,6.74855e-06,32000,32000,32000,32000
5.646,0.2,0.5,-1,0.200178,-2.22365e-06,0.500296,-3.70287e-06,-1.00054,6.74846e-06,32000,32000,32000,32000
5.647,0.2,0.5,-1,0.200178,-2.22363e-06,0.500296,-3.70282e-06,-1.00054,6.74838e-06,32000,32000,32000,32000
5.648,0.2,0.5,-1,0.200178,-2.2236e-06,0.500296,-3.70278e-06,-1.00054,6.74829e-06,32000,32000,32000,32000
5.649,0.2,0.5,-1,0.200178,-2.22357e-06,0.500296,-3.70273e-06,-1.00054,6.74821e-06,32000,32000,32000,32000
5.65,0.2,0.5,-1,0.200178,-2.22354e-06,0.500296,-3.70268e-06,-1.00054,6.74812e-06,32000,32000,32000,32000
5.651,0.2,0.5,-1,0.200178,-2.22351e-06,0.500296,-3.70264e-06,-1.00054,6.74804e-06,32000,32000,32000,32000
5.652,0.2,0.5,-1,0.200178,-2.22349e-06,0.500296,-3.70259e-06,-1.00054,6.74795e-06,32000,32000,32000,32000
5.653,0.2,0.5,-1,0.200178,-2.22346e-06,0.500296,-3.70254e-06,-1.00054,6.74787e-06,32000,32000,32000,32000
5.654,0.2,0.5,-1,0.200178,-2.22343e-06,0.500296,-3.7025e-06,-1.00054,6.74779e-06,32000,32000,32000,32000
5.655,0.2,0.5,-1,0.200178,-2.2234e-06,0.500296,-3.70245e-06,-1.00054,6.7477e-06,32000,32000,32000,32000
5.656,0.2,0.5,-1,0.200178,-2.22338e-06,0.500296,-3.70241e-06,-1.00054,6.74762e-06,32000,32000,32000,32000
5.657,0.2,0.5,-1,0.200178,-2.22335e-06,0.500296,-3.70236e-06,-1.00054,6.74753e-06,32000,32000,32000,32000
5.658,0.2,0.5,-1,0.200178,-2.22332e-06,0.500296,-3.70231e-06,-1.00054,6.74745e-06,32000,32000,32000,32000
5.659,0.2,0.5,-1,0.200178,-2.22329e-06,0.500296,-3.70227e-06,-1.00054,6.74736e-06,32000,32000,32000,32000
5.66,0.2,0.5,-1,0.200178,-2.22326e-06,0.500296,-3.70222e-06,-1.00054,6.74728e-06,32000,32000,32000,32000
5.661,0.2,0.5,-1,0.200178,-2.22324e-06,0.500296,-3.70217e-06,-1.00054,6.74719e-06,32000,32000,32000,32000
5.662,0.2,0.5,-1,0.200178,-2.22321e-06,0.500296,-3.70213e-06,-1.00054,6.74711e-06,32000,32000,32000,32000
5.663,0.2,0.5,-1,0.200178,-2.22318e-06,0.500296,-3.70208e-06,-1.00054,6.74703e-06,32000,32000,32000,32000
5.664,0.2,0.5,-1,0.200178,-2.22315e-06,0.500296,-3.70203e-06,-1.00054,6.74694e-06,32000,32000,32000,32000
5.665,0.2,0.5,-1,0.200178,-2.22313e-06,0.500296,-3.70199e-06,-1.00054,6.74686e-06,32000,32000,32000,32000
5.666,0.2,0.5,-1,0.200178,-2.2231e-06,0.500296,-3.70194e-06,-1.00054,6.74677e-06,32000,32000,32000,32000
5.667,0.2,0.5,-1,0.200178,-2.22307e-06,0.500296,-3.7019e-06,-1.00054,6.74669e-06,32000,32000,32000,32000
5.668,0.2,0.5,-1,0.200178,-2.22304e-06,0.500296,-3.70185e-06,-1.00054,6.7466e-06,32000,32000,32000,32000
5.669,0.2,0.5,-1,0.200178,-2.22301e-06,0.500296,-3.7018e-06,-1.00054,6.74652e-06,32000,32000,32000,32000
5.67,0.2,0.5,-1,0.200178,-2.22299e-06,0.500296,-3.70176e-06,-1.00054,6.74644e-06,32000,32000,32000,32000
5.671,0.2,0.5,-1,0.200178,-2.22296e-06,0.500296,-3.70171e-06,-1.00054,6.74635e-06,32000,32000,32000,32000
5.672,0.2,0.5,-1,0.200178,-2.22293e-06,0.500296,-3.70166e-06,-1.00054,6.74627e-06,32000,32000,32000,32000
5.673,0.2,0.5,-1,0.200178,-2.2229e-06,0.500296,-3.70162e-06,-1.00054,6.74618e-06,32000,32000,32000,32000
5.674,0.2,0.5,-1,0.200178,-2.22288e-06,0.500296,-3.70157e-06,-1.00054,6.7461e-06,32000,32000,32000,32000
5.675,0.2,0.5,-1,0.200178,-2.22285e-06,0.500296,-3.70153e-06,-1.00054,6.74601e-06,32000,32000,32000,32000
5.676,0.2,0.5,-1,0.200178,-2.22282e-06,0.500296,-3.70148e-06,-1.00054,6.74593e-06,32000,32000,32000,32000
5.677,0.2,0.5,-1,0.200178,-2.22279e-06,0.500296,-3.70143e-06,-1.00054,6.74584e-06,32000,32000,32000,32000
5.678,0.2,0.5,-1,0.200178,-2.22276e-06,0.500296,-3.70139e-06,-1.00054,6.74576e-06,32000,32000,32000,32000
5.679,0.2,0.5,-1,0.200178,-2.22274e-06,0.500296,-3.70134e-06,-1.00054,6.74568e-06,32000,32000,32000,32000
5.68,0.2,0.5,-1,0.200178,-2.22271e-06,0.500296,-3.70129e-06,-1.00054,6.74559e-06,32000,32000,32000,32000
5.681,0.2,0.5,-1,0.200178,-2.22268e-06,0.500296,-3.70125e-06,-1.00054,6.74551e-06,32000,32000,32000,32000
5.682,0.2,0.5,-1,0.200178,-2.22265e-06,0.500296,-3.7012e-06,-1.00054,6.74542e-06,32000,32000,32000,32000
5.683,0.2,0.5,-1,0.200178,-2.22263e-06,0.500296,-3.70115e-06,-1.00054,6.74534e-06,32000,32000,32000,32000
5.684,0.2,0.5,-1,0.200178,-2.2226e-06,0.500296,-3.70111e-06,-1.00054,6.74525e-06,32000,32000,32000,32000
5.685,0.2,0.5,-1,0.200178,-2.22257e-06,0.500296,-3.70106e-06,-1.00054,6.74517e-06,32000,32000,32000,32000
5.686,0.2,0.5,-1,0.200178,-2.22254e-06,0.500296,-3.70102e-06,-1.00054,6.74509e-06,32000,32000,32000,32000
5.687,0.2,0.5,-1,0.200178,-2.22251e-06,0.500296,-3.70097e-06,-1.00054,6.745e-06,32000,32000,32000,32000
5.688,0.2,0.5,-1,0.200178,-2.22249e-06,0.500296,-3.70092e-06,-1.00054,6.74492e-06,32000,32000,32000,32000
5.689,0.2,0.5,-1,0.200178,-2.22246e-06,0.500296,-3.70088e-06,-1.00054,6.74483e-06,32000,32000,32000,32000
5.69,0.2,0.5,-1,0.200178,-2.22243e-06,0.500296,-3.70083e-06,-1.00054,6.74475e-06,32000,32000,32000,32000
5.691,0.2,0.5,-1,0.200178,-2.2224e-06,0.500296,-3.70078e-06,-1.00054,6.74466e-06,32000,32000,32000,32000
5.692,0.2,0.5,-1,0.200178,-2.22238e-06,0.500296,-3.70074e-06,-1.00054,6.74458e-06,32000,32000,32000,32000
5.693,0.2,0.5,-1,0.200178,-2.22235e-06,0.500296,-3.70069e-06,-1.00054,6.7445e-06,32000,32000,32000,32000
5.694,0.2,0.5,-1,0.200178,-2.22232e-06,0.500296,-3.70065e-06,-1.00054,6.74441e-06,32000,32000,32000,32000
5.695,0.2,0.5,-1,0.200178,-2.22229e-06,0.500296,-3.7006e-06,-1.00054,6.74433e-06,32000,32000,32000,32000
5.696,0.2,0.5,-1,0.200178,-2.22226e-06,0.500296,-3.70055e-06,-1.00054,6.74424e-06,32000,32000,32000,32000
5.697,0.2,0.5,-1,0.200178,-2.22224e-06,0.500296,-3.70051e-06,-1.00054,6.74416e-06,32000,32000,32000,32000
5.698,0.2,0.5,-1,0.200178,-2.22221e-06,0.500296,-3.70046e-06,-1.00054,6.74407e-06,32000,32000,32000,32000
5.699,0.2,0.5,-1,0.200178,-2.22218e-06,0.500296,-3.70041e-06,-1.00054,6.74399e-06,32000,32000,32000,32000
5.7,0.2,0.5,-1,0.200178,-2.22215e-06,0.500296,-3.70037e-06,-1.00054,6.7439e-06,32000,32000,32000,32000
5.701,0.2,0.5,-1,0.200178,-2.22213e-06,0.500296,-3.70032e-06,-1.00054,6.74382e-06,32000,32000,32000,32000
5.702,0.2,0.5,-1,0.200178,-2.2221e-06,0.500296,-3.70027e-06,-1.00054,6.74374e-06,32000,32000,32000,32000
5.703,0.2,0.5,-1,0.200178,-2.22207e-06,0.500296,-3.70023e-06,-1.00054,6.74365e-06,32000,32000,32000,32000
5.704,0.2,0.5,-1,0.200178,-2.22204e-06,0.500296,-3.70018e-06,-1.00054,6.74357e-06,32000,32000,32000,32000
5.705,0.2,0.5,-1,0.200178,-2.22201e-06,0.500296,-3.70014e-06,-1.00054,6.74348e-06,32000,32000,32000,32000
5.706,0.2,0.5,-1,0.200178,-2.22199e-06,0.500296,-3.70009e-06,-1.00054,6.7434e-06,32000,32000,32000,32000
5.707,0.2,0.5,-1,0.200178,-2.22196e-06,0.500296,-3.70004e-06,-1.00054,6.74331e-06,32000,32000,32000,32000
5.708,0.2,0.5,-1,0.200178,-2.22193e-06,0.500296,-3.7e-06,-1.00054,6.74323e-06,32000,32000,32000,32000
5.709,0.2,0.5,-1,0.200178,-2.2219e-06,0.500296,-3.69995e-06,-1.00054,6.74315e-06,32000,32000,32000,32000
5.71,0.2,0.5,-1,0.200178,-2.22188e-06,0.500296,-3.6999e-06,-1.00054,6.74306e-06,32000,32000,32000,32000
5.711,0.2,0.5,-1,0.200178,-2.22185e-06,0.500296,-3.69986e-06,-1.00054,6.74298e-06,32000,32000,32000,32000
5.712,0.2,0.5,-1,0.200178,-2.22182e-06,0.500296,-3.69981e-06,-1.00054,6.74289e-06,32000,32000,32000,32000
5.713,0.2,0.5,-1,0.200178,-2.22179e-06,0.500296,-3.69977e-06,-1.00054,6.74281e-06,32000,32000,32000,32000
5.714,0.2,0.5,-1,0.200178,-2.22176e-06,0.500296,-3.69972e-06,-1.00054,6.74272e-06,32000,32000,32000,32000
5.715,0.2,0.5,-1,0.200178,-2.22174e-06,0.500296,-3.69967e-06,-1.00054,6.74264e-06,32000,32000,32000,32000
5.716,0.2,0.5,-1,0.200178,-2.22171e-06,0.500296,-3.69963e-06,-1.00054,6.74256e-06,32000,32000,32000,32000
5.717,0.2,0.5,-1,0.200178,-2.22168e-06,0.500296,-3.69958e-06,-1.00054,6.74247e-06,32000,32000,32000,32000
5.718,0.2,0.5,-1,0.200178,-2.22165e-06,0.500296,-3.69953e-06,-1.00054,6.74239e-06,32000,32000,32000,32000
5.719,0.2,0.5,-1,0.200178,-2.22163e-06,0.500296,-3.69949e-06,-1.00054,6.7423e-06,32000,32000,32000,32000
5.72,0.2,0.5,-1,0.200178,-2.2216e-06,0.500296,-3.69944e-06,-1.00054,6.74222e-06,32000,32000,32000,32000
5.721,0.2,0.5,-1,0.200178,-2.22157e-06,0.500296,-3.69939e-06,-1.00054,6.74213e-06,32000,32000,32000,32000
5.722,0.2,0.5,-1,0.200178,-2.22154e-06,0.500296,-3.69935e-06,-1.00054,6.74205e-06,32000,32000,32000,32000
5.723,0.2,0.5,-1,0.200178,-2.22151e-06,0.500296,-3.6993e-06,-1.00054,6.74197e-06,32000,32000,32000,32000
5.724,0.2,0.5,-1,0.200178,-2.22149e-06,0.500296,-3.69926e-06,-1.00054,6.74188e-06,32000,32000,32000,32000
5.725,0.2,0.5,-1,0.200178,-2.22146e-06,0.500296,-3.69921e-06,-1.00054,6.7418e-06,32000,32000,32000,32000
5.726,0.2,0.5,-1,0.200178,-2.22143e-06,0.500296,-3.69916e-06,-1.00054,6.74171e-06,32000,32000,32000,32000
5.727,0.2,0.5,-1,0.200178,-2.2214e-06,0.500296,-3.69912e-06,-1.00054,6.74163e-06,32000,32000,32000,32000
5.728,0.2,0.5,-1,0.200178,-2.22138e-06,0.500296,-3.69907e-06,-1.00054,6.74154e-06,32000,32000,32000,32000
5.729,0.2,0.5,-1,0.200178,-2.22135e-06,0.500296,-3.69902e-06,-1.00054,6.74146e-06,32000,32000,32000,32000
5.73,0.2,0.5,-1,0.200178,-2.22132e-06,0.500296,-3.69898e-06,-1.00054,6.74138e-06,32000,32000,32000,32000
5.731,0.2,0.5,-1,0.200178,-2.22129e-06,0.500296,-3.69893e-06,-1.00054,6.74129e-06,32000,32000,32000,32000
5.732,0.2,0.5,-1,0.200178,-2.22126e-06,0.500296,-3.69889e-06,-1.00054,6.74121e-06,32000,32000,32000,32000
5.733,0.2,0.5,-1,0.200178,-2.22124e-06,0.500296,-3.69884e-06,-1.00054,6.74112e-06,32000,32000,32000,32000
5.734,0.2,0.5,-1,0.200178,-2.22121e-06,0.500296,-3.69879e-06,-1.00054,6.74104e-06,32000,32000,32000,32000
5.735,0.2,0.5,-1,0.200178,-2.22118e-06,0.500296,-3.69875e-06,-1.00054,6.74095e-06,32000,32000,32000,32000
5.736,0.2,0.5,-1,0.200178,-2.22115e-06,0.500296,-3.6987e-06,-1.00054,6.74087e-06,32000,32000,32000,32000
5.737,0.2,0.5,-1,0.200178,-2.22113e-06,0.500296,-3.69865e-06,-1.00054,6.74079e-06,32000,32000,32000,32000
5.738,0.2,0.5,-1,0.200178,-2.2211e-06,0.500296,-3.69861e-06,-1.00054,6.7407e-06,32000,32000,32000,32000
5.739,0.2,0.5,-1,0.200178,-2.22107e-06,0.500296,-3.69856e-06,-1.00054,6.74062e-06,32000,32000,32000,32000
5.74,0.2,0.5,-1,0.200178,-2.22104e-06,0.500296,-3.69852e-06,-1.00054,6.74053e-06,32000,32000,32000,32000
5.741,0.2,0.5,-1,0.200178,-2.22101e-06,0.500296,-3.69847e-06,-1.00054,6.74045e-06,32000,32000,32000,32000
5.742,0.2,0.5,-1,0.200178,-2.22099e-06,0.500296,-3.69842e-06,-1.00054,6.74036e-06,32000,32000,32000,32000
5.743,0.2,0.5,-1,0.200178,-2.22096e-06,0.500296,-3.69838e-06,-1.00054,6.74028e-06,32000,32000,32000,32000
5.744,0.2,0.5,-1,0.200178,-2.22093e-06,0.500296,-3.69833e-06,-1.00054,6.7402e-06,32000,32000,32000,32000
5.745,0.2,0.5,-1,0.200178,-2.2209e-06,0.500296,-3.69828e-06,-1.00054,6.74011e-06,32000,32000,32000,32000
5.746,0.2,0.5,-1,0.200178,-2.22088e-06,0.500296,-3.69824e-06,-1.00054,6.74003e-06,32000,32000,32000,32000
5.747,0.2,0.5,-1,0.200178,-2.22085e-06,0.500296,-3.69819e-06,-1.00054,6.73994e-06,32000,32000,32000,32000
5.748,0.2,0.5,-1,0.200178,-2.22082e-06,0.500296,-3.69815e-06,-1.00054,6.73986e-06,32000,32000,32000,32000
5.749,0.2,0.5,-1,0.200178,-2.22079e-06,0.500296,-3.6981e-06,-1.00054,6.73977e-06,32000,32000,32000,32000
5.75,0.2,0.5,-1,0.200178,-2.22076e-06,0.500296,-3.69805e-06,-1.00054,6.73969e-06,32000,32000,32000,32000
5.751,0.2,0.5,-1,0.200178,-2.22074e-06,0.500296,-3.69801e-06,-1.00054,6.7396e-06,32000,32000,32000,32000
5.752,0.2,0.5,-1,0.200178,-2.22071e-06,0.500296,-3.69796e-06,-1.00054,6.73952e-06,32000,32000,32000,32000
5.753,0.2,0.5,-1,0.200178,-2.22068e-06,0.500296,-3.69791e-06,-1.00054,6.73944e-06,32000,32000,32000,32000
5.754,0.2,0.5,-1,0.200178,-2.22065e-06,0.500296,-3.69787e-06,-1.00054,6.73935e-06,32000,32000,32000,32000
5.755,0.2,0.5,-1,0.200178,-2.22063e-06,0.500296,-3.69782e-06,-1.00054,6.73927e-06,32000,32000,32000,32000
5.756,0.2,0.5,-1,0.200178,-2.2206e-06,0.500296,-3.69777e-06,-1.00054,6.73918e-06,32000,32000,32000,32000
5.757,0.2,0.5,-1,0.200178,-2.22057e-06,0.500296,-3.69773e-06,-1.00054,6.7391e-06,32000,32000,32000,32000
5.758,0.2,0.5,-1,0.200178,-2.22054e-06,0.500296,-3.69768e-06,-1.00054,6.73902e-06,32000,32000,32000,32000
5.759,0.2,0.5,-1,0.200178,-2.22051e-06,0.500296,-3.69764e-06,-1.00054,6.73893e-06,32000,32000,32000,32000
5.76,0.2,0.5,-1,0.200178,-2.22049e-06,0.500296,-3.69759e-06,-1.00054,6.73885e-06,32000,32000,32000,32000
5.761,0.2,0.5,-1,0.200178,-2.22046e-06,0.500296,-3.69754e-06,-1.00054,6.73876e-06,32000,32000,32000,32000
5.762,0.2,0.5,-1,0.200178,-2.22043e-06,0.500296,-3.6975e-06,-1.00054,6.73868e-06,32000,32000,32000,32000
5.763,0.2,0.5,-1,0.200178,-2.2204e-06,0.500296,-3.69745e-06,-1.00054,6.73859e-06,32000,32000,32000,32000
5.764,0.2,0.5,-1,0.200178,-2.22038e-06,0.500296,-3.6974e-06,-1.00054,6.73851e-06,32000,32000,32000,32000
5.765,0.2,0.5,-1,0.200178,-2.22035e-06,0.500296,-3.69736e-06,-1.00054,6.73843e-06,32000,32000,32000,32000
5.766,0.2,0.5,-1,0.200178,-2.22032e-06,0.500296,-3.69731e-06,-1.00054,6.73834e-06,32000,32000,32000,32000
5.767,0.2,0.5,-1,0.200178,-2.22029e-06,0.500296,-3.69727e-06,-1.00054,6.73826e-06,32000,32000,32000,32000
5.768,0.2,0.5,-1,0.200178,-2.22026e-06,0.500296,-3.69722e-06,-1.00054,6.73817e-06,32000,32000,32000,32000
5.769,0.2,0.5,-1,0.200178,-2.22024e-06,0.500296,-3.69717e-06,-1.00054,6.73809e-06,32000,32000,32000,32000
5.77,0.2,0.5,-1,0.200178,-2.22021e-06,0.500296,-3.69713e-06,-1.00054,6.738e-06,32000,32000,32000,32000
5.771,0.2,0.5,-1,0.200178,-2.22018e-06,0.500296,-3.69708e-06,-1.00054,6.73792e-06,32000,32000,32000,32000
5.772,0.2,0.5,-1,0.200178,-2.22015e-06,0.500296,-3.69703e-06,-1.00054,6.73784e-06,32000,32000,32000,32000
5.773,0.2,0.5,-1,0.200178,-2.22013e-06,0.500296,-3.69699e-06,-1.00054,6.73775e-06,32000,32000,32000,32000
5.774,0.2,0.5,-1,0.200178,-2.2201e-06,0.500296,-3.69694e-06,-1.00054,6.73767e-06,32000,32000,32000,32000
5.775,0.2,0.5,-1,0.200178,-2.22007e-06,0.500296,-3.6969e-06,-1.00054,6.73758e-06,32000,32000,32000,32000
5.776,0.2,0.5,-1,0.200178,-2.22004e-06,0.500296,-3.69685e-06,-1.00054,6.7375e-06,32000,32000,32000,32000
5.777,0.2,0.5,-1,0.200178,-2.22002e-06,0.500296,-3.6968e-06,-1.00054,6.73741e-06,32000,32000,32000,32000
5.778,0.2,0.5,-1,0.200178,-2.21999e-06,0.500296,-3.69676e-06,-1.00054,6.73733e-06,32000,32000,32000,32000
5.779,0.2,0.5,-1,0.200178,-2.21996e-06,0.500296,-3.69671e-06,-1.00054,6.73725e-06,32000,32000,32000,32000
5.78,0.2,0.5,-1,0.200178,-2.21993e-06,0.500296,-3.69667e-06,-1.00054,6.73716e-06,32000,32000,32000,32000
5.781,0.2,0.5,-1,0.200178,-2.2199e-06,0.500296,-3.69662e-06,-1.00054,6.73708e-06,32000,32000,32000,32000
5.782,0.2,0.5,-1,0.200178,-2.21988e-06,0.500296,-3.69657e-06,-1.00054,6.73699e-06,32000,32000,32000,32000
5.783,0.2,0.5,-1,0.200178,-2.21985e-06,0.500296,-3.69653e-06,-1.00054,6.73691e-06,32000,32000,32000,32000
5.784,0.2,0.5,-1,0.200178,-2.21982e-06,0.500296,-3.69648e-06,-1.00054,6.73682e-06,32000,32000,32000,32000
5.785,0.2,0.5,-1,0.200178,-2.21979e-06,0.500296,-3.69643e-06,-1.00054,6.73674e-06,32000,32000,32000,32000
5.786,0.2,0.5,-1,0.200177,-2.21977e-06,0.500296,-3.69639e-06,-1.00054,6.73666e-06,32000,32000,32000,32000
5.787,0.2,0.5,-1,0.200177,-2.21974e-06,0.500296,-3.69634e-06,-1.00054,6.73657e-06,32000,32000,32000,32000
5.788,0.2,0.5,-1,0.200177,-2.21971e-06,0.500296,-3.6963e-06,-1.00054,6.73649e-06,32000,32000,32000,32000
5.789,0.2,0.5,-1,0.200177,-2.21968e-06,0.500296,-3.69625e-06,-1.00054,6.7364e-06,32000,32000,32000,32000
5.79,0.2,0.5,-1,0.200177,-2.21965e-06,0.500296,-3.6962e-06,-1.00054,6.73632e-06,32000,32000,32000,32000
5.791,0.2,0.5,-1,0.200177,-2.21963e-06,0.500296,-3.69616e-06,-1.00054,6.73623e-06,32000,32000,32000,32000
5.792,0.2,0.5,-1,0.200177,-2.2196e-06,0.500296,-3.69611e-06,-1.00054,6.73615e-06,32000,32000,32000,32000
5.793,0.2,0.5,-1,0.200177,-2.21957e-06,0.500296,-3.69606e-06,-1.00054,6.73607e-06,32000,32000,32000,32000
5.794,0.2,0.5,-1,0.200177,-2.21954e-06,0.500296,-3.69602e-06,-1.00054,6.73598e-06,32000,32000,32000,32000
5.795,0.2,0.5,-1,0.200177,-2.21952e-06,0.500296,-3.69597e-06,-1.00054,6.7359e-06,32000,32000,32000,32000
5.796,0.2,0.5,-1,0.200177,-2.21949e-06,0.500296,-3.69593e-06,-1.00054,6.73581e-06,32000,32000,32000,32000
5.797,0.2,0.5,-1,0.200177,-2.21946e-06,0.500296,-3.69588e-06,-1.00054,6.73573e-06,32000,32000,32000,32000
5.798,0.2,0.5,-1,0.200177,-2.21943e-06,0.500296,-3.69583e-06,-1.00054,6.73564e-06,32000,32000,32000,32000
5.799,0.2,0.5,-1,0.200177,-2.2194e-06,0.500296,-3.69579e-06,-1.00054,6.73556e-06,32000,32000,32000,32000
5.8,0.2,0.5,-1,0.200177,-2.21938e-06,0.500296,-3.69574e-06,-1.00054,6.73548e-06,32000,32000,32000,32000
5.801,0.2,0.5,-1,0.200177,-2.21935e-06,0.500296,-3.69569e-06,-1.00054,6.73539e-06,32000,32000,32000,32000
5.802,0.2,0.5,-1,0.200177,-2.21932e-06,0.500296,-3.69565e-06,-1.00054,6.73531e-06,32000,32000,32000,32000
5.803,0.2,0.5,-1,0.200177,-2.21929e-06,0.500296,-3.6956e-06,-1.00054,6.73522e-06,32000,32000,32000,32000
5.804,0.2,0.5,-1,0.200177,-2.21927e-06,0.500296,-3.69556e-06,-1.00054,6.73514e-06,32000,32000,32000,32000
5.805,0.2,0.5,-1,0.200177,-2.21924e-06,0.500296,-3.69551e-06,-1.00054,6.73506e-06,32000,32000,32000,32000
5.806,0.2,0.5,-1,0.200177,-2.21921e-06,0.500295,-3.69546e-06,-1.00054,6.73497e-06,32000,32000,32000,32000
5.807,0.2,0.5,-1,0.200177,-2.21918e-06,0.500295,-3.69542e-06,-1.00054,6.73489e-06,32000,32000,32000,32000
5.808,0.2,0.5,-1,0.200177,-2.21915e-06,0.500295,-3.69537e-06,-1.00054,6.7348e-06,32000,32000,32000,32000
5.809,0.2,0.5,-1,0.200177,-2.21913e-06,0.500295,-3.69532e-06,-1.00054,6.73472e-06,32000,32000,32000,32000
5.81,0.2,0.5,-1,0.200177,-2.2191e-06,0.500295,-3.69528e-06,-1.00054,6.73463e-06,32000,32000,32000,32000
5.811,0.2,0.5,-1,0.200177,-2.21907e-06,0.500295,-3.69523e-06,-1.00054,6.73455e-06,32000,32000,32000,32000
5.812,0.2,0.5,-1,0.200177,-2.21904e-06,0.500295,-3.69519e-06,-1.00054,6.73447e-06,32000,32000,32000,32000
5.813,0.2,0.5,-1,0.200177,-2.21902e-06,0.500295,-3.69514e-06,-1.00054,6.73438e-06,32000,32000,32000,32000
5.814,0.2,0.5,-1,0.200177,-2.21899e-06,0.500295,-3.69509e-06,-1.00054,6.7343e-06,32000,32000,32000,32000
5.815,0.2,0.5,-1,0.200177,-2.21896e-06,0.500295,-3.69505e-06,-1.00054,6.73421e-06,32000,32000,32000,32000
5.816,0.2,0.5,-1,0.200177,-2.21893e-06,0.500295,-3.695e-06,-1.00054,6.73413e-06,32000,32000,32000,32000
5.817,0.2,0.5,-1,0.200177,-2.2189e-06,0.500295,-3.69496e-06,-1.00054,6.73404e-06,32000,32000,32000,32000
5.818,0.2,0.5,-1,0.200177,-2.21888e-06,0.500295,-3.69491e-06,-1.00054,6.73396e-06,32000,32000,32000,32000
5.819,0.2,0.5,-1,0.200177,-2.21885e-06,0.500295,-3.69486e-06,-1.00054,6.73388e-06,32000,32000,32000,32000
5.82,0.2,0.5,-1,0.200177,-2.21882e-06,0.500295,-3.69482e-06,-1.00054,6.73379e-06,32000,32000,32000,32000
5.821,0.2,0.5,-1,0.200177,-2.21879e-06,0.500295,-3.69477e-06,-1.00054,6.73371e-06,32000,32000,32000,32000
5.822,0.2,0.5,-1,0.200177,-2.21877e-06,0.500295,-3.69472e-06,-1.00054,6.73362e-06,32000,32000,32000,32000
5.823,0.2,0.5,-1,0.200177,-2.21874e-06,0.500295,-3.69468e-06,-1.00054,6.73354e-06,32000,32000,32000,32000
5.824,0.2,0.5,-1,0.200177,-2.21871e-06,0.500295,-3.69463e-06,-1.00054,6.73346e-06,32000,32000,32000,32000
5.825,0.2,0.5,-1,0.200177,-2.21868e-06,0.500295,-3.69459e-06,-1.00054,6.73337e-06,32000,32000,32000,32000
5.826,0.2,0.5,-1,0.200177,-2.21866e-06,0.500295,-3.69454e-06,-1.00054,6.73329e-06,32000,32000,32000,32000
5.827,0.2,0.5,-1,0.200177,-2.21863e-06,0.500295,-3.69449e-06,-1.00054,6.7332e-06,32000,32000,32000,32000
5.828,0.2,0.5,-1,0.200177,-2.2186e-06,0.500295,-3.69445e-06,-1.00054,6.73312e-06,32000,32000,32000,32000
5.829,0.2,0.5,-1,0.200177,-2.21857e-06,0.500295,-3.6944e-06,-1.00054,6.73303e-06,32000,32000,32000,32000
5.83,0.2,0.5,-1,0.200177,-2.21854e-06,0.500295,-3.69435e-06,-1.00054,6.73295e-06,32000,32000,32000,32000
5.831,0.2,0.5,-1,0.200177,-2.21852e-06,0.500295,-3.69431e-06,-1.00054,6.73287e-06,32000,32000,32000,32000
5.832,0.2,0.5,-1,0.200177,-2.21849e-06,0.500295,-3.69426e-06,-1.00054,6.73278e-06,32000,32000,32000,32000
5.833,0.2,0.5,-1,0.200177,-2.21846e-06,0.500295,-3.69422e-06,-1.00054,6.7327e-06,32000,32000,32000,32000
5.834,0.2,0.5,-1,0.200177,-2.21843e-06,0.500295,-3.69417e-06,-1.00054,6.73261e-06,32000,32000,32000,32000
5.835,0.2,0.5,-1,0.200177,-2.21841e-06,0.500295,-3.69412e-06,-1.00054,6.73253e-06,32000,32000,32000,32000
5.836,0.2,0.5,-1,0.200177,-2.21838e-06,0.500295,-3.69408e-06,-1.00054,6.73244e-06,32000,32000,32000,32000
5.837,0.2,0.5,-1,0.200177,-2.21835e-06,0.500295,-3.69403e-06,-1.00054,6.73236e-06,32000,32000,32000,32000
5.838,0.2,0.5,-1,0.200177,-2.21832e-06,0.500295,-3.69398e-06,-1.00054,6.73228e-06,32000,32000,32000,32000
5.839,0.2,0.5,-1,0.200177,-2.21829e-06,0.500295,-3.69394e-06,-1.00054,6.73219e-06,32000,32000,32000,32000
5.84,0.2,0.5,-1,0.200177,-2.21827e-06,0.500295,-3.69389e-06,-1.00054,6.73211e-06,32000,32000,32000,32000
5.841,0.2,0.5,-1,0.200177,-2.21824e-06,0.500295,-3.69385e-06,-1.00054,6.73202e-06,32000,32000,32000,32000
5.842,0.2,0.5,-1,0.200177,-2.21821e-06,0.500295,-3.6938e-06,-1.00054,6.73194e-06,32000,32000,32000,32000
5.843,0.2,0.5,-1,0.200177,-2.21818e-06,0.500295,-3.69375e-06,-1.00054,6.73186e-06,32000,32000,32000,32000
5.844,0.2,0.5,-1,0.200177,-2.21816e-06,0.500295,-3.69371e-06,-1.00054,6.73177e-06,32000,32000,32000,32000
5.845,0.2,0.5,-1,0.200177,-2.21813e-06,0.500295,-3.69366e-06,-1.00054,6.73169e-06,32000,32000,32000,32000
5.846,0.2,0.5,-1,0.200177,-2.2181e-06,0.500295,-3.69362e-06,-1.00054,6.7316e-06,32000,32000,32000,32000
5.847,0.2,0.5,-1,0.200177,-2.21807e-06,0.500295,-3.69357e-06,-1.00054,6.73152e-06,32000,32000,32000,32000
5.848,0.2,0.5,-1,0.200177,-2.21804e-06,0.500295,-3.69352e-06,-1.00054,6.73143e-06,32000,32000,32000,32000
5.849,0.2,0.5,-1,0.200177,-2.21802e-06,0.500295,-3.69348e-06,-1.00054,6.73135e-06,32000,32000,32000,32000
5.85,0.2,0.5,-1,0.200177,-2.21799e-06,0.500295,-3.69343e-06,-1.00054,6.73127e-06,32000,32000,32000,32000
5.851,0.2,0.5,-1,0.200177,-2.21796e-06,0.500295,-3.69338e-06,-1.00054,6.73118e-06,32000,32000,32000,32000
5.852,0.2,0.5,-1,0.200177,-2.21793e-06,0.500295,-3.69334e-06,-1.00054,6.7311e-06,32000,32000,32000,32000
5.853,0.2,0.5,-1,0.200177,-2.21791e-06,0.500295,-3.69329e-06,-1.00054,6.73101e-06,32000,32000,32000,32000
5.854,0.2,0.5,-1,0.200177,-2.21788e-06,0.500295,-3.69325e-06,-1.00054,6.73093e-06,32000,32000,32000,32000
5.855,0.2,0.5,-1,0.200177,-2.21785e-06,0.500295,-3.6932e-06,-1.00054,6.73085e-06,32000,32000,32000,32000
5.856,0.2,0.5,-1,0.200177,-2.21782e-06,0.500295,-3.69315e-06,-1.00054,6.73076e-06,32000,32000,32000,32000
5.857,0.2,0.5,-1,0.200177,-2.2178e-06,0.500295,-3.69311e-06,-1.00054,6.73068e-06,32000,32000,32000,32000
5.858,0.2,0.5,-1,0.200177,-2.21777e-06,0.500295,-3.69306e-06,-1.00054,6.73059e-06,32000,32000,32000,32000
5.859,0.2,0.5,-1,0.200177,-2.21774e-06,0.500295,-3.69302e-06,-1.00054,6.73051e-06,32000,32000,32000,32000
5.86,0.2,0.5,-1,0.200177,-2.21771e-06,0.500295,-3.69297e-06,-1.00054,6.73042e-06,32000,32000,32000,32000
5.861,0.2,0.5,-1,0.200177,-2.21768e-06,0.500295,-3.69292e-06,-1.00054,6.73034e-06,32000,32000,32000,32000
5.862,0.2,0.5,-1,0.200177,-2.21766e-06,0.500295,-3.69288e-06,-1.00054,6.73026e-06,32000,32000,32000,32000
5.863,0.2,0.5,-1,0.200177,-2.21763e-06,0.500295,-3.69283e-06,-1.00054,6.73017e-06,32000,32000,32000,32000
5.864,0.2,0.5,-1,0.200177,-2.2176e-06,0.500295,-3.69278e-06,-1.00054,6.73009e-06,32000,32000,32000,32000
5.865,0.2,0.5,-1,0.200177,-2.21757e-06,0.500295,-3.69274e-06,-1.00054,6.73e-06,32000,32000,32000,32000
5.866,0.2,0.5,-1,0.200177,-2.21755e-06,0.500295,-3.69269e-06,-1.00054,6.72992e-06,32000,32000,32000,32000
5.867,0.2,0.5,-1,0.200177,-2.21752e-06,0.500295,-3.69265e-06,-1.00054,6.72984e-06,32000,32000,32000,32000
5.868,0.2,0.5,-1,0.200177,-2.21749e-06,0.500295,-3.6926e-06,-1.00054,6.72975e-06,32000,32000,32000,32000
5.869,0.2,0.5,-1,0.200177,-2.21746e-06,0.500295,-3.69255e-06,-1.00054,6.72967e-06,32000,32000,32000,32000
5.87,0.2,0.5,-1,0.200177,-2.21743e-06,0.500295,-3.69251e-06,-1.00054,6.72958e-06,32000,32000,32000,32000
5.871,0.2,0.5,-1,0.200177,-2.21741e-06,0.500295,-3.69246e-06,-1.00054,6.7295e-06,32000,32000,32000,32000
5.872,0.2,0.5,-1,0.200177,-2.21738e-06,0.500295,-3.69241e-06,-1.00054,6.72941e-06,32000,32000,32000,32000
5.873,0.2,0.5,-1,0.200177,-2.21735e-06,0.500295,-3.69237e-06,-1.00054,6.72933e-06,32000,32000,32000,32000
5.874,0.2,0.5,-1,0.200177,-2.21732e-06,0.500295,-3.69232e-06,-1.00054,6.72925e-06,32000,32000,32000,32000
5.875,0.2,0.5,-1,0.200177,-2.2173e-06,0.500295,-3.69228e-06,-1.00054,6.72916e-06,32000,32000,32000,32000
5.876,0.2,0.5,-1,0.200177,-2.21727e-06,0.500295,-3.69223e-06,-1.00054,6.72908e-06,32000,32000,32000,32000
5.877,0.2,0.5,-1,0.200177,-2.21724e-06,0.500295,-3.69218e-06,-1.00054,6.72899e-06,32000,32000,32000,32000
5.878,0.2,0.5,-1,0.200177,-2.21721e-06,0.500295,-3.69214e-06,-1.00054,6.72891e-06,32000,32000,32000,32000
5.879,0.2,0.5,-1,0.200177,-2.21718e-06,0.500295,-3.69209e-06,-1.00054,6.72883e-06,32000,32000,32000,32000
5.88,0.2,0.5,-1,0.200177,-2.21716e-06,0.500295,-3.69205e-06,-1.00054,6.72874e-06,32000,32000,32000,32000
5.881,0.2,0.5,-1,0.200177,-2.21713e-06,0.500295,-3.692e-06,-1.00054,6.72866e-06,32000,32000,32000,32000
5.882,0.2,0.5,-1,0.200177,-2.2171e-06,0.500295,-3.69195e-06,-1.00054,6.72857e-06,32000,32000,32000,32000
5.883,0.2,0.5,-1,0.200177,-2.21707e-06,0.500295,-3.69191e-06,-1.00054,6.72849e-06,32000,32000,32000,32000
5.884,0.2,0.5,-1,0.200177,-2.21705e-06,0.500295,-3.69186e-06,-1.00054,6.7284e-06,32000,32000,32000,32000
5.885,0.2,0.5,-1,0.200177,-2.21702e-06,0.500295,-3.69181e-06,-1.00054,6.72832e-06,32000,32000,32000,32000
5.886,0.2,0.5,-1,0.200177,-2.21699e-06,0.500295,-3.69177e-06,-1.00054,6.72824e-06,32000,32000,32000,32000
5.887,0.2,0.5,-1,0.200177,-2.21696e-06,0.500295,-3.69172e-06,-1.00054,6.72815e-06,32000,32000,32000,32000
5.888,0.2,0.5,-1,0.200177,-2.21694e-06,0.500295,-3.69168e-06,-1.00054,6.72807e-06,32000,32000,32000,32000
5.889,0.2,0.5,-1,0.200177,-2.21691e-06,0.500295,-3.69163e-06,-1.00054,6.72798e-06,32000,32000,32000,32000
5.89,0.2,0.5,-1,0.200177,-2.21688e-06,0.500295,-3.69158e-06,-1.00054,6.7279e-06,32000,32000,32000,32000
5.891,0.2,0.5,-1,0.200177,-2.21685e-06,0.500295,-3.69154e-06,-1.00054,6.72782e-06,32000,32000,32000,32000
5.892,0.2,0.5,-1,0.200177,-2.21682e-06,0.500295,-3.69149e-06,-1.00054,6.72773e-06,32000,32000,32000,32000
5.893,0.2,0.5,-1,0.200177,-2.2168e-06,0.500295,-3.69145e-06,-1.00054,6.72765e-06,32000,32000,32000,32000
5.894,0.2,0.5,-1,0.200177,-2.21677e-06,0.500295,-3.6914e-06,-1.00054,6.72756e-06,32000,32000,32000,32000
5.895,0.2,0.5,-1,0.200177,-2.21674e-06,0.500295,-3.69135e-06,-1.00054,6.72748e-06,32000,32000,32000,32000
5.896,0.2,0.5,-1,0.200177,-2.21671e-06,0.500295,-3.69131e-06,-1.00054,6.72739e-06,32000,32000,32000,32000
5.897,0.2,0.5,-1,0.200177,-2.21669e-06,0.500295,-3.69126e-06,-1.00054,6.72731e-06,32000,32000,32000,32000
5.898,0.2,0.5,-1,0.200177,-2.21666e-06,0.500295,-3.69121e-06,-1.00054,6.72723e-06,32000,32000,32000,32000
5.899,0.2,0.5,-1,0.200177,-2.21663e-06,0.500295,-3.69117e-06,-1.00054,6.72714e-06,32000,32000,32000,32000
5.9,0.2,0.5,-1,0.200177,-2.2166e-06,0.500295,-3.69112e-06,-1.00054,6.72706e-06,32000,32000,32000,32000
5.901,0.2,0.5,-1,0.200177,-2.21657e-06,0.500295,-3.69108e-06,-1.00054,6.72697e-06,32000,32000,32000,32000
5.902,0.2,0.5,-1,0.200177,-2.21655e-06,0.500295,-3.69103e-06,-1.00054,6.72689e-06,32000,32000,32000,32000
5.903,0.2,0.5,-1,0.200177,-2.21652e-06,0.500295,-3.69098e-06,-1.00054,6.72681e-06,32000,32000,32000,32000
5.904,0.2,0.5,-1,0.200177,-2.21649e-06,0.500295,-3.69094e-06,-1.00054,6.72672e-06,32000,32000,32000,32000
5.905,0.2,0.5,-1,0.200177,-2.21646e-06,0.500295,-3.69089e-06,-1.00054,6.72664e-06,32000,32000,32000,32000
5.906,0.2,0.5,-1,0.200177,-2.21644e-06,0.500295,-3.69085e-06,-1.00054,6.72655e-06,32000,32000,32000,32000
5.907,0.2,0.5,-1,0.200177,-2.21641e-06,0.500295,-3.6908e-06,-1.00054,6.72647e-06,32000,32000,32000,32000
5.908,0.2,0.5,-1,0.200177,-2.21638e-06,0.500295,-3.69075e-06,-1.00054,6.72639e-06,32000,32000,32000,32000
5.909,0.2,0.5,-1,0.200177,-2.21635e-06,0.500295,-3.69071e-06,-1.00054,6.7263e-06,32000,32000,32000,32000
5.91,0.2,0.5,-1,0.200177,-2.21633e-06,0.500295,-3.69066e-06,-1.00054,6.72622e-06,32000,32000,32000,32000
5.911,0.2,0.5,-1,0.200177,-2.2163e-06,0.500295,-3.69061e-06,-1.00054,6.72613e-06,32000,32000,32000,32000
5.912,0.2,0.5,-1,0.200177,-2.21627e-06,0.500295,-3.69057e-06,-1.00054,6.72605e-06,32000,32000,32000,32000
5.913,0.2,0.5,-1,0.200177,-2.21624e-06,0.500295,-3.69052e-06,-1.00054,6.72596e-06,32000,32000,32000,32000
5.914,0.2,0.5,-1,0.200177,-2.21621e-06,0.500295,-3.69048e-06,-1.00054,6.72588e-06,32000,32000,32000,32000
5.915,0.2,0.5,-1,0.200177,-2.21619e-06,0.500295,-3.69043e-06,-1.00054,6.7258e-06,32000,32000,32000,32000
5.916,0.2,0.5,-1,0.200177,-2.21616e-06,0.500295,-3.69038e-06,-1.00054,6.72571e-06,32000,32000,32000,32000
5.917,0.2,0.5,-1,0.200177,-2.21613e-06,0.500295,-3.69034e-06,-1.00054,6.72563e-06,32000,32000,32000,32000
5.918,0.2,0.5,-1,0.200177,-2.2161e-06,0.500295,-3.69029e-06,-1.00054,6.72554e-06,32000,32000,32000,32000
5.919,0.2,0.5,-1,0.200177,-2.21608e-06,0.500295,-3.69025e-06,-1.00054,6.72546e-06,32000,32000,32000,32000
5.92,0.2,0.5,-1,0.200177,-2.21605e-06,0.500295,-3.6902e-06,-1.00054,6.72538e-06,32000,32000,32000,32000
5.921,0.2,0.5,-1,0.200177,-2.21602e-06,0.500295,-3.69015e-06,-1.00054,6.72529e-06,32000,32000,32000,32000
5.922,0.2,0.5,-1,0.200177,-2.21599e-06,0.500295,-3.69011e-06,-1.00054,6.72521e-06,32000,32000,32000,32000
5.923,0.2,0.5,-1,0.200177,-2.21597e-06,0.500295,-3.69006e-06,-1.00054,6.72512e-06,32000,32000,32000,32000
5.924,0.2,0.5,-1,0.200177,-2.21594e-06,0.500295,-3.69001e-06,-1.00054,6.72504e-06,32000,32000,32000,32000
5.925,0.2,0.5,-1,0.200177,-2.21591e-06,0.500295,-3.68997e-06,-1.00054,6.72496e-06,32000,32000,32000,32000
5.926,0.2,0.5,-1,0.200177,-2.21588e-06,0.500295,-3.68992e-06,-1.00054,6.72487e-06,32000,32000,32000,32000
5.927,0.2,0.5,-1,0.200177,-2.21585e-06,0.500295,-3.68988e-06,-1.00054,6.72479e-06,32000,32000,32000,32000
5.928,0.2,0.5,-1,0.200177,-2.21583e-06,0.500295,-3.68983e-06,-1.00054,6.7247e-06,32000,32000,32000,32000
5.929,0.2,0.5,-1,0.200177,-2.2158e-06,0.500295,-3.68978e-06,-1.00054,6.72462e-06,32000,32000,32000,32000
5.93,0.2,0.5,-1,0.200177,-2.21577e-06,0.500295,-3.68974e-06,-1.00054,6.72454e-06,32000,32000,32000,32000
5.931,0.2,0.5,-1,0.200177,-2.21574e-06,0.500295,-3.68969e-06,-1.00054,6.72445e-06,32000,32000,32000,32000
5.932,0.2,0.5,-1,0.200177,-2.21572e-06,0.500295,-3.68965e-06,-1.00054,6.72437e-06,32000,32000,32000,32000
5.933,0.2,0.5,-1,0.200177,-2.21569e-06,0.500295,-3.6896e-06,-1.00054,6.72428e-06,32000,32000,32000,32000
5.934,0.2,0.5,-1,0.200177,-2.21566e-06,0.500295,-3.68955e-06,-1.00054,6.7242e-06,32000,32000,32000,32000
5.935,0.2,0.5,-1,0.200177,-2.21563e-06,0.500295,-3.68951e-06,-1.00054,6.72411e-06,32000,32000,32000,32000
5.936,0.2,0.5,-1,0.200177,-2.2156e-06,0.500295,-3.68946e-06,-1.00054,6.72403e-06,32000,32000,32000,32000
5.937,0.2,0.5,-1,0.200177,-2.21558e-06,0.500295,-3.68941e-06,-1.00054,6.72395e-06,32000,32000,32000,32000
5.938,0.2,0.5,-1,0.200177,-2.21555e-06,0.500295,-3.68937e-06,-1.00054,6.72386e-06,32000,32000,32000,32000
5.939,0.2,0.5,-1,0.200177,-2.21552e-06,0.500295,-3.68932e-06,-1.00054,6.72378e-06,32000,32000,32000,32000
5.94,0.2,0.5,-1,0.200177,-2.21549e-06,0.500295,-3.68928e-06,-1.00054,6.72369e-06,32000,32000,32000,32000
5.941,0.2,0.5,-1,0.200177,-2.21547e-06,0.500295,-3.68923e-06,-1.00054,6.72361e-06,32000,32000,32000,32000
5.942,0.2,0.5,-1,0.200177,-2.21544e-06,0.500295,-3.68918e-06,-1.00054,6.72353e-06,32000,32000,32000,32000
5.943,0.2,0.5,-1,0.200177,-2.21541e-06,0.500295,-3.68914e-06,-1.00054,6.72344e-06,32000,32000,32000,32000
5.944,0.2,0.5,-1,0.200177,-2.21538e-06,0.500295,-3.68909e-06,-1.00054,6.72336e-06,32000,32000,32000,32000
5.945,0.2,0.5,-1,0.200177,-2.21536e-06,0.500295,-3.68905e-06,-1.00054,6.72327e-06,32000,32000,32000,32000
5.946,0.2,0.5,-1,0.200177,-2.21533e-06,0.500295,-3.689e-06,-1.00054,6.72319e-06,32000,32000,32000,32000
5.947,0.2,0.5,-1,0.200177,-2.2153e-06,0.500295,-3.68895e-06,-1.00054,6.72311e-06,32000,32000,32000,32000
5.948,0.2,0.5,-1,0.200177,-2.21527e-06,0.500295,-3.68891e-06,-1.00054,6.72302e-06,32000,32000,32000,32000
5.949,0.2,0.5,-1,0.200177,-2.21524e-06,0.500295,-3.68886e-06,-1.00054,6.72294e-06,32000,32000,32000,32000
5.95,0.2,0.5,-1,0.200177,-2.21522e-06,0.500295,-3.68881e-06,-1.00054,6.72285e-06,32000,32000,32000,32000
5.951,0.2,0.5,-1,0.200177,-2.21519e-06,0.500295,-3.68877e-06,-1.00054,6.72277e-06,32000,32000,32000,32000
5.952,0.2,0.5,-1,0.200177,-2.21516e-06,0.500295,-3.68872e-06,-1.00054,6.72269e-06,32000,32000,32000,32000
5.953,0.2,0.5,-1,0.200177,-2.21513e-06,0.500295,-3.68868e-06,-1.00054,6.7226e-06,32000,32000,32000,32000
5.954,0.2,0.5,-1,0.200177,-2.21511e-06,0.500295,-3.68863e-06,-1.00054,6.72252e-06,32000,32000,32000,32000
5.955,0.2,0.5,-1,0.200177,-2.21508e-06,0.500295,-3.68858e-06,-1.00054,6.72243e-06,32000,32000,32000,32000
5.956,0.2,0.5,-1,0.200177,-2.21505e-06,0.500295,-3.68854e-06,-1.00054,6.72235e-06,32000,32000,32000,32000
5.957,0.2,0.5,-1,0.200177,-2.21502e-06,0.500295,-3.68849e-06,-1.00054,6.72226e-06,32000,32000,32000,32000
5.958,0.2,0.5,-1,0.200177,-2.215e-06,0.500295,-3.68845e-06,-1.00054,6.72218e-06,32000,32000,32000,32000
5.959,0.2,0.5,-1,0.200177,-2.21497e-06,0.500295,-3.6884e-06,-1.00054,6.7221e-06,32000,32000,32000,32000
5.96,0.2,0.5,-1,0.200177,-2.21494e-06,0.500295,-3.68835e-06,-1.00054,6.72201e-06,32000,32000,32000,32000
5.961,0.2,0.5,-1,0.200177,-2.21491e-06,0.500295,-3.68831e-06,-1.00054,6.72193e-06,32000,32000,32000,32000
5.962,0.2,0.5,-1,0.200177,-2.21488e-06,0.500295,-3.68826e-06,-1.00054,6.72184e-06,32000,32000,32000,32000
5.963,0.2,0.5,-1,0.200177,-2.21486e-06,0.500295,-3.68822e-06,-1.00054,6.72176e-06,32000,32000,32000,32000
5.964,0.2,0.5,-1,0.200177,-2.21483e-06,0.500295,-3.68817e-06,-1.00054,6.72168e-06,32000,32000,32000,32000
5.965,0.2,0.5,-1,0.200177,-2.2148e-06,0.500295,-3.68812e-06,-1.00054,6.72159e-06,32000,32000,32000,32000
5.966,0.2,0.5,-1,0.200177,-2.21477e-06,0.500295,-3.68808e-06,-1.00054,6.72151e-06,32000,32000,32000,32000
5.967,0.2,0.5,-1,0.200177,-2.21475e-06,0.500295,-3.68803e-06,-1.00054,6.72142e-06,32000,32000,32000,32000
5.968,0.2,0.5,-1,0.200177,-2.21472e-06,0.500295,-3.68798e-06,-1.00054,6.72134e-06,32000,32000,32000,32000
5.969,0.2,0.5,-1,0.200177,-2.21469e-06,0.500295,-3.68794e-06,-1.00054,6.72126e-06,32000,32000,32000,32000
5.97,0.2,0.5,-1,0.200177,-2.21466e-06,0.500295,-3.68789e-06,-1.00054,6.72117e-06,32000,32000,32000,32000
5.971,0.2,0.5,-1,0.200177,-2.21464e-06,0.500295,-3.68785e-06,-1.00054,6.72109e-06,32000,32000,32000,32000
5.972,0.2,0.5,-1,0.200177,-2.21461e-06,0.500295,-3.6878e-06,-1.00054,6.721e-06,32000,32000,32000,32000
5.973,0.2,0.5,-1,0.200177,-2.21458e-06,0.500295,-3.68775e-06,-1.00054,6.72092e-06,32000,32000,32000,32000
5.974,0.2,0.5,-1,0.200177,-2.21455e-06,0.500295,-3.68771e-06,-1.00054,6.72084e-06,32000,32000,32000,32000
5.975,0.2,0.5,-1,0.200177,-2.21452e-06,0.500295,-3.68766e-06,-1.00054,6.72075e-06,32000,32000,32000,32000
5.976,0.2,0.5,-1,0.200177,-2.2145e-06,0.500295,-3.68762e-06,-1.00054,6.72067e-06,32000,32000,32000,32000
5.977,0.2,0.5,-1,0.200177,-2.21447e-06,0.500295,-3.68757e-06,-1.00054,6.72058e-06,32000,32000,32000,32000
5.978,0.2,0.5,-1,0.200177,-2.21444e-06,0.500295,-3.68752e-06,-1.00054,6.7205e-06,32000,32000,32000,32000
5.979,0.2,0.5,-1,0.200177,-2.21441e-06,0.500295,-3.68748e-06,-1.00054,6.72042e-06,32000,32000,32000,32000
5.98,0.2,0.5,-1,0.200177,-2.21439e-06,0.500295,-3.68743e-06,-1.00054,6.72033e-06,32000,32000,32000,32000
5.981,0.2,0.5,-1,0.200177,-2.21436e-06,0.500295,-3.68738e-06,-1.00054,6.72025e-06,32000,32000,32000,32000
5.982,0.2,0.5,-1,0.200177,-2.21433e-06,0.500295,-3.68734e-06,-1.00054,6.72016e-06,32000,32000,32000,32000
5.983,0.2,0.5,-1,0.200177,-2.2143e-06,0.500295,-3.68729e-06,-1.00054,6.72008e-06,32000,32000,32000,32000
5.984,0.2,0.5,-1,0.200177,-2.21428e-06,0.500295,-3.68725e-06,-1.00054,6.72e-06,32000,32000,32000,32000
5.985,0.2,0.5,-1,0.200177,-2.21425e-06,0.500295,-3.6872e-06,-1.00054,6.71991e-06,32000,32000,32000,32000
5.986,0.2,0.5,-1,0.200177,-2.21422e-06,0.500295,-3.68715e-06,-1.00054,6.71983e-06,32000,32000,32000,32000
5.987,0.2,0.5,-1,0.200177,-2.21419e-06,0.500295,-3.68711e-06,-1.00054,6.71974e-06,32000,32000,32000,32000
5.988,0.2,0.5,-1,0.200177,-2.21416e-06,0.500295,-3.68706e-06,-1.00054,6.71966e-06,32000,32000,32000,32000
5.989,0.2,0.5,-1,0.200177,-2.21414e-06,0.500295,-3.68702e-06,-1.00054,6.71958e-06,32000,32000,32000,32000
5.99,0.2,0.5,-1,0.200177,-2.21411e-06,0.500295,-3.68697e-06,-1.00054,6.71949e-06,32000,32000,32000,32000
5.991,0.2,0.5,-1,0.200177,-2.21408e-06,0.500295,-3.68692e-06,-1.00054,6.71941e-06,32000,32000,32000,32000
5.992,0.2,0.5,-1,0.200177,-2.21405e-06,0.500295,-3.68688e-06,-1.00054,6.71932e-06,32000,32000,32000,32000
5.993,0.2,0.5,-1,0.200177,-2.21403e-06,0.500295,-3.68683e-06,-1.00054,6.71924e-06,32000,32000,32000,32000
5.994,0.2,0.5,-1,0.200177,-2.214e-06,0.500295,-3.68679e-06,-1.00054,6.71916e-06,32000,32000,32000,32000
5.995,0.2,0.5,-1,0.200177,-2.21397e-06,0.500295,-3.68674e-06,-1.00054,6.71907e-06,32000,32000,32000,32000
5.996,0.2,0.5,-1,0.200177,-2.21394e-06,0.500295,-3.68669e-06,-1.00054,6.71899e-06,32000,32000,32000,32000
5.997,0.2,0.5,-1,0.200177,-2.21392e-06,0.500295,-3.68665e-06,-1.00054,6.7189e-06,32000,32000,32000,32000
5.998,0.2,0.5,-1,0.200177,-2.21389e-06,0.500295,-3.6866e-06,-1.00054,6.71882e-06,32000,32000,32000,32000
5.999,0.2,0.5,-1,0.200177,-2.21386e-06,0.500295,-3.68655e-06,-1.00054,6.71873e-06,32000,32000,32000,32000
6,-0.5,0.2,2,0.200177,-2.21386e-06,0.500295,-3.68655e-06,-0.997842,2.69507,64000,0,0,64000
6.001,-0.5,0.2,2,0.200177,-2.21386e-06,0.500295,-3.68655e-06,-0.992452,5.39013,64000,0,0,64000
6.002,-0.5,0.2,2,0.200177,-2.21386e-06,0.500295,-3.68655e-06,-0.984367,8.08519,64000,0,0,64000
6.003,-0.5,0.2,2,0.200177,-2.21386e-06,0.500295,-3.68655e-06,-0.973587,10.7802,64000,0,0,64000
6.004,-0.5,0.2,2,0.200177,-2.21386e-06,0.500295,-3.68655e-06,-0.960111,13.4753,64000,0,0,64000
6.005,-0.5,0.2,2,0.200177,-2.21386e-06,0.500295,-3.68655e-06,-0.943941,16.1704,64000,0,0,64000
6.006,-0.5,0.2,2,0.200177,-2.21386e-06,0.500295,-3.68655e-06,-0.925076,18.8654,64000,0,0,64000
6.007,-0.5,0.2,2,0.200177,-2.21386e-06,0.500295,-3.68655e-06,-0.903515,21.5605,64000,0,0,64000
6.008,-0.5,0.2,2,0.200177,-2.21386e-06,0.500295,-3.68655e-06,-0.879259,24.2555,64000,0,0,64000
6.009,-0.5,0.2,2,0.200163,-0.0144768,0.50028,-0.0144782,-0.85235,26.9097,63020.3,0,0,64000
6.01,-0.5,0.2,2,0.200077,-0.085864,0.500194,-0.0858655,-0.822947,29.4028,59010.6,0,0,64000
6.011,-0.5,0.2,2,0.19987,-0.20716,0.499987,-0.207161,-0.791192,31.7548,55255.5,0,0,64000
6.012,-0.5,0.2,2,0.199497,-0.372422,0.499615,-0.372424,-0.75721,33.9824,51722.1,0,0,64000
6.013,-0.5,0.2,2,0.198921,-0.576568,0.499038,-0.576569,-0.72111,36.1001,48382.7,0,0,64000
6.014,-0.5,0.2,2,0.198105,-0.815339,0.498223,-0.815085,-0.68299,38.1198,45213.8,1046.76,0,64000
6.015,-0.5,0.2,2,0.197018,-1.08722,0.497141,-1.08185,-0.642944,40.0458,42195.9,4689.02,0,64000
6.016,-0.5,0.2,2,0.195626,-1.39178,0.495771,-1.37049,-0.601065,41.8795,39319.6,8274.55,0,64000
6.017,-0.5,0.2,2,0.193897,-1.72875,0.494096,-1.67509,-0.557443,43.6215,36580,11794.4,0,64000
6.018,-0.5,0.2,2,0.191799,-2.09794,0.492105,-1.99026,-0.512171,45.2723,33973.2,15239.2,0,64000
6.019,-0.5,0.2,2,0.1893,-2.49922,0.489794,-2.31106,-0.465339,46.8324,31496.1,18599.8,0,64000
6.02,-0.5,0.2,2,0.186368,-2.93245,0.487161,-2.63305,-0.417036,48.3021,29146.4,21867.1,0,64000
6.021,-0.5,0.2,2,0.18297,-3.39745,0.484209,-2.95229,-0.367355,49.6819,26922.1,25032.6,187.319,64000
6.022,-0.5,0.2,2,0.179078,-3.89245,0.480942,-3.26681,-0.316386,50.9682,24821.3,28088.2,3620.97,64000
6.023,-0.5,0.2,2,0.174664,-4.41437,0.477366,-3.5763,-0.264232,52.1546,22847.8,31025.4,7031.09,64000
6.024,-0.5,0.2,2,0.169722,-4.94161,0.473504,-3.8624,-0.211049,53.183,21009.1,33835.5,10404.3,62751.1
6.025,-0.5,0.2,2,0.164292,-5.42979,0.469419,-4.085,-0.157113,53.9356,19331.4,36446.8,13663.1,58558.6
6.026,-0.5,0.2,2,0.158408,-5.88372,0.465164,-4.25478,-0.10267,54.4433,17860.2,38713.5,16652.9,54773.4
6.027,-0.5,0.2,2,0.152101,-6.30708,0.460783,-4.38087,-0.0479367,54.7332,16582.2,40671.1,19396.4,51350.3
6.028,-0.5,0.2,2,0.145399,-6.70276,0.456312,-4.471,0.00689326,54.83,15484.6,42351.5,21913.2,48250.7
6.029,-0.5,0.2,2,0.138326,-7.07303,0.45178,-4.53179,0.0616486,54.7553,14554.9,43783.4,24221,45440.7
6.03,-0.5,0.2,2,0.130906,-7.4197,0.447211,-4.56888,0.116177,54.5289,13781.4,44992.7,26335.3,42890.6
6.031,-0.5,0.2,2,0.123162,-7.74425,0.442624,-4.58706,0.170346,54.1682,13152.7,46002.5,28270.3,40574.4
6.032,-0.5,0.2,2,0.115114,-8.04791,0.438034,-4.59038,0.224035,53.6894,12658.4,46833.9,30038.8,38469
6.033,-0.5,0.2,2,0.106782,-8.33173,0.433452,-4.58227,0.277142,53.1066,12288.1,47505.7,31652.3,36553.8
6.034,-0.5,0.2,2,0.0981854,-8.59662,0.428886,-4.5656,0.329574,52.4328,12032.5,48034.9,33121.9,34810.7
6.035,-0.5,0.2,2,0.089342,-8.84337,0.424343,-4.54277,0.381254,51.68,11882.5,48436.9,34457.3,33223.2
6.036,-0.5,0.2,2,0.0802693,-9.07272,0.419827,-4.51577,0.432113,50.8586,11829.6,48725.6,35667.9,31776.8
6.037,-0.5,0.2,2,0.0709839,-9.28534,0.415341,-4.48621,0.482091,49.9784,11865.7,48913.5,36762.4,30458.3
6.038,-0.5,0.2,2,0.0615021,-9.48185,0.410886,-4.4554,0.53114,49.0481,11983.3,49011.9,37748.9,29255.8
6.039,-0.5,0.2,2,0.0518393,-9.66284,0.406461,-4.42438,0.579215,48.0758,12175.2,49031.1,38635.1,28158.6
6.04,-0.5,0.2,2,0.0420104,-9.82887,0.402067,-4.39395,0.626284,47.0686,12434.6,48980.2,39428,27157.1
6.041,-0.5,0.2,2,0.0320299,-9.98045,0.397703,-4.36472,0.672317,46.0331,12755.2,48867.7,40134.5,26242.6
6.042,-0.5,0.2,2,0.0219118,-10.1181,0.393366,-4.33713,0.717292,44.9753,13130.8,48701.1,40761.1,25407
6.043,-0.5,0.2,2,0.0116695,-10.2423,0.389054,-4.31146,0.761193,43.9006,13555.8,48487.3,41313.5,24643.4
6.044,-0.5,0.2,2,0.00131604,-10.3535,0.384766,-4.28789,0.804007,42.8138,14024.8,48232.5,41797.7,23945
6.045,-0.5,0.2,2,-0.00913609,-10.4521,0.3805,-4.26648,0.845726,41.7195,14532.8,47942.2,42218.8,23306.2
6.046,-0.5,0.2,2,-0.0196747,-10.5386,0.376253,-4.24722,0.886348,40.6215,15074.9,47621.7,42582,22721.5
6.047,-0.5,0.2,2,-0.0302881,-10.6134,0.372023,-4.23003,0.925871,39.5234,15646.6,47275.4,42892,22186.1
6.048,-0.5,0.2,2,-0.0409648,-10.6768,0.367808,-4.21476,0.9643,38.4286,16243.7,46907.6,43153.1,21695.6
6.049,-0.5,0.2,2,-0.051694,-10.7291,0.363607,-4.20123,1.00164,37.3398,16862.3,46522,43369.6,21246.1
6.05,-0.5,0.2,2,-0.0624649,-10.7709,0.359417,-4.18923,1.0379,36.2596,17498.5,46122.1,43545.5,20834
6.051,-0.5,0.2,2,-0.0732672,-10.8023,0.355239,-4.17851,1.07309,35.1905,18148.9,45710.8,43684.2,20456.1
6.052,-0.5,0.2,2,-0.084091,-10.8238,0.35107,-4.16883,1.10722,34.1342,18810.2,45291.1,43789.3,20109.4
6.053,-0.5,0.2,2,-0.0949265,-10.8355,0.34691,-4.15992,1.14032,33.0927,19479.4,44865.3,43864,19791.3
6.054,-0.5,0.2,2,-0.105764,-10.8379,0.342759,-4.15152,1.17238,32.0675,20153.7,44435.8,43911.1,19499.4
6.055,-0.5,0.2,2,-0.116596,-10.8312,0.338615,-4.14334,1.20344,31.0599,20830.3,44004.6,43933.5,19231.6
6.056,-0.5,0.2,2,-0.127411,-10.8156,0.33448,-4.13513,1.23351,30.071,21506.9,43573.4,43933.6,18986.1
6.057,-0.5,0.2,2,-0.138203,-10.7916,0.330353,-4.12664,1.26262,29.1019,22181.3,43143.8,43913.8,18761
6.058,-0.5,0.2,2,-0.148962,-10.7592,0.326236,-4.11762,1.29077,28.1532,22851.4,42717.4,43876.3,18554.9
6.059,-0.5,0.2,2,-0.159681,-10.7188,0.322128,-4.10784,1.318,27.2258,23515.4,42295.2,43823,18366.4
6.06,-0.5,0.2,2,-0.170351,-10.6707,0.318031,-4.09709,1.34432,26.3201,24171.4,41878.5,43755.8,18194.3
6.061,-0.5,0.2,2,-0.180966,-10.615,0.313946,-4.08515,1.36975,25.4364,24818,41468.2,43676.3,18037.5
6.062,-0.5,0.2,2,-0.191518,-10.5521,0.309874,-4.07186,1.39433,24.5752,25453.7,41065.2,43586,17895.1
6.063,-0.5,0.2,2,-0.202001,-10.4821,0.305817,-4.05705,1.41806,23.7364,26077.4,40670.1,43486.4,17766.1
6.064,-0.5,0.2,2,-0.212406,-10.4054,0.301776,-4.04055,1.44098,22.9203,26688,40283.6,43378.6,17649.9
6.065,-0.5,0.2,2,-0.222728,-10.3221,0.297754,-4.02225,1.46311,22.1268,27284.3,39906.2,43263.8,17545.7
6.066,-0.5,0.2,2,-0.232961,-10.2326,0.293752,-4.00203,1.48447,21.3558,27865.7,39538.2,43143,17453.1
6.067,-0.5,0.2,2,-0.243098,-10.137,0.289772,-3.9798,1.50507,20.6072,28431.3,39180.1,43017.1,17371.5
6.068,-0.5,0.2,2,-0.253133,-10.0355,0.285817,-3.95546,1.52495,19.8808,28980.6,38832.1,42886.9,17300.4
6.069,-0.5,0.2,2,-0.263062,-9.92854,0.281888,-3.92896,1.54413,19.1763,29513,38494.4,42753.2,17239.4
6.07,-0.5,0.2,2,-0.272878,-9.81622,0.277987,-3.90026,1.56262,18.4934,30028,38167.1,42616.6,17188.2
6.071,-0.5,0.2,2,-0.282577,-9.6988,0.274118,-3.86931,1.58046,17.8318,30525.5,37850.4,42477.6,17146.5
6.072,-0.5,0.2,2,-0.292153,-9.57652,0.270282,-3.83609,1.59765,17.191,31005,37544.1,42336.8,17114
6.073,-0.5,0.2,2,-0.301603,-9.44962,0.266481,-3.8006,1.61422,16.5706,31466.5,37248.3,42194.6,17090.5
6.074,-0.5,0.2,2,-0.310921,-9.31834,0.262719,-3.76284,1.63019,15.9703,31909.9,36963,42051.3,17075.8
6.075,-0.5,0.2,2,-0.320104,-9.1829,0.258996,-3.72284,1.64558,15.3895,32335,36688,41907.3,17069.6
6.076,-0.5,0.2,2,-0.329148,-9.04355,0.255315,-3.6806,1.66041,14.8279,32741.9,36423.3,41762.9,17071.9
6.077,-0.5,0.2,2,-0.338048,-8.90051,0.251679,-3.63618,1.67469,14.2848,33130.8,36168.6,41618.3,17082.4
6.078,-0.5,0.2,2,-0.346802,-8.75402,0.248089,-3.58961,1.68845,13.7598,33501.6,35923.8,41473.6,17100.9
6.079,-0.5,0.2,2,-0.355406,-8.6043,0.244548,-3.54095,1.7017,13.2524,33854.7,35688.7,41329.1,17127.5
6.08,-0.5,0.2,2,-0.363858,-8.45158,0.241058,-3.49025,1.71446,12.7621,34190.1,35463.1,41184.9,17161.9
6.081,-0.5,0.2,2,-0.372154,-8.29608,0.237621,-3.43758,1.72675,12.2884,34508.2,35246.7,41041.1,17204
6.082,-0.5,0.2,2,-0.380292,-8.13802,0.234238,-3.38302,1.73858,11.8308,34809.1,35039.3,40897.8,17253.7
6.083,-0.5,0.2,2,-0.38827,-7.97763,0.230911,-3.32664,1.74997,11.3887,35093.3,34840.7,40755.1,17311
6.084,-0.5,0.2,2,-0.396085,-7.81511,0.227642,-3.26851,1.76093,10.9618,35360.9,34650.6,40613,17375.5
6.085,-0.5,0.2,2,-0.403736,-7.65068,0.224434,-3.20873,1.77148,10.5494,35612.4,34468.7,40471.5,17447.3
6.086,-0.5,0.2,2,-0.41122,-7.48454,0.221286,-3.14737,1.78163,10.1512,35848.1,34294.9,40330.7,17526.3
6.087,-0.5,0.2,2,-0.418537,-7.3169,0.218202,-3.08453,1.7914,9.76663,36068.4,34128.7,40190.6,17612.2
6.088,-0.5,0.2,2,-0.425685,-7.14796,0.215182,-3.02031,1.8008,9.39526,36273.7,33970.1,40051.2,17705
6.089,-0.5,0.2,2,-0.432663,-6.97791,0.212227,-2.95479,1.80983,9.03665,36464.3,33818.6,39912.6,17804.5
6.09,-0.5,0.2,2,-0.43947,-6.80695,0.209339,-2.88806,1.81852,8.69034,36640.7,33674.1,39774.6,17910.6
6.091,-0.5,0.2,2,-0.446105,-6.63526,0.206518,-2.82022,1.82688,8.35593,36803.2,33536.2,39637.4,18023.2
6.092,-0.5,0.2,2,-0.452568,-6.46303,0.203767,-2.75138,1.83491,8.033,36952.3,33404.8,39500.8,18142
6.093,-0.5,0.2,2,-0.458859,-6.29042,0.201085,-2.68161,1.84263,7.72115,37088.4,33279.6,39365,18267
6.094,-0.5,0.2,2,-0.464976,-6.11763,0.198474,-2.61103,1.85005,7.42001,37211.8,33160.3,39229.9,18398
6.095,-0.5,0.2,2,-0.470921,-5.9448,0.195935,-2.53971,1.85718,7.12918,37323.1,33046.8,39095.4,18534.7
6.096,-0.5,0.2,2,-0.476693,-5.77211,0.193467,-2.46777,1.86403,6.84833,37422.5,32938.7,38961.6,18677.1
6.097,-0.5,0.2,2,-0.482293,-5.59972,0.191072,-2.39528,1.87061,6.5771,37510.6,32836,38828.5,18824.9
6.098,-0.5,0.2,2,-0.487721,-5.42778,0.188749,-2.32234,1.87692,6.31517,37587.6,32738.3,38696.1,18978
6.099,-0.5,0.2,2,-0.492977,-5.25643,0.1865,-2.24905,1.88299,6.0622,37654,32645.4,38564.4,19136.2
6.1,-0.5,0.2,2,-0.498063,-5.08583,0.184325,-2.17548,1.8888,5.8179,37710.3,32557.2,38433.4,19299.2
6.101,-0.5,0.2,2,-0.502979,-4.9161,0.182223,-2.10174,1.89439,5.58198,37756.6,32473.5,38303,19466.8
6.102,-0.5,0.2,2,-0.507726,-4.74739,0.180195,-2.02789,1.89974,5.35414,37793.6,32394.1,38173.4,19638.9
6.103,-0.5,0.2,2,-0.512306,-4.57982,0.178241,-1.95404,1.90487,5.13412,37821.5,32318.8,38044.4,19815.3
6.104,-0.5,0.2,2,-0.51672,-4.41351,0.176361,-1.88026,1.9098,4.92166,37840.6,32247.5,37916.2,19995.7
6.105,-0.5,0.2,2,-0.520968,-4.24858,0.174554,-1.80662,1.91451,4.71651,37851.4,32180,37788.7,20179.9
6.106,-0.5,0.2,2,-0.525053,-4.08515,0.172821,-1.73322,1.91903,4.51843,37854.2,32116.1,37662,20367.6
6.107,-0.5,0.2,2,-0.528977,-3.92332,0.171161,-1.66011,1.92336,4.32719,37849.4,32055.7,37536.1,20558.8
6.108,-0.5,0.2,2,-0.53274,-3.7632,0.169574,-1.58738,1.9275,4.14258,37837.2,31998.7,37411,20753.1
6.109,-0.5,0.2,2,-0.536345,-3.60488,0.168058,-1.51509,1.93146,3.96437,37818,31945,37286.8,20950.2
6.11,-0.5,0.2,2,-0.539793,-3.44846,0.166615,-1.44332,1.93526,3.79238,37792.2,31894.3,37163.4,21150.1
6.111,-0.5,0.2,2,-0.543087,-3.29403,0.165243,-1.37213,1.93888,3.62641,37760,31846.7,37041,21352.4
6.112,-0.5,0.2,2,-0.546229,-3.14167,0.163941,-1.30158,1.94235,3.46626,37721.7,31801.9,36919.4,21557
6.113,-0.5,0.2,2,-0.54922,-2.99146,0.16271,-1.23173,1.94566,3.31178,37677.7,31759.9,36798.9,21763.5
6.114,-0.5,0.2,2,-0.552064,-2.84347,0.161547,-1.16265,1.94882,3.16277,37628.2,31720.6,36679.3,21971.8
6.115,-0.5,0.2,2,-0.554762,-2.69778,0.160453,-1.09438,1.95184,3.01908,37573.6,31683.9,36560.8,22181.7
6.116,-0.5,0.2,2,-0.557316,-2.55445,0.159426,-1.02698,1.95472,2.88056,37514.1,31649.6,36443.4,22392.9
6.117,-0.5,0.2,2,-0.55973,-2.41354,0.158465,-0.960507,1.95747,2.74704,37449.9,31617.8,36327.1,22605.2
6.118,-0.5,0.2,2,-0.562005,-2.27511,0.15757,-0.894998,1.96009,2.61838,37381.4,31588.3,36211.9,22818.4
6.119,-0.5,0.2,2,-0.564144,-2.1392,0.15674,-0.830503,1.96258,2.49444,37308.8,31561,36098,23032.3
6.12,-0.5,0.2,2,-0.56615,-2.00587,0.155973,-0.767063,1.96496,2.37508,37232.3,31535.9,35985.2,23246.6
6.121,-0.5,0.2,2,-0.568025,-1.87517,0.155268,-0.70472,1.96722,2.26017,37152.2,31512.9,35873.8,23461.2
6.122,-0.5,0.2,2,-0.569772,-1.74713,0.154624,-0.64351,1.96937,2.14959,37068.7,31491.9,35763.6,23675.8
6.123,-0.5,0.2,2,-0.571394,-1.62178,0.154041,-0.583469,1.97141,2.0432,36982.1,31472.8,35654.8,23890.3
6.124,-0.5,0.2,2,-0.572893,-1.49916,0.153516,-0.524628,1.97335,1.94089,36892.5,31455.6,35547.4,24104.4
6.125,-0.5,0.2,2,-0.574272,-1.3793,0.153049,-0.467019,1.9752,1.84253,36800.2,31440.3,35441.4,24318.1
6.126,-0.5,0.2,2,-0.575535,-1.26222,0.152639,-0.410668,1.97694,1.74803,36705.5,31426.7,35336.8,24531
6.127,-0.5,0.2,2,-0.576683,-1.14794,0.152283,-0.3556,1.9786,1.65725,36608.4,31414.9,35233.7,24743
6.128,-0.5,0.2,2,-0.577719,-1.03649,0.151981,-0.301838,1.98017,1.57011,36509.3,31404.6,35132.1,24953.9
6.129,-0.5,0.2,2,-0.578647,-0.927862,0.151732,-0.249402,1.98166,1.48648,36408.2,31396,35032.1,25163.7
6.13,-0.5,0.2,2,-0.579469,-0.822081,0.151533,-0.19831,1.98306,1.40628,36305.5,31388.9,34933.6,25372
6.131,-0.5,0.2,2,-0.580188,-0.71915,0.151385,-0.148577,1.98439,1.32939,36201.2,31383.3,34836.7,25578.8
6.132,-0.5,0.2,2,-0.580807,-0.619075,0.151285,-0.100218,1.98565,1.25573,36095.5,31379.2,34741.4,25783.9
6.133,-0.5,0.2,2,-0.581329,-0.521855,0.151231,-0.0532422,1.98683,1.18518,35988.7,31376.4,34647.7,25987.2
6.134,-0.5,0.2,2,-0.581757,-0.427488,0.151224,-0.0076599,1.98795,1.11767,35880.9,31374.9,34555.7,26188.5
6.135,-0.5,0.2,2,-0.582093,-0.335969,0.15126,0.0365223,1.989,1.0531,35772.1,31374.8,34465.4,26387.7
6.136,-0.5,0.2,2,-0.58234,-0.247292,0.15134,0.0792994,1.99,0.991373,35662.7,31375.9,34376.7,26584.7
6.137,-0.5,0.2,2,-0.582501,-0.161444,0.15146,0.120668,1.99093,0.932407,35552.8,31378.1,34289.7,26779.4
6.138,-0.5,0.2,2,-0.58258,-0.0784143,0.151621,0.160628,1.9918,0.876112,35442.4,31381.5,34204.5,26971.6
6.139,-0.5,0.2,2,-0.582578,0.00181363,0.15182,0.19918,1.99263,0.822404,35331.7,31386,34120.9,27161.3
6.14,-0.5,0.2,2,-0.582499,0.0792574,0.152056,0.236325,1.9934,0.771199,35221,31391.6,34039.1,27348.3
6.141,-0.5,0.2,2,-0.582345,0.153937,0.152328,0.272069,1.99412,0.722416,35110.2,31398.1,33959,27532.7
6.142,-0.5,0.2,2,-0.582119,0.225875,0.152635,0.306418,1.9948,0.675972,34999.5,31405.6,33880.7,27714.2
6.143,-0.5,0.2,2,-0.581824,0.295095,0.152974,0.339377,1.99543,0.63179,34889.1,31414,33804,27892.8
6.144,-0.5,0.2,2,-0.581462,0.361624,0.153345,0.370958,1.99602,0.589792,34779,31423.3,33729.2,28068.5
6.145,-0.5,0.2,2,-0.581037,0.425489,0.153746,0.40117,1.99657,0.5499,34669.4,31433.4,33656,28241.1
6.146,-0.5,0.2,2,-0.58055,0.486721,0.154176,0.430024,1.99708,0.512041,34560.4,31444.3,33584.6,28410.7
6.147,-0.5,0.2,2,-0.580005,0.545351,0.154634,0.457535,1.99756,0.476141,34452.1,31455.9,33514.9,28577.1
6.148,-0.5,0.2,2,-0.579403,0.601413,0.155118,0.483716,1.998,0.442128,34344.5,31468.2,33446.9,28740.4
6.149,-0.5,0.2,2,-0.578748,0.65494,0.155626,0.508583,1.99841,0.409931,34237.8,31481.1,33380.6,28900.4
6.15,-0.5,0.2,2,-0.578042,0.70597,0.156158,0.532152,1.99879,0.379482,34132.1,31494.7,33316,29057.2
6.151,-0.5,0.2,2,-0.577288,0.754539,0.156713,0.554441,1.99914,0.350713,34027.4,31508.8,33253.1,29210.7
6.152,-0.5,0.2,2,-0.576487,0.800686,0.157288,0.575469,1.99946,0.323557,33923.8,31523.4,33191.9,29360.9
6.153,-0.5,0.2,2,-0.575643,0.844451,0.157884,0.595256,1.99976,0.29795,33821.4,31538.5,33132.4,29507.7
6.154,-0.5,0.2,2,-0.574757,0.885874,0.158497,0.613821,2.00003,0.273828,33720.4,31554.1,33074.4,29651.2
6.155,-0.5,0.2,2,-0.573832,0.924997,0.159129,0.631186,2.00028,0.25113,33620.6,31570,33018.1,29791.3
6.156,-0.5,0.2,2,-0.57287,0.961863,0.159776,0.647373,2.00051,0.229794,33522.3,31586.3,32963.4,29928
6.157,-0.5,0.2,2,-0.571873,0.996515,0.160438,0.662404,2.00072,0.209763,33425.4,31602.9,32910.3,30061.4
6.158,-0.5,0.2,2,-0.570844,1.029,0.161115,0.676302,2.00092,0.190979,33330.1,31619.8,32858.8,30191.4
6.159,-0.5,0.2,2,-0.569785,1.05935,0.161804,0.689091,2.00109,0.173386,33236.3,31636.9,32808.8,30318
6.16,-0.5,0.2,2,-0.568697,1.08763,0.162505,0.700796,2.00125,0.156928,33144.2,31654.3,32760.3,30441.2
6.161,-0.5,0.2,2,-0.567583,1.11387,0.163216,0.71144,2.00139,0.141555,33053.8,31671.8,32713.3,30561.1
6.162,-0.5,0.2,2,-0.566445,1.13813,0.163937,0.72105,2.00151,0.127212,32965,31689.5,32667.8,30677.7
6.163,-0.5,0.2,2,-0.565285,1.16044,0.164667,0.729649,2.00163,0.113852,32878.1,31707.3,32623.7,30790.9
6.164,-0.5,0.2,2,-0.564104,1.18086,0.165404,0.737264,2.00173,0.101425,32792.9,31725.1,32581.1,30900.8
6.165,-0.5,0.2,2,-0.562905,1.19944,0.166148,0.743921,2.00182,0.0898844,32709.6,31743,32539.9,31007.5
6.166,-0.5,0.2,2,-0.561688,1.21621,0.166897,0.749645,2.0019,0.0791845,32628.2,31760.9,32500.1,31110.9
6.167,-0.5,0.2,2,-0.560457,1.23123,0.167652,0.754462,2.00197,0.0692812,32548.6,31778.8,32461.6,31211
6.168,-0.5,0.2,2,-0.559213,1.24455,0.16841,0.7584,2.00203,0.060132,32471,31796.6,32424.4,31308
6.169,-0.5,0.2,2,-0.557956,1.25621,0.169172,0.761483,2.00208,0.0516959,32395.3,31814.3,32388.6,31401.8
6.17,-0.5,0.2,2,-0.55669,1.26626,0.169936,0.763739,2.00212,0.043933,32321.5,31832,32354,31492.5
6.171,-0.5,0.2,2,-0.555415,1.27475,0.170701,0.765193,2.00216,0.0368053,32249.7,31849.5,32320.7,31580.1
6.172,-0.5,0.2,2,-0.554134,1.28172,0.171467,0.765873,2.00219,0.0302758,32179.9,31866.9,32288.5,31664.7
6.173,-0.5,0.2,2,-0.552846,1.28723,0.172232,0.765803,2.00222,0.0243092,32112.1,31884,32257.6,31746.2
6.174,-0.5,0.2,2,-0.551555,1.29131,0.172997,0.765011,2.00223,0.0188715,32046.3,31901,32227.9,31824.8
6.175,-0.5,0.2,2,-0.550261,1.29402,0.173761,0.763521,2.00225,0.01393,31982.5,31917.8,32199.3,31900.4
6.176,-0.5,0.2,2,-0.548966,1.2954,0.174522,0.76136,2.00226,0.00945334,31920.7,31934.3,32171.8,31973.2
6.177,-0.5,0.2,2,-0.54767,1.2955,0.175281,0.758554,2.00226,0.00541163,31860.9,31950.6,32145.4,32043.1
6.178,-0.5,0.2,2,-0.546376,1.29436,0.176036,0.755127,2.00226,0.00177615,31803.2,31966.5,32120.1,32110.2
6.179,-0.5,0.2,2,-0.545084,1.29203,0.176787,0.751104,2.00226,-0.00148051,31747.4,31982.2,32095.8,32174.6
6.18,-0.5,0.2,2,-0.543795,1.28855,0.177534,0.746511,2.00226,-0.00438449,31693.6,31997.6,32072.5,32236.3
6.181,-0.5,0.2,2,-0.542511,1.28397,0.178275,0.741371,2.00225,-0.00696075,31641.8,32012.7,32050.2,32295.3
6.182,-0.5,0.2,2,-0.541233,1.27833,0.179011,0.73571,2.00224,-0.00923303,31592,32027.4,32028.8,32351.8
6.183,-0.5,0.2,2,-0.539961,1.27168,0.17974,0.72955,2.00223,-0.0112239,31544.2,32041.7,32008.4,32405.7
6.184,-0.5,0.2,2,-0.538697,1.26405,0.180463,0.722915,2.00222,-0.0129548,31498.3,32055.7,31988.9,32457
6.185,-0.5,0.2,2,-0.537442,1.25549,0.181179,0.715829,2.0022,-0.0144461,31454.3,32069.4,31970.3,32506
6.186,-0.5,0.2,2,-0.536196,1.24603,0.181887,0.708314,2.00219,-0.0157171,31412.3,32082.6,31952.6,32552.5
6.187,-0.5,0.2,2,-0.53496,1.23573,0.182588,0.700393,2.00217,-0.016786,31372.2,32095.4,31935.7,32596.7
6.188,-0.5,0.2,2,-0.533735,1.22462,0.18328,0.692088,2.00215,-0.0176699,31333.9,32107.9,31919.6,32638.6
6.189,-0.5,0.2,2,-0.532523,1.21274,0.183963,0.683419,2.00214,-0.0183852,31297.5,32119.9,31904.3,32678.2
6.19,-0.5,0.2,2,-0.531322,1.20013,0.184638,0.67441,2.00212,-0.0189472,31263,32131.6,31889.8,32715.7
6.191,-0.5,0.2,2,-0.530136,1.18683,0.185303,0.665079,2.0021,-0.0193701,31230.2,32142.8,31876,32751
6.192,-0.5,0.2,2,-0.528963,1.17287,0.185958,0.655448,2.00208,-0.0196676,31199.3,32153.6,31863,32784.2
6.193,-0.5,0.2,2,-0.527804,1.15829,0.186604,0.645536,2.00206,-0.0198523,31170.1,32164,31850.6,32815.3
6.194,-0.5,0.2,2,-0.526661,1.14313,0.187239,0.635363,2.00204,-0.019936,31142.6,32173.9,31839,32844.5
6.195,-0.5,0.2,2,-0.525534,1.12742,0.187864,0.624949,2.00202,-0.0199298,31116.9,32183.4,31828,32871.7
6.196,-0.5,0.2,2,-0.524423,1.1112,0.188478,0.614311,2.002,-0.019844,31092.8,32192.5,31817.6,32897.1
6.197,-0.5,0.2,2,-0.523328,1.0945,0.189082,0.603467,2.00198,-0.0196881,31070.3,32201.2,31807.9,32920.6
6.198,-0.5,0.2,2,-0.522251,1.07736,0.189674,0.592436,2.00196,-0.0194711,31049.5,32209.4,31798.8,32942.3
6.199,-0.5,0.2,2,-0.521191,1.0598,0.190255,0.581235,2.00194,-0.0192012,31030.3,32217.2,31790.2,32962.3
6.2,-0.5,0.2,2,-0.520149,1.04186,0.190825,0.56988,2.00192,-0.018886,31012.6,32224.6,31782.3,32980.6
6.201,-0.5,0.2,2,-0.519126,1.02356,0.191384,0.558388,2.0019,-0.0185325,30996.4,32231.6,31774.8,32997.2
6.202,-0.5,0.2,2,-0.518121,1.00495,0.19193,0.546774,2.00188,-0.0181472,30981.7,32238.1,31767.9,33012.2
6.203,-0.5,0.2,2,-0.517135,0.986042,0.192466,0.535054,2.00187,-0.017736,30968.4,32244.3,31761.6,33025.7
6.204,-0.5,0.2,2,-0.516168,0.966871,0.192989,0.523244,2.00185,-0.0173042,30956.6,32250,31755.7,33037.7
6.205,-0.5,0.2,2,-0.51522,0.947464,0.1935,0.511357,2.00183,-0.0168569,30946.1,32255.3,31750.3,33048.2
6.206,-0.5,0.2,2,-0.514292,0.927848,0.194,0.499407,2.00182,-0.0163983,30937,32260.3,31745.4,33057.4
6.207,-0.5,0.2,2,-0.513384,0.90805,0.194487,0.487409,2.0018,-0.0159326,30929.2,32264.8,31740.9,33065.1
6.208,-0.5,0.2,2,-0.512496,0.888093,0.194962,0.475375,2.00178,-0.0154634,30922.7,32268.9,31736.8,33071.6
6.209,-0.5,0.2,2,-0.511628,0.868003,0.195426,0.463319,2.00177,-0.0149938,30917.4,32272.7,31733.2,33076.7
6.21,-0.5,0.2,2,-0.51078,0.847805,0.195877,0.451251,2.00175,-0.0145269,30913.2,32276.1,31730,33080.7
6.211,-0.5,0.2,2,-0.509953,0.82752,0.196316,0.439186,2.00174,-0.014065,30910.3,32279.1,31727.2,33083.4
6.212,-0.5,0.2,2,-0.509146,0.807172,0.196743,0.427132,2.00173,-0.0136104,30908.5,32281.8,31724.7,33085
6.213,-0.5,0.2,2,-0.508359,0.786782,0.197158,0.415103,2.00171,-0.0131651,30907.8,32284.1,31722.6,33085.5
6.214,-0.5,0.2,2,-0.507593,0.766371,0.197561,0.403108,2.0017,-0.0127307,30908.1,32286.1,31720.9,33084.9
6.215,-0.5,0.2,2,-0.506847,0.74596,0.197953,0.391158,2.00169,-0.0123086,30909.5,32287.7,31719.5,33083.4
6.216,-0.5,0.2,2,-0.506121,0.725567,0.198332,0.379262,2.00168,-0.0119,30911.8,32289,31718.4,33080.8
6.217,-0.5,0.2,2,-0.505416,0.705211,0.198699,0.36743,2.00167,-0.0115059,30915.1,32290,31717.6,33077.3
6.218,-0.5,0.2,2,-0.504731,0.684911,0.199055,0.35567,2.00165,-0.011127,30919.3,32290.7,31717.1,33072.9
6.219,-0.5,0.2,2,-0.504066,0.664684,0.199399,0.343992,2.00164,-0.0107638,30924.4,32291.1,31716.9,33067.6
6.22,-0.5,0.2,2,-0.503422,0.644546,0.199731,0.332404,2.00163,-0.0104169,30930.3,32291.2,31717,33061.5
6.221,-0.5,0.2,2,-0.502797,0.624513,0.200052,0.320913,2.00162,-0.0100864,30937,32291,31717.4,33054.6
6.222,-0.5,0.2,2,-0.502193,0.604602,0.200362,0.309527,2.00161,-0.00977253,30944.5,32290.5,31718,33047
6.223,-0.5,0.2,2,-0.501608,0.584826,0.20066,0.298252,2.0016,-0.00947522,30952.7,32289.8,31718.8,33038.6
6.224,-0.5,0.2,2,-0.501043,0.565199,0.200947,0.287097,2.00159,-0.0091944,30961.7,32288.8,31719.9,33029.5
6.225,-0.5,0.2,2,-0.500497,0.545735,0.201223,0.276066,2.00159,-0.00892984,30971.3,32287.6,31721.2,33019.8
6.226,-0.5,0.2,2,-0.49997,0.526446,0.201488,0.265166,2.00158,-0.00868127,30981.6,32286.2,31722.8,33009.5
6.227,-0.5,0.2,2,-0.499463,0.507345,0.201743,0.254404,2.00157,-0.0084483,30992.4,32284.5,31724.5,32998.6
6.228,-0.5,0.2,2,-0.498975,0.488444,0.201987,0.243783,2.00156,-0.0082305,31003.9,32282.6,31726.4,32987.1
6.229,-0.5,0.2,2,-0.498505,0.469752,0.20222,0.23331,2.00155,-0.00802736,31015.9,32280.5,31728.5,32975.1
6.23,-0.5,0.2,2,-0.498054,0.45128,0.202443,0.222988,2.00154,-0.00783836,31028.4,32278.1,31730.8,32962.6
6.231,-0.5,0.2,2,-0.497621,0.433038,0.202656,0.212823,2.00154,-0.0076629,31041.4,32275.6,31733.3,32949.7
6.232,-0.5,0.2,2,-0.497205,0.415036,0.202859,0.202818,2.00153,-0.00750036,31054.9,32273,31735.9,32936.3
6.233,-0.5,0.2,2,-0.496808,0.397281,0.203051,0.192977,2.00152,-0.0073501,31068.7,32270.1,31738.6,32922.5
6.234,-0.5,0.2,2,-0.496428,0.379782,0.203235,0.183303,2.00151,-0.00721146,31083,32267.1,31741.5,32908.3
6.235,-0.5,0.2,2,-0.496066,0.362546,0.203409,0.173801,2.00151,-0.00708375,31097.7,32263.9,31744.6,32893.8
6.236,-0.5,0.2,2,-0.49572,0.345581,0.203573,0.164473,2.0015,-0.0069663,31112.7,32260.6,31747.7,32879
6.237,-0.5,0.2,2,-0.495391,0.328892,0.203728,0.155321,2.00149,-0.00685841,31128,32257.2,31751,32863.8
6.238,-0.5,0.2,2,-0.495079,0.312486,0.203875,0.146347,2.00149,-0.00675939,31143.6,32253.6,31754.4,32848.4
6.239,-0.5,0.2,2,-0.494783,0.296369,0.204012,0.137555,2.00148,-0.00666856,31159.4,32249.9,31757.9,32832.7
6.24,-0.5,0.2,2,-0.494502,0.280545,0.204141,0.128946,2.00147,-0.00658525,31175.5,32246.1,31761.5,32816.8
6.241,-0.5,0.2,2,-0.494237,0.265019,0.204262,0.120522,2.00147,-0.00650879,31191.9,32242.2,31765.2,32800.7
6.242,-0.5,0.2,2,-0.493987,0.249795,0.204374,0.112283,2.00146,-0.00643854,31208.4,32238.2,31769,32784.5
6.243,-0.5,0.2,2,-0.493752,0.234877,0.204478,0.104232,2.00145,-0.00637386,31225.1,32234.1,31772.9,32768
6.244,-0.5,0.2,2,-0.493532,0.220268,0.204575,0.096369,2.00145,-0.00631415,31241.9,32229.9,31776.8,32751.4
6.245,-0.5,0.2,2,-0.493326,0.205971,0.204663,0.0886949,2.00144,-0.00625881,31258.9,32225.6,31780.8,32734.7
6.246,-0.5,0.2,2,-0.493134,0.191988,0.204745,0.0812105,2.00144,-0.00620729,31275.9,32221.3,31784.9,32717.9
6.247,-0.5,0.2,2,-0.492956,0.178322,0.204818,0.0739159,2.00143,-0.00615903,31293.1,32216.9,31789,32701.1
6.248,-0.5,0.2,2,-0.492791,0.164975,0.204885,0.0668114,2.00142,-0.00611353,31310.3,32212.5,31793.2,32684.1
6.249,-0.5,0.2,2,-0.492639,0.151947,0.204945,0.059897,2.00142,-0.00607029,31327.5,32208,31797.4,32667.1
6.25,-0.5,0.2,2,-0.4925,0.139239,0.204998,0.0531724,2.00141,-0.00602886,31344.8,32203.4,31801.6,32650.1
6.251,-0.5,0.2,2,-0.492373,0.126853,0.205045,0.0466372,2.00141,-0.0059888,31362.1,32198.9,31805.9,32633.1
6.252,-0.5,0.2,2,-0.492258,0.114788,0.205085,0.0402911,2.0014,-0.00594971,31379.4,32194.3,31810.2,32616.1
6.253,-0.5,0.2,2,-0.492155,0.103045,0.205119,0.0341331,2.00139,-0.0059112,31396.7,32189.6,31814.5,32599.1
6.254,-0.5,0.2,2,-0.492063,0.0916236,0.205148,0.0281626,2.00139,-0.00587293,31413.9,32185,31818.9,32582.2
6.255,-0.5,0.2,2,-0.491983,0.0805225,0.20517,0.0223784,2.00138,-0.00583457,31431.1,32180.4,31823.3,32565.3
6.256,-0.5,0.2,2,-0.491913,0.0697412,0.205187,0.0167794,2.00138,-0.00579584,31448.2,32175.7,31827.6,32548.5
6.257,-0.5,0.2,2,-0.491854,0.0592786,0.205198,0.0113644,2.00137,-0.00575646,31465.2,32171,31832,32531.7
6.258,-0.5,0.2,2,-0.491805,0.0491332,0.205204,0.0061319,2.00136,-0.00571619,31482.1,32166.4,31836.4,32515.1
6.259,-0.5,0.2,2,-0.491765,0.0393034,0.205205,0.00108043,2.00136,-0.00567481,31499,32161.7,31840.8,32498.5
6.26,-0.5,0.2,2,-0.491736,0.0297872,0.205202,-0.00379168,2.00135,-0.00563214,31515.6,32157.1,31845.2,32482.1
6.261,-0.5,0.2,2,-0.491715,0.0205826,0.205193,-0.00848621,2.00135,-0.00558801,31532.2,32152.5,31849.5,32465.8
6.262,-0.5,0.2,2,-0.491703,0.0116871,0.20518,-0.013005,2.00134,-0.00554228,31548.6,32147.9,31853.9,32449.6
6.263,-0.5,0.2,2,-0.4917,0.00309825,0.205163,-0.0173501,2.00134,-0.00549482,31564.9,32143.3,31858.2,32433.6
6.264,-0.5,0.2,2,-0.491705,-0.0051868,0.205141,-0.0215234,2.00133,-0.00544553,31581,32138.7,31862.6,32417.8
6.265,-0.5,0.2,2,-0.491719,-0.013171,0.205116,-0.0255272,2.00133,-0.00539435,31596.9,32134.2,31866.8,32402.1
6.266,-0.5,0.2,2,-0.491739,-0.0208575,0.205086,-0.0293638,2.00132,-0.00534119,31612.6,32129.7,31871.1,32386.6
6.267,-0.5,0.2,2,-0.491768,-0.0282495,0.205053,-0.0330353,2.00132,-0.00528604,31628.1,32125.2,31875.4,32371.3
6.268,-0.5,0.2,2,-0.491803,-0.0353506,0.205017,-0.0365443,2.00131,-0.00522885,31643.5,32120.8,31879.6,32356.1
6.269,-0.5,0.2,2,-0.491845,-0.0421644,0.204977,-0.0398931,2.0013,-0.00516963,31658.6,32116.5,31883.7,32341.2
6.27,-0.5,0.2,2,-0.491894,-0.0486947,0.204934,-0.0430844,2.0013,-0.00510838,31673.5,32112.1,31887.9,32326.5
6.271,-0.5,0.2,2,-0.491949,-0.0549453,0.204888,-0.0461206,2.00129,-0.00504512,31688.2,32107.9,31892,32312
6.272,-0.5,0.2,2,-0.49201,-0.0609204,0.204839,-0.0490045,2.00129,-0.00497988,31702.7,32103.6,31896,32297.7
6.273,-0.5,0.2,2,-0.492076,-0.0666239,0.204787,-0.0517387,2.00128,-0.00491272,31716.9,32099.5,31900,32283.6
6.274,-0.5,0.2,2,-0.492148,-0.0720603,0.204732,-0.054326,2.00128,-0.0048437,31730.9,32095.4,31904,32269.8
6.275,-0.5,0.2,2,-0.492226,-0.0772339,0.204676,-0.0567692,2.00128,-0.00477286,31744.6,32091.3,31907.9,32256.2
6.276,-0.5,0.2,2,-0.492308,-0.0821492,0.204617,-0.059071,2.00127,-0.00470031,31758.1,32087.3,31911.8,32242.8
6.277,-0.5,0.2,2,-0.492395,-0.0868106,0.204555,-0.0612343,2.00127,-0.00462611,31771.3,32083.4,31915.6,32229.7
6.278,-0.5,0.2,2,-0.492486,-0.0912228,0.204492,-0.0632621,2.00126,-0.00455036,31784.3,32079.5,31919.3,32216.9
6.279,-0.5,0.2,2,-0.492581,-0.0953906,0.204427,-0.0651571,2.00126,-0.00447316,31797,32075.7,31923,32204.2
6.28,-0.5,0.2,2,-0.492681,-0.0993186,0.20436,-0.0669225,2.00125,-0.00439461,31809.5,32071.9,31926.7,32191.9
6.281,-0.5,0.2,2,-0.492784,-0.103012,0.204292,-0.068561,2.00125,-0.00431481,31821.7,32068.3,31930.3,32179.8
6.282,-0.5,0.2,2,-0.49289,-0.106475,0.204221,-0.0700757,2.00124,-0.00423389,31833.6,32064.7,31933.8,32167.9
6.283,-0.5,0.2,2,-0.493,-0.109713,0.20415,-0.0714696,2.00124,-0.00415195,31845.3,32061.1,31937.3,32156.4
6.284,-0.5,0.2,2,-0.493112,-0.112731,0.204077,-0.0727456,2.00124,-0.00406911,31856.6,32057.6,31940.7,32145
6.285,-0.5,0.2,2,-0.493228,-0.115533,0.204003,-0.0739067,2.00123,-0.00398549,31867.8,32054.3,31944,32134
6.286,-0.5,0.2,2,-0.493346,-0.118126,0.203928,-0.074956,2.00123,-0.0039012,31878.6,32050.9,31947.3,32123.2
6.287,-0.5,0.2,2,-0.493467,-0.120513,0.203852,-0.0758964,2.00122,-0.00381637,31889.2,32047.7,31950.5,32112.7
6.288,-0.5,0.2,2,-0.493589,-0.1227,0.203776,-0.0767309,2.00122,-0.00373112,31899.5,32044.5,31953.6,32102.4
6.289,-0.5,0.2,2,-0.493714,-0.124693,0.203698,-0.0774625,2.00122,-0.00364555,31909.5,32041.4,31956.7,32092.4
6.29,-0.5,0.2,2,-0.493841,-0.126495,0.20362,-0.0780943,2.00121,-0.0035598,31919.2,32038.3,31959.7,32082.7
6.291,-0.5,0.2,2,-0.493969,-0.128113,0.203542,-0.078629,2.00121,-0.00347398,31928.7,32035.4,31962.6,32073.3
6.292,-0.5,0.2,2,-0.494098,-0.12955,0.203462,-0.0790698,2.00121,-0.00338819,31937.9,32032.5,31965.5,32064.1
6.293,-0.5,0.2,2,-0.494229,-0.130813,0.203383,-0.0794195,2.0012,-0.00330255,31946.8,32029.7,31968.3,32055.2
6.294,-0.5,0.2,2,-0.494361,-0.131907,0.203303,-0.0796811,2.0012,-0.00321717,31955.5,32026.9,31971.1,32046.5
6.295,-0.5,0.2,2,-0.494494,-0.132835,0.203224,-0.0798575,2.0012,-0.00313215,31963.9,32024.3,31973.7,32038.1
6.296,-0.5,0.2,2,-0.494627,-0.133604,0.203144,-0.0799515,2.00119,-0.0030476,31972,32021.7,31976.3,32030
6.297,-0.5,0.2,2,-0.494762,-0.134218,0.203064,-0.079966,2.00119,-0.0029636,31979.9,32019.1,31978.9,32022.1
6.298,-0.5,0.2,2,-0.494896,-0.134683,0.202984,-0.0799038,2.00119,-0.00288026,31987.5,32016.7,31981.3,32014.5
6.299,-0.5,0.2,2,-0.495031,-0.135002,0.202904,-0.0797677,2.00118,-0.00279766,31994.8,32014.3,31983.7,32007.1
6.3,-0.5,0.2,2,-0.495166,-0.135182,0.202824,-0.0795605,2.00118,-0.00271589,32001.9,32012,31986,32000
6.301,-0.5,0.2,2,-0.495302,-0.135226,0.202745,-0.0792849,2.00118,-0.00263503,32008.7,32009.8,31988.3,31993.2
6.302,-0.5,0.2,2,-0.495437,-0.13514,0.202666,-0.0789437,2.00118,-0.00255516,32015.3,32007.6,31990.5,31986.6
6.303,-0.5,0.2,2,-0.495572,-0.134929,0.202588,-0.0785394,2.00117,-0.00247635,32021.6,32005.5,31992.6,31980.2
6.304,-0.5,0.2,2,-0.495706,-0.134596,0.20251,-0.0780748,2.00117,-0.00239866,32027.7,32003.5,31994.6,31974.1
6.305,-0.5,0.2,2,-0.49584,-0.134147,0.202432,-0.0775525,2.00117,-0.00232216,32033.5,32001.6,31996.6,31968.3
6.306,-0.5,0.2,2,-0.495974,-0.133586,0.202355,-0.0769749,2.00117,-0.00224691,32039.1,31999.7,31998.5,31962.7
6.307,-0.5,0.2,2,-0.496107,-0.132919,0.202279,-0.0763446,2.00117,-0.00217296,32044.5,31997.9,32000.4,31957.3
6.308,-0.5,0.2,2,-0.496239,-0.132148,0.202203,-0.0756642,2.00116,-0.00210036,32049.6,31996.1,32002.2,31952.1
6.309,-0.5,0.2,2,-0.49637,-0.131279,0.202128,-0.074936,2.00116,-0.00202916,32054.5,31994.5,32003.9,31947.2
6.31,-0.5,0.2,2,-0.496501,-0.130316,0.202054,-0.0741624,2.00116,-0.00195939,32059.1,31992.8,32005.6,31942.5
6.311,-0.5,0.2,2,-0.49663,-0.129263,0.201981,-0.0733458,2.00116,-0.00189108,32063.6,31991.3,32007.1,31938
6.312,-0.5,0.2,2,-0.496758,-0.128125,0.201908,-0.0724885,2.00116,-0.00182428,32067.8,31989.8,32008.7,31933.7
6.313,-0.5,0.2,2,-0.496885,-0.126906,0.201836,-0.0715929,2.00115,-0.00175901,32071.8,31988.4,32010.1,31929.7
6.314,-0.5,0.2,2,-0.497011,-0.125609,0.201766,-0.070661,2.00115,-0.00169528,32075.6,31987,32011.5,31925.9
6.315,-0.5,0.2,2,-0.497135,-0.124239,0.201696,-0.0696951,2.00115,-0.00163313,32079.1,31985.7,32012.9,31922.2
6.316,-0.5,0.2,2,-0.497258,-0.122799,0.201627,-0.0686974,2.00115,-0.00157256,32082.5,31984.5,32014.2,31918.8
6.317,-0.5,0.2,2,-0.497379,-0.121294,0.20156,-0.0676698,2.00115,-0.00151358,32085.7,31983.3,32015.4,31915.6
6.318,-0.5,0.2,2,-0.497499,-0.119727,0.201493,-0.0666145,2.00115,-0.00145621,32088.7,31982.2,32016.6,31912.6
6.319,-0.5,0.2,2,-0.497617,-0.118102,0.201428,-0.0655335,2.00114,-0.00140044,32091.5,31981.1,32017.7,31909.7
6.32,-0.5,0.2,2,-0.497733,-0.116423,0.201363,-0.0644286,2.00114,-0.00134628,32094.1,31980.1,32018.7,31907.1
6.321,-0.5,0.2,2,-0.497848,-0.114693,0.2013,-0.0633019,2.00114,-0.00129372,32096.5,31979.2,32019.7,31904.6
6.322,-0.5,0.2,2,-0.497961,-0.112915,0.201238,-0.0621551,2.00114,-0.00124277,32098.7,31978.3,32020.7,31902.3
6.323,-0.5,0.2,2,-0.498072,-0.111093,0.201177,-0.0609901,2.00114,-0.0011934,32100.8,31977.4,32021.5,31900.2
6.324,-0.5,0.2,2,-0.498181,-0.109231,0.201117,-0.0598086,2.00114,-0.00114561,32102.7,31976.6,32022.4,31898.3
6.325,-0.5,0.2,2,-0.498288,-0.107331,0.201058,-0.0586124,2.00114,-0.00109939,32104.4,31975.9,32023.2,31896.5
6.326,-0.5,0.2,2,-0.498394,-0.105396,0.201001,-0.0574031,2.00114,-0.00105472,32106,31975.2,32023.9,31894.9
6.327,-0.5,0.2,2,-0.498497,-0.103431,0.200945,-0.0561823,2.00114,-0.00101158,32107.4,31974.6,32024.6,31893.4
6.328,-0.5,0.2,2,-0.498599,-0.101437,0.20089,-0.0549516,2.00113,-0.000969949,32108.7,31974,32025.2,31892.1
6.329,-0.5,0.2,2,-0.498698,-0.0994175,0.200836,-0.0537125,2.00113,-0.000929808,32109.8,31973.4,32025.8,31891
6.33,-0.5,0.2,2,-0.498796,-0.0973756,0.200784,-0.0524665,2.00113,-0.000891131,32110.8,31972.9,32026.4,31890
6.331,-0.5,0.2,2,-0.498891,-0.0953139,0.200732,-0.0512151,2.00113,-0.000853893,32111.6,31972.4,32026.9,31889.1
6.332,-0.5,0.2,2,-0.498984,-0.0932351,0.200682,-0.0499596,2.00113,-0.000818066,32112.3,31972,32027.3,31888.4
6.333,-0.5,0.2,2,-0.499075,-0.0911417,0.200634,-0.0487013,2.00113,-0.000783622,32112.9,31971.6,32027.7,31887.8
6.334,-0.5,0.2,2,-0.499164,-0.0890363,0.200586,-0.0474417,2.00113,-0.000750532,32113.3,31971.3,32028.1,31887.3
6.335,-0.5,0.2,2,-0.499251,-0.0869213,0.20054,-0.0461818,2.00113,-0.000718764,32113.6,31971,32028.4,31886.9
6.336,-0.5,0.2,2,-0.499336,-0.084799,0.200495,-0.044923,2.00113,-0.000688287,32113.8,31970.7,32028.7,31886.7
6.337,-0.5,0.2,2,-0.499419,-0.0826718,0.200452,-0.0436663,2.00113,-0.000659068,32113.9,31970.5,32029,31886.6
6.338,-0.5,0.2,2,-0.499499,-0.0805419,0.200409,-0.0424129,2.00113,-0.000631075,32113.9,31970.3,32029.2,31886.6
6.339,-0.5,0.2,2,-0.499578,-0.0784113,0.200368,-0.041164,2.00113,-0.000604273,32113.7,31970.2,32029.4,31886.7
6.34,-0.5,0.2,2,-0.499654,-0.0762821,0.200328,-0.0399204,2.00113,-0.000578629,32113.5,31970,32029.5,31886.9
6.341,-0.5,0.2,2,-0.499728,-0.0741563,0.200289,-0.0386832,2.00112,-0.000554108,32113.1,31970,32029.6,31887.3
6.342,-0.5,0.2,2,-0.4998,-0.0720358,0.200252,-0.0374534,2.00112,-0.000530675,32112.7,31969.9,32029.7,31887.7
6.343,-0.5,0.2,2,-0.49987,-0.0699225,0.200216,-0.0362319,2.00112,-0.000508296,32112.2,31969.9,32029.8,31888.2
6.344,-0.5,0.2,2,-0.499938,-0.067818,0.200181,-0.0350194,2.00112,-0.000486936,32111.6,31969.9,32029.8,31888.8
6.345,-0.5,0.2,2,-0.500004,-0.0657242,0.200147,-0.033817,2.00112,-0.000466561,32110.9,31969.9,32029.8,31889.5
6.346,-0.5,0.2,2,-0.500067,-0.0636425,0.200114,-0.0326252,2.00112,-0.000447134,32110.1,31970,32029.7,31890.2
6.347,-0.5,0.2,2,-0.500129,-0.0615745,0.200083,-0.031445,2.00112,-0.000428623,32109.2,31970.1,32029.7,31891
6.348,-0.5,0.2,2,-0.500188,-0.0595218,0.200052,-0.030277,2.00112,-0.000410994,32108.3,31970.2,32029.6,31892
6.349,-0.5,0.2,2,-0.500246,-0.0574857,0.200023,-0.0291219,2.00112,-0.000394211,32107.3,31970.3,32029.5,31892.9
6.35,-0.5,0.2,2,-0.500301,-0.0554676,0.199995,-0.0279803,2.00112,-0.000378243,32106.2,31970.5,32029.3,31894
6.351,-0.5,0.2,2,-0.500355,-0.0534687,0.199968,-0.0268528,2.00112,-0.000363056,32105.1,31970.6,32029.2,31895.1
6.352,-0.5,0.2,2,-0.500406,-0.0514904,0.199943,-0.02574,2.00112,-0.000348618,32103.9,31970.8,32029,31896.3
6.353,-0.5,0.2,2,-0.500456,-0.0495336,0.199918,-0.0246425,2.00112,-0.000334897,32102.7,31971.1,32028.8,31897.5
6.354,-0.5,0.2,2,-0.500503,-0.0475995,0.199895,-0.0235607,2.00112,-0.000321863,32101.4,31971.3,32028.5,31898.8
6.355,-0.5,0.2,2,-0.500549,-0.0456892,0.199872,-0.0224951,2.00112,-0.000309484,32100,31971.6,32028.3,31900.1
6.356,-0.5,0.2,2,-0.500593,-0.0438037,0.199851,-0.0214461,2.00112,-0.000297731,32098.6,31971.8,32028,31901.5
6.357,-0.5,0.2,2,-0.500635,-0.0419437,0.19983,-0.0204142,2.00112,-0.000286575,32097.2,31972.1,32027.7,31902.9
6.358,-0.5,0.2,2,-0.500675,-0.0401102,0.199811,-0.0193997,2.00112,-0.000275988,32095.7,31972.4,32027.4,31904.4
6.359,-0.5,0.2,2,-0.500713,-0.038304,0.199792,-0.018403,2.00112,-0.000265942,32094.2,31972.8,32027.1,31905.9
6.36,-0.5,0.2,2,-0.50075,-0.0365259,0.199775,-0.0174243,2.00112,-0.000256411,32092.6,31973.1,32026.8,31907.5
6.361,-0.5,0.2,2,-0.500784,-0.0347765,0.199759,-0.016464,2.00112,-0.000247368,32091,31973.4,32026.5,31909
6.362,-0.5,0.2,2,-0.500818,-0.0330564,0.199743,-0.0155224,2.00112,-0.000238789,32089.4,31973.8,32026.1,31910.7
6.363,-0.5,0.2,2,-0.500849,-0.0313663,0.199728,-0.0145996,2.00112,-0.00023065,32087.8,31974.2,32025.7,31912.3
6.364,-0.5,0.2,2,-0.500879,-0.0297067,0.199715,-0.0136958,2.00112,-0.000222926,32086.1,31974.6,32025.3,31914
6.365,-0.5,0.2,2,-0.500907,-0.028078,0.199702,-0.0128113,2.00112,-0.000215596,32084.4,31975,32025,31915.6
6.366,-0.5,0.2,2,-0.500933,-0.0264808,0.19969,-0.0119462,2.00112,-0.000208638,32082.7,31975.4,32024.6,31917.3
6.367,-0.5,0.2,2,-0.500958,-0.0249155,0.199679,-0.0111006,2.00112,-0.000202031,32081,31975.8,32024.1,31919.1
6.368,-0.5,0.2,2,-0.500981,-0.0233823,0.199669,-0.0102746,2.00112,-0.000195755,32079.3,31976.2,32023.7,31920.8
6.369,-0.5,0.2,2,-0.501003,-0.0218816,0.199659,-0.00946839,2.00112,-0.00018979,32077.5,31976.6,32023.3,31922.6
6.37,-0.5,0.2,2,-0.501024,-0.0204136,0.19965,-0.00868193,2.00112,-0.00018412,32075.7,31977.1,32022.9,31924.3
6.371,-0.5,0.2,2,-0.501043,-0.0189787,0.199642,-0.0079153,2.00112,-0.000178725,32074,31977.5,32022.4,31926.1
6.372,-0.5,0.2,2,-0.50106,-0.0175769,0.199635,-0.00716851,2.00111,-0.000173589,32072.2,31978,32022,31927.9
6.373,-0.5,0.2,2,-0.501077,-0.0162085,0.199629,-0.00644157,2.00111,-0.000168696,32070.4,31978.4,32021.5,31929.7
6.374,-0.5,0.2,2,-0.501091,-0.0148735,0.199623,-0.00573447,2.00111,-0.000164032,32068.6,31978.9,32021.1,31931.4
6.375,-0.5,0.2,2,-0.501105,-0.013572,0.199618,-0.00504716,2.00111,-0.000159582,32066.8,31979.4,32020.6,31933.2
6.376,-0.5,0.2,2,-0.501117,-0.012304,0.199614,-0.0043796,2.00111,-0.000155331,32065,31979.8,32020.1,31935
6.377,-0.5,0.2,2,-0.501128,-0.0110697,0.19961,-0.00373171,2.00111,-0.000151268,32063.2,31980.3,32019.7,31936.8
6.378,-0.5,0.2,2,-0.501138,-0.00986886,0.199607,-0.00310342,2.00111,-0.000147379,32061.4,31980.8,32019.2,31938.6
6.379,-0.5,0.2,2,-0.501147,-0.00870153,0.199604,-0.00249461,2.00111,-0.000143654,32059.7,31981.2,32018.7,31940.4
6.38,-0.5,0.2,2,-0.501154,-0.00756761,0.199602,-0.00190517,2.00111,-0.000140081,32057.9,31981.7,32018.3,31942.1
6.381,-0.5,0.2,2,-0.501161,-0.00646698,0.199601,-0.00133498,2.00111,-0.00013665,32056.1,31982.2,32017.8,31943.9
6.382,-0.5,0.2,2,-0.501166,-0.0053995,0.1996,-0.000783884,2.00111,-0.000133352,32054.4,31982.6,32017.3,31945.7
6.383,-0.5,0.2,2,-0.501171,-0.00436501,0.1996,-0.000251727,2.00111,-0.000130178,32052.6,31983.1,32016.9,31947.4
6.384,-0.5,0.2,2,-0.501174,-0.00336331,0.1996,0.00026166,2.00111,-0.000127118,32050.9,31983.6,32016.4,31949.1
6.385,-0.5,0.2,2,-0.501176,-0.00239418,0.199601,0.000756458,2.00111,-0.000124166,32049.2,31984.1,32015.9,31950.9
6.386,-0.5,0.2,2,-0.501178,-0.00145739,0.199602,0.00123286,2.00111,-0.000121314,32047.5,31984.5,32015.4,31952.6
6.387,-0.5,0.2,2,-0.501178,-0.000552663,0.199604,0.00169107,2.00111,-0.000118554,32045.8,31985,32015,31954.2
6.388,-0.5,0.2,2,-0.501178,0.000320274,0.199606,0.0021313,2.00111,-0.000115882,32044.1,31985.4,32014.5,31955.9
6.389,-0.5,0.2,2,-0.501177,0.00116173,0.199609,0.00255377,2.00111,-0.00011329,32042.5,31985.9,32014.1,31957.6
6.39,-0.5,0.2,2,-0.501175,0.00197202,0.199612,0.00295872,2.00111,-0.000110774,32040.8,31986.4,32013.6,31959.2
6.391,-0.5,0.2,2,-0.501172,0.0027515,0.199615,0.00334639,2.00111,-0.000108327,32039.2,31986.8,32013.1,31960.8
6.392,-0.5,0.2,2,-0.501169,0.00350052,0.199619,0.00371701,2.00111,-0.000105947,32037.6,31987.3,32012.7,31962.4
6.393,-0.5,0.2,2,-0.501165,0.00421945,0.199623,0.00407086,2.00111,-0.000103628,32036,31987.7,32012.2,31964
6.394,-0.5,0.2,2,-0.50116,0.00490868,0.199627,0.00440819,2.00111,-0.000101366,32034.5,31988.2,32011.8,31965.5
6.395,-0.5,0.2,2,-0.501154,0.00556863,0.199632,0.00472927,2.00111,-9.91587e-05,32033,31988.6,32011.4,31967.1
6.396,-0.5,0.2,2,-0.501148,0.0061997,0.199637,0.00503438,2.00111,-9.70019e-05,32031.5,31989,32010.9,31968.6
6.397,-0.5,0.2,2,-0.501141,0.00680233,0.199642,0.00532379,2.00111,-9.4893e-05,32030,31989.5,32010.5,31970.1
6.398,-0.5,0.2,2,-0.501134,0.00737696,0.199648,0.00559779,2.00111,-9.28292e-05,32028.5,31989.9,32010.1,31971.5
6.399,-0.5,0.2,2,-0.501126,0.00792404,0.199654,0.00585668,2.00111,-9.08083e-05,32027.1,31990.3,32009.7,31973
6.4,-0.5,0.2,2,-0.501117,0.00844403,0.19966,0.00610073,2.00111,-8.8828e-05,32025.7,31990.7,32009.2,31974.4
6.401,-0.5,0.2,2,-0.501108,0.00893741,0.199666,0.00633026,2.00111,-8.68865e-05,32024.3,31991.1,32008.8,31975.7
6.402,-0.5,0.2,2,-0.501099,0.00940466,0.199673,0.00654555,2.00111,-8.4982e-05,32022.9,31991.5,32008.4,31977.1
6.403,-0.5,0.2,2,-0.501089,0.00984627,0.19968,0.00674692,2.00111,-8.31131e-05,32021.6,31991.9,32008,31978.4
6.404,-0.5,0.2,2,-0.501079,0.0102627,0.199686,0.00693467,2.00111,-8.12783e-05,32020.3,31992.3,32007.7,31979.7
6.405,-0.5,0.2,2,-0.501068,0.0106545,0.199694,0.00710911,2.00111,-7.94766e-05,32019,31992.7,32007.3,31981
6.406,-0.5,0.2,2,-0.501057,0.0110222,0.199701,0.00727054,2.00111,-7.77069e-05,32017.8,31993.1,32006.9,31982.2
6.407,-0.5,0.2,2,-0.501046,0.0113662,0.199708,0.00741929,2.00111,-7.59683e-05,32016.6,31993.4,32006.5,31983.5
6.408,-0.5,0.2,2,-0.501034,0.0116872,0.199716,0.00755565,2.00111,-7.42601e-05,32015.4,31993.8,32006.2,31984.7
6.409,-0.5,0.2,2,-0.501022,0.0119855,0.199723,0.00767994,2.00111,-7.25817e-05,32014.2,31994.1,32005.8,31985.8
6.41,-0.5,0.2,2,-0.50101,0.0122618,0.199731,0.00779248,2.00111,-7.09325e-05,32013.1,31994.5,32005.5,31987
6.411,-0.5,0.2,2,-0.500997,0.0125165,0.199739,0.00789357,2.00111,-6.93121e-05,32012,31994.8,32005.1,31988.1
6.412,-0.5,0.2,2,-0.500985,0.0127502,0.199747,0.00798353,2.00111,-6.77201e-05,32010.9,31995.2,32004.8,31989.1
6.413,-0.5,0.2,2,-0.500972,0.0129635,0.199755,0.00806268,2.00111,-6.61562e-05,32009.8,31995.5,32004.5,31990.2
6.414,-0.5,0.2,2,-0.500958,0.0131567,0.199763,0.00813132,2.00111,-6.46202e-05,32008.8,31995.8,32004.2,31991.2
6.415,-0.5,0.2,2,-0.500945,0.0133306,0.199772,0.00818975,2.00111,-6.31119e-05,32007.8,31996.1,32003.9,31992.2
6.416,-0.5,0.2,2,-0.500932,0.0134855,0.19978,0.0082383,2.00111,-6.16312e-05,32006.9,31996.4,32003.6,31993.2
6.417,-0.5,0.2,2,-0.500918,0.013622,0.199788,0.00827727,2.00111,-6.0178e-05,32005.9,31996.7,32003.3,31994.1
6.418,-0.5,0.2,2,-0.500904,0.0137408,0.199796,0.00830696,2.00111,-5.87522e-05,32005,31997,32003,31995
6.419,-0.5,0.2,2,-0.50089,0.0138421,0.199805,0.00832768,2.00111,-5.73538e-05,32004.1,31997.3,32002.7,31995.9
6.42,-0.5,0.2,2,-0.500877,0.0139267,0.199813,0.00833973,2.00111,-5.59827e-05,32003.3,31997.5,32002.4,31996.8
6.421,-0.5,0.2,2,-0.500863,0.013995,0.199821,0.0083434,2.00111,-5.46391e-05,32002.4,31997.8,32002.2,31997.6
6.422,-0.5,0.2,2,-0.500849,0.0140476,0.19983,0.00833899,2.00111,-5.33228e-05,32001.6,31998.1,32001.9,31998.4
6.423,-0.5,0.2,2,-0.500834,0.0140849,0.199838,0.00832679,2.00111,-5.20338e-05,32000.9,31998.3,32001.6,31999.2
6.424,-0.5,0.2,2,-0.50082,0.0141074,0.199846,0.0083071,2.00111,-5.07723e-05,32000.1,31998.6,32001.4,31999.9
6.425,-0.5,0.2,2,-0.500806,0.0141157,0.199855,0.0082802,2.00111,-4.95382e-05,31999.4,31998.8,32001.2,32000.6
6.426,-0.5,0.2,2,-0.500792,0.0141103,0.199863,0.00824637,2.00111,-4.83314e-05,31998.7,31999,32000.9,32001.3
6.427,-0.5,0.2,2,-0.500778,0.0140916,0.199871,0.0082059,2.00111,-4.71521e-05,31998,31999.3,32000.7,32002
6.428,-0.5,0.2,2,-0.500764,0.0140602,0.199879,0.00815905,2.00111,-4.60001e-05,31997.4,31999.5,32000.5,32002.6
6.429,-0.5,0.2,2,-0.50075,0.0140165,0.199887,0.0081061,2.00111,-4.48755e-05,31996.8,31999.7,32000.3,32003.3
6.43,-0.5,0.2,2,-0.500736,0.013961,0.199895,0.00804733,2.00111,-4.37781e-05,31996.2,31999.9,32000.1,32003.8
6.431,-0.5,0.2,2,-0.500722,0.0138942,0.199903,0.00798298,2.00111,-4.2708e-05,31995.6,32000.1,31999.9,32004.4
6.432,-0.5,0.2,2,-0.500708,0.0138166,0.199911,0.00791334,2.00111,-4.1665e-05,31995.1,32000.3,31999.7,32005
6.433,-0.5,0.2,2,-0.500695,0.0137286,0.199919,0.00783864,2.00111,-4.06491e-05,31994.5,32000.4,31999.5,32005.5
6.434,-0.5,0.2,2,-0.500681,0.0136306,0.199927,0.00775914,2.00111,-3.966e-05,31994.1,32000.6,31999.4,32006
6.435,-0.5,0.2,2,-0.500667,0.0135232,0.199935,0.00767509,2.00111,-3.86978e-05,31993.6,32000.8,31999.2,32006.4
6.436,-0.5,0.2,2,-0.500654,0.0134067,0.199942,0.00758673,2.00111,-3.77621e-05,31993.1,32000.9,31999,32006.9
6.437,-0.5,0.2,2,-0.500641,0.0132817,0.19995,0.0074943,2.00111,-3.68528e-05,31992.7,32001.1,31998.9,32007.3
6.438,-0.5,0.2,2,-0.500628,0.0131484,0.199957,0.00739803,2.00111,-3.59697e-05,31992.3,32001.2,31998.7,32007.7
6.439,-0.5,0.2,2,-0.500615,0.0130074,0.199964,0.00729815,2.00111,-3.51125e-05,31991.9,32001.4,31998.6,32008.1
6.44,-0.5,0.2,2,-0.500602,0.0128591,0.199972,0.00719489,2.00111,-3.4281e-05,31991.6,32001.5,31998.5,32008.5
6.441,-0.5,0.2,2,-0.500589,0.0127038,0.199979,0.00708846,2.00111,-3.3475e-05,31991.2,32001.6,31998.3,32008.8
6.442,-0.5,0.2,2,-0.500576,0.0125419,0.199986,0.00697908,2.00111,-3.26941e-05,31990.9,32001.8,31998.2,32009.1
6.443,-0.5,0.2,2,-0.500564,0.0123739,0.199992,0.00686696,2.00111,-3.1938e-05,31990.6,32001.9,31998.1,32009.4
6.444,-0.5,0.2,2,-0.500552,0.0122001,0.199999,0.00675231,2.00111,-3.12064e-05,31990.3,32002,31998,32009.7
6.445,-0.5,0.2,2,-0.50054,0.0120209,0.200006,0.00663531,2.00111,-3.04989e-05,31990.1,32002.1,31997.9,32010
6.446,-0.5,0.2,2,-0.500528,0.0118367,0.200012,0.00651618,2.00111,-2.98151e-05,31989.8,32002.2,31997.8,32010.2
6.447,-0.5,0.2,2,-0.500516,0.0116477,0.200019,0.00639509,2.00111,-2.91547e-05,31989.6,32002.3,31997.7,32010.4
6.448,-0.5,0.2,2,-0.500505,0.0114545,0.200025,0.00627223,2.00111,-2.85173e-05,31989.4,32002.4,31997.6,32010.6
6.449,-0.5,0.2,2,-0.500494,0.0112572,0.200031,0.00614779,2.00111,-2.79024e-05,31989.2,32002.4,31997.5,32010.8
6.45,-0.5,0.2,2,-0.500483,0.0110563,0.200037,0.00602194,2.00111,-2.73096e-05,31989,32002.5,31997.5,32011
6.451,-0.5,0.2,2,-0.500472,0.010852,0.200043,0.00589484,2.00111,-2.67384e-05,31988.9,32002.6,31997.4,32011.1
6.452,-0.5,0.2,2,-0.500461,0.0106446,0.200049,0.00576667,2.00111,-2.61885e-05,31988.7,32002.7,31997.3,32011.3
6.453,-0.5,0.2,2,-0.500451,0.0104346,0.200054,0.00563758,2.00111,-2.56593e-05,31988.6,32002.7,31997.3,32011.4
6.454,-0.5,0.2,2,-0.50044,0.0102221,0.20006,0.00550774,2.00111,-2.51504e-05,31988.5,32002.8,31997.2,32011.5
6.455,-0.5,0.2,2,-0.50043,0.0100074,0.200065,0.00537728,2.00111,-2.46613e-05,31988.4,32002.8,31997.2,32011.6
6.456,-0.5,0.2,2,-0.500421,0.00979095,0.200071,0.00524636,2.00111,-2.41915e-05,31988.3,32002.9,31997.1,32011.7
6.457,-0.5,0.2,2,-0.500411,0.00957287,0.200076,0.00511512,2.00111,-2.37405e-05,31988.3,32002.9,31997.1,32011.7
6.458,-0.5,0.2,2,-0.500402,0.00935346,0.200081,0.00498369,2.00111,-2.33078e-05,31988.2,32003,31997,32011.8
6.459,-0.5,0.2,2,-0.500393,0.00913299,0.200086,0.00485222,2.00111,-2.2893e-05,31988.2,32003,31997,32011.8
6.46,-0.5,0.2,2,-0.500384,0.00891169,0.20009,0.00472081,2.00111,-2.24954e-05,31988.2,32003,31997,32011.8
6.461,-0.5,0.2,2,-0.500375,0.00868982,0.200095,0.0045896,2.00111,-2.21146e-05,31988.1,32003,31997,32011.9
6.462,-0.5,0.2,2,-0.500366,0.0084676,0.200099,0.0044587,2.00111,-2.17502e-05,31988.1,32003.1,31996.9,32011.9
6.463,-0.5,0.2,2,-0.500358,0.00824525,0.200104,0.00432823,2.00111,-2.14015e-05,31988.2,32003.1,31996.9,32011.9
6.464,-0.5,0.2,2,-0.50035,0.008023,0.200108,0.0041983,2.00111,-2.10682e-05,31988.2,32003.1,31996.9,32011.8
6.465,-0.5,0.2,2,-0.500342,0.00780105,0.200112,0.00406901,2.00111,-2.07496e-05,31988.2,32003.1,31996.9,32011.8
6.466,-0.5,0.2,2,-0.500335,0.0075796,0.200116,0.00394046,2.00111,-2.04454e-05,31988.2,32003.1,31996.9,32011.8
6.467,-0.5,0.2,2,-0.500327,0.00735884,0.20012,0.00381275,2.00111,-2.01549e-05,31988.3,32003.1,31996.9,32011.7
6.468,-0.5,0.2,2,-0.50032,0.00713897,0.200123,0.00368597,2.00111,-1.98778e-05,31988.4,32003.1,31996.9,32011.6
6.469,-0.5,0.2,2,-0.500313,0.00692015,0.200127,0.0035602,2.00111,-1.96135e-05,31988.4,32003.1,31996.9,32011.6
6.47,-0.5,0.2,2,-0.500307,0.00670256,0.20013,0.00343553,2.00111,-1.93616e-05,31988.5,32003.1,31996.9,32011.5
6.471,-0.5,0.2,2,-0.5003,0.00648637,0.200134,0.00331204,2.00111,-1.91215e-05,31988.6,32003.1,31996.9,32011.4
6.472,-0.5,0.2,2,-0.500294,0.00627172,0.200137,0.00318981,2.00111,-1.88929e-05,31988.7,32003.1,31996.9,32011.3
6.473,-0.5,0.2,2,-0.500288,0.00605877,0.20014,0.00306891,2.00111,-1.86753e-05,31988.8,32003.1,31996.9,32011.2
6.474,-0.5,0.2,2,-0.500282,0.00584765,0.200143,0.00294939,2.00111,-1.84682e-05,31988.9,32003.1,31996.9,32011.1
6.475,-0.5,0.2,2,-0.500276,0.00563852,0.200146,0.00283134,2.00111,-1.82713e-05,31989,32003.1,31996.9,32011
6.476,-0.5,0.2,2,-0.500271,0.00543148,0.200148,0.00271481,2.00111,-1.8084e-05,31989.1,32003,31997,32010.9
6.477,-0.5,0.2,2,-0.500266,0.00522668,0.200151,0.00259985,2.00111,-1.79059e-05,31989.3,32003,31997,32010.7
6.478,-0.5,0.2,2,-0.500261,0.00502421,0.200154,0.00248652,2.00111,-1.77367e-05,31989.4,32003,31997,32010.6
6.479,-0.5,0.2,2,-0.500256,0.00482419,0.200156,0.00237487,2.00111,-1.7576e-05,31989.5,32003,31997,32010.5
6.48,-0.5,0.2,2,-0.500251,0.00462673,0.200158,0.00226494,2.00111,-1.74233e-05,31989.7,32002.9,31997.1,32010.3
6.481,-0.5,0.2,2,-0.500247,0.00443192,0.20016,0.00215678,2.00111,-1.72784e-05,31989.8,32002.9,31997.1,32010.2
6.482,-0.5,0.2,2,-0.500243,0.00423984,0.200162,0.00205043,2.00111,-1.71407e-05,31990,32002.9,31997.1,32010
6.483,-0.5,0.2,2,-0.500239,0.0040506,0.200164,0.00194592,2.00111,-1.70101e-05,31990.1,32002.8,31997.2,32009.9
6.484,-0.5,0.2,2,-0.500235,0.00386426,0.200166,0.00184329,2.00111,-1.68861e-05,31990.3,32002.8,31997.2,32009.7
6.485,-0.5,0.2,2,-0.500231,0.0036809,0.200168,0.00174257,2.00111,-1.67684e-05,31990.5,32002.8,31997.2,32009.5
6.486,-0.5,0.2,2,-0.500228,0.00350058,0.20017,0.00164379,2.00111,-1.66566e-05,31990.6,32002.7,31997.3,32009.4
6.487,-0.5,0.2,2,-0.500224,0.00332338,0.200171,0.00154696,2.00111,-1.65506e-05,31990.8,32002.7,31997.3,32009.2
6.488,-0.5,0.2,2,-0.500221,0.00314934,0.200173,0.00145213,2.00111,-1.64499e-05,31991,32002.7,31997.3,32009
6.489,-0.5,0.2,2,-0.500218,0.00297852,0.200174,0.00135929,2.00111,-1.63544e-05,31991.1,32002.6,31997.4,32008.9
6.49,-0.5,0.2,2,-0.500215,0.00281098,0.200175,0.00126847,2.00111,-1.62636e-05,31991.3,32002.6,31997.4,32008.7
6.491,-0.5,0.2,2,-0.500213,0.00264674,0.200176,0.00117969,2.00111,-1.61774e-05,31991.5,32002.5,31997.5,32008.5
6.492,-0.5,0.2,2,-0.50021,0.00248585,0.200177,0.00109296,2.00111,-1.60955e-05,31991.7,32002.5,31997.5,32008.3
6.493,-0.5,0.2,2,-0.500208,0.00232835,0.200178,0.00100828,2.00111,-1.60177e-05,31991.9,32002.4,31997.6,32008.1
6.494,-0.5,0.2,2,-0.500206,0.00217425,0.200179,0.00092566,2.00111,-1.59437e-05,31992.1,32002.4,31997.6,32008
6.495,-0.5,0.2,2,-0.500204,0.0020236,0.20018,0.000845111,2.00111,-1.58733e-05,31992.2,32002.4,31997.6,32007.8
6.496,-0.5,0.2,2,-0.500202,0.0018764,0.200181,0.000766633,2.00111,-1.58063e-05,31992.4,32002.3,31997.7,32007.6
6.497,-0.5,0.2,2,-0.5002,0.00173267,0.200182,0.000690227,2.00111,-1.57425e-05,31992.6,32002.3,31997.7,32007.4
6.498,-0.5,0.2,2,-0.500198,0.00159243,0.200182,0.00061589,2.00111,-1.56817e-05,31992.8,32002.2,31997.8,32007.2
6.499,-0.5,0.2,2,-0.500197,0.00145569,0.200183,0.000543621,2.00111,-1.56237e-05,31993,32002.2,31997.8,32007
6.5,-0.5,0.2,2,-0.500196,0.00132245,0.200183,0.000473414,2.00111,-1.55684e-05,31993.2,32002.1,31997.9,32006.8
6.501,-0.5,0.2,2,-0.500194,0.00119271,0.200184,0.000405262,2.00111,-1.55155e-05,31993.4,32002.1,31997.9,32006.6
6.502,-0.5,0.2,2,-0.500193,0.00106648,0.200184,0.000339157,2.00111,-1.5465e-05,31993.5,32002,31998,32006.5
6.503,-0.5,0.2,2,-0.500192,0.000943738,0.200184,0.000275089,2.00111,-1.54166e-05,31993.7,32002,31998,32006.3
6.504,-0.5,0.2,2,-0.500192,0.000824487,0.200185,0.000213046,2.00111,-1.53703e-05,31993.9,32001.9,31998.1,32006.1
6.505,-0.5,0.2,2,-0.500191,0.000708715,0.200185,0.000153014,2.00111,-1.53259e-05,31994.1,32001.9,31998.1,32005.9
6.506,-0.5,0.2,2,-0.50019,0.000596406,0.200185,9.49799e-05,2.00111,-1.52833e-05,31994.3,32001.8,31998.2,32005.7
6.507,-0.5,0.2,2,-0.50019,0.000487544,0.200185,3.89263e-05,2.00111,-1.52424e-05,31994.5,32001.8,31998.2,32005.5
6.508,-0.5,0.2,2,-0.500189,0.000382109,0.200185,-1.51636e-05,2.00111,-1.5203e-05,31994.6,32001.7,31998.3,32005.4
6.509,-0.5,0.2,2,-0.500189,0.00028008,0.200185,-6.73085e-05,2.00111,-1.51651e-05,31994.8,32001.7,31998.3,32005.2
6.51,-0.5,0.2,2,-0.500189,0.000181432,0.200185,-0.000117528,2.00111,-1.51286e-05,31995,32001.6,31998.4,32005
6.511,-0.5,0.2,2,-0.500189,8.61383e-05,0.200184,-0.000165844,2.00111,-1.50934e-05,31995.2,32001.6,31998.4,32004.8
6.512,-0.5,0.2,2,-0.500189,-5.83024e-06,0.200184,-0.000212277,2.00111,-1.50593e-05,31995.4,32001.5,31998.5,32004.6
6.513,-0.5,0.2,2,-0.500189,-9.45048e-05,0.200184,-0.000256851,2.00111,-1.50264e-05,31995.5,32001.5,31998.5,32004.5
6.514,-0.5,0.2,2,-0.500189,-0.000179918,0.200184,-0.00029959,2.00111,-1.49945e-05,31995.7,32001.4,31998.6,32004.3
6.515,-0.5,0.2,2,-0.500189,-0.000262107,0.200183,-0.000340519,2.00111,-1.49636e-05,31995.9,32001.4,31998.6,32004.1
6.516,-0.5,0.2,2,-0.50019,-0.000341106,0.200183,-0.000379662,2.00111,-1.49336e-05,31996,32001.3,31998.7,32004
6.517,-0.5,0.2,2,-0.50019,-0.000416955,0.200183,-0.000417048,2.00111,-1.49045e-05,31996.2,32001.3,31998.7,32003.8
6.518,-0.5,0.2,2,-0.500191,-0.000489695,0.200182,-0.000452702,2.00111,-1.48761e-05,31996.4,32001.2,31998.8,32003.6
6.519,-0.5,0.2,2,-0.500191,-0.000559366,0.200182,-0.000486653,2.00111,-1.48486e-05,31996.5,32001.2,31998.8,32003.5
6.52,-0.5,0.2,2,-0.500192,-0.000626013,0.200181,-0.00051893,2.00111,-1.48218e-05,31996.7,32001.2,31998.8,32003.3
6.521,-0.5,0.2,2,-0.500193,-0.000689679,0.200181,-0.000549561,2.00111,-1.47956e-05,31996.8,32001.1,31998.9,32003.2
6.522,-0.5,0.2,2,-0.500193,-0.000750412,0.20018,-0.000578576,2.00111,-1.47701e-05,31997,32001.1,31998.9,32003
6.523,-0.5,0.2,2,-0.500194,-0.000808256,0.200179,-0.000606005,2.00111,-1.47452e-05,31997.1,32001,31999,32002.9
6.524,-0.5,0.2,2,-0.500195,-0.000863262,0.200179,-0.000631878,2.00111,-1.47209e-05,31997.3,32001,31999,32002.7
6.525,-0.5,0.2,2,-0.500196,-0.000915477,0.200178,-0.000656228,2.00111,-1.46971e-05,31997.4,32000.9,31999.1,32002.6
6.526,-0.5,0.2,2,-0.500197,-0.000964952,0.200177,-0.000679084,2.00111,-1.46738e-05,31997.6,32000.9,31999.1,32002.4
6.527,-0.5,0.2,2,-0.500198,-0.00101174,0.200177,-0.000700478,2.00111,-1.46511e-05,31997.7,32000.9,31999.1,32002.3
6.528,-0.5,0.2,2,-0.500199,-0.00105588,0.200176,-0.000720442,2.00111,-1.46288e-05,31997.8,32000.8,31999.2,32002.2
6.529,-0.5,0.2,2,-0.5002,-0.00109744,0.200175,-0.000739009,2.00111,-1.4607e-05,31998,32000.8,31999.2,32002
6.53,-0.5,0.2,2,-0.500201,-0.00113647,0.200174,-0.000756211,2.00111,-1.45857e-05,31998.1,32000.7,31999.3,32001.9
6.531,-0.5,0.2,2,-0.500202,-0.00117302,0.200174,-0.000772079,2.00111,-1.45647e-05,31998.2,32000.7,31999.3,32001.8
6.532,-0.5,0.2,2,-0.500204,-0.00120714,0.200173,-0.000786646,2.00111,-1.45442e-05,31998.4,32000.7,31999.3,32001.6
6.533,-0.5,0.2,2,-0.500205,-0.00123889,0.200172,-0.000799946,2.00111,-1.45241e-05,31998.5,32000.6,31999.4,32001.5
6.534,-0.5,0.2,2,-0.500206,-0.00126833,0.200171,-0.00081201,2.00111,-1.45044e-05,31998.6,32000.6,31999.4,32001.4
6.535,-0.5,0.2,2,-0.500207,-0.0012955,0.200171,-0.000822871,2.00111,-1.44851e-05,31998.7,32000.5,31999.5,32001.3
6.536,-0.5,0.2,2,-0.500209,-0.00132046,0.20017,-0.000832563,2.00111,-1.44662e-05,31998.8,32000.5,31999.5,32001.2
6.537,-0.5,0.2,2,-0.50021,-0.00134327,0.200169,-0.000841116,2.00111,-1.44476e-05,31998.9,32000.5,31999.5,32001.1
6.538,-0.5,0.2,2,-0.500211,-0.00136398,0.200168,-0.000848565,2.00111,-1.44294e-05,31999.1,32000.4,31999.6,32000.9
6.539,-0.5,0.2,2,-0.500213,-0.00138265,0.200167,-0.000854941,2.00111,-1.44116e-05,31999.2,32000.4,31999.6,32000.8
6.54,-0.5,0.2,2,-0.500214,-0.00139933,0.200166,-0.000860276,2.00111,-1.43941e-05,31999.3,32000.4,31999.6,32000.7
6.541,-0.5,0.2,2,-0.500216,-0.00141408,0.200165,-0.000864604,2.00111,-1.4377e-05,31999.4,32000.3,31999.6,32000.6
6.542,-0.5,0.2,2,-0.500217,-0.00142696,0.200165,-0.000867954,2.00111,-1.43602e-05,31999.5,32000.3,31999.7,32000.5
6.543,-0.5,0.2,2,-0.500218,-0.00143801,0.200164,-0.00087036,2.00111,-1.43438e-05,31999.5,32000.3,31999.7,32000.5
6.544,-0.5,0.2,2,-0.50022,-0.00144729,0.200163,-0.000871852,2.00111,-1.43277e-05,31999.6,32000.3,31999.7,32000.4
6.545,-0.5,0.2,2,-0.500221,-0.00145486,0.200162,-0.000872463,2.00111,-1.4312e-05,31999.7,32000.2,31999.8,32000.3
6.546,-0.5,0.2,2,-0.500223,-0.00146078,0.200161,-0.000872222,2.00111,-1.42966e-05,31999.8,32000.2,31999.8,32000.2
6.547,-0.5,0.2,2,-0.500224,-0.00146508,0.20016,-0.000871161,2.00111,-1.42815e-05,31999.9,32000.2,31999.8,32000.1
6.548,-0.5,0.2,2,-0.500226,-0.00146783,0.200159,-0.000869309,2.00111,-1.42668e-05,32000,32000.2,31999.8,32000
6.549,-0.5,0.2,2,-0.500227,-0.00146909,0.200158,-0.000866697,2.00111,-1.42524e-05,32000,32000.1,31999.9,32000
6.55,-0.5,0.2,2,-0.500229,-0.00146889,0.200158,-0.000863354,2.00111,-1.42384e-05,32000.1,32000.1,31999.9,31999.9
6.551,-0.5,0.2,2,-0.50023,-0.0014673,0.200157,-0.00085931,2.00111,-1.42247e-05,32000.2,32000.1,31999.9,31999.8
6.552,-0.5,0.2,2,-0.500232,-0.00146437,0.200156,-0.000854594,2.00111,-1.42113e-05,32000.3,32000.1,31999.9,31999.7
6.553,-0.5,0.2,2,-0.500233,-0.00146014,0.200155,-0.000849234,2.00111,-1.41982e-05,32000.3,32000,32000,31999.7
6.554,-0.5,0.2,2,-0.500234,-0.00145467,0.200154,-0.000843258,2.00111,-1.41855e-05,32000.4,32000,32000,31999.6
6.555,-0.5,0.2,2,-0.500236,-0.00144801,0.200153,-0.000836694,2.00111,-1.4173e-05,32000.4,32000,32000,31999.6
6.556,-0.5,0.2,2,-0.500237,-0.0014402,0.200153,-0.000829569,2.00111,-1.4161e-05,32000.5,32000,32000,31999.5
6.557,-0.5,0.2,2,-0.500239,-0.0014313,0.200152,-0.00082191,2.00111,-1.41492e-05,32000.6,32000,32000,31999.4
6.558,-0.5,0.2,2,-0.50024,-0.00142135,0.200151,-0.000813743,2.00111,-1.41377e-05,32000.6,31999.9,32000.1,31999.4
6.559,-0.5,0.2,2,-0.500242,-0.00141039,0.20015,-0.000805094,2.00111,-1.41266e-05,32000.7,31999.9,32000.1,31999.3
6.56,-0.5,0.2,2,-0.500243,-0.00139848,0.200149,-0.000795989,2.00111,-1.41157e-05,32000.7,31999.9,32000.1,31999.3
6.561,-0.5,0.2,2,-0.500244,-0.00138566,0.200148,-0.000786453,2.00111,-1.41052e-05,32000.8,31999.9,32000.1,31999.2
6.562,-0.5,0.2,2,-0.500246,-0.00137198,0.200148,-0.00077651,2.00111,-1.4095e-05,32000.8,31999.9,32000.1,31999.2
6.563,-0.5,0.2,2,-0.500247,-0.00135747,0.200147,-0.000766184,2.00111,-1.40851e-05,32000.8,31999.9,32000.1,31999.2
6.564,-0.5,0.2,2,-0.500248,-0.00134219,0.200146,-0.000755499,2.00111,-1.40755e-05,32000.9,31999.8,32000.2,31999.1
6.565,-0.5,0.2,2,-0.50025,-0.00132617,0.200145,-0.000744478,2.00111,-1.40661e-05,32000.9,31999.8,32000.2,31999.1
6.566,-0.5,0.2,2,-0.500251,-0.00130946,0.200145,-0.000733142,2.00111,-1.40571e-05,32000.9,31999.8,32000.2,31999.1
6.567,-0.5,0.2,2,-0.500252,-0.00129209,0.200144,-0.000721515,2.00111,-1.40483e-05,32001,31999.8,32000.2,31999
6.568,-0.5,0.2,2,-0.500254,-0.00127411,0.200143,-0.000709617,2.00111,-1.40399e-05,32001,31999.8,32000.2,31999
6.569,-0.5,0.2,2,-0.500255,-0.00125555,0.200143,-0.000697471,2.00111,-1.40317e-05,32001,31999.8,32000.2,31999
6.57,-0.5,0.2,2,-0.500256,-0.00123646,0.200142,-0.000685095,2.00111,-1.40237e-05,32001.1,31999.8,32000.2,31998.9
6.571,-0.5,0.2,2,-0.500257,-0.00121687,0.200141,-0.00067251,2.00111,-1.40161e-05,32001.1,31999.8,32000.2,31998.9
6.572,-0.5,0.2,2,-0.500259,-0.00119682,0.200141,-0.000659736,2.00111,-1.40087e-05,32001.1,31999.8,32000.2,31998.9
6.573,-0.5,0.2,2,-0.50026,-0.00117634,0.20014,-0.000646792,2.00111,-1.40015e-05,32001.1,31999.7,32000.3,31998.9
6.574,-0.5,0.2,2,-0.500261,-0.00115546,0.200139,-0.000633695,2.00111,-1.39947e-05,32001.1,31999.7,32000.3,31998.9
6.575,-0.5,0.2,2,-0.500262,-0.00113423,0.200139,-0.000620464,2.00111,-1.3988e-05,32001.2,31999.7,32000.3,31998.8
6.576,-0.5,0.2,2,-0.500263,-0.00111268,0.200138,-0.000607116,2.00111,-1.39816e-05,32001.2,31999.7,32000.3,31998.8
6.577,-0.5,0.2,2,-0.500264,-0.00109083,0.200137,-0.000593669,2.00111,-1.39755e-05,32001.2,31999.7,32000.3,31998.8
6.578,-0.5,0.2,2,-0.500265,-0.00106872,0.200137,-0.000580138,2.00111,-1.39695e-05,32001.2,31999.7,32000.3,31998.8
6.579,-0.5,0.2,2,-0.500266,-0.00104637,0.200136,-0.000566539,2.00111,-1.39638e-05,32001.2,31999.7,32000.3,31998.8
6.58,-0.5,0.2,2,-0.500267,-0.00102383,0.200136,-0.000552888,2.00111,-1.39584e-05,32001.2,31999.7,32000.3,31998.8
6.581,-0.5,0.2,2,-0.500268,-0.00100111,0.200135,-0.0005392,2.00111,-1.39531e-05,32001.2,31999.7,32000.3,31998.8
6.582,-0.5,0.2,2,-0.500269,-0.000978251,0.200135,-0.000525488,2.00111,-1.3948e-05,32001.2,31999.7,32000.3,31998.8
6.583,-0.5,0.2,2,-0.50027,-0.000955269,0.200134,-0.000511767,2.00111,-1.39432e-05,32001.2,31999.7,32000.3,31998.8
6.584,-0.5,0.2,2,-0.500271,-0.000932196,0.200134,-0.000498051,2.00111,-1.39385e-05,32001.2,31999.7,32000.3,31998.8
6.585,-0.5,0.2,2,-0.500272,-0.000909055,0.200133,-0.000484352,2.00111,-1.3934e-05,32001.2,31999.7,32000.3,31998.8
6.586,-0.5,0.2,2,-0.500273,-0.000885872,0.200133,-0.000470682,2.00111,-1.39297e-05,32001.2,31999.7,32000.3,31998.8
6.587,-0.5,0.2,2,-0.500274,-0.00086267,0.200132,-0.000457054,2.00111,-1.39256e-05,32001.2,31999.7,32000.3,31998.8
6.588,-0.5,0.2,2,-0.500275,-0.000839472,0.200132,-0.000443478,2.00111,-1.39217e-05,32001.2,31999.7,32000.3,31998.8
6.589,-0.5,0.2,2,-0.500276,-0.0008163,0.200131,-0.000429967,2.00111,-1.39179e-05,32001.2,31999.7,32000.3,31998.8
6.59,-0.5,0.2,2,-0.500276,-0.000793174,0.200131,-0.000416531,2.00111,-1.39143e-05,32001.2,31999.7,32000.3,31998.8
6.591,-0.5,0.2,2,-0.500277,-0.000770116,0.200131,-0.000403179,2.00111,-1.39108e-05,32001.2,31999.7,32000.3,31998.8
6.592,-0.5,0.2,2,-0.500278,-0.000747144,0.20013,-0.000389922,2.00111,-1.39075e-05,32001.2,31999.7,32000.3,31998.8
6.593,-0.5,0.2,2,-0.500279,-0.000724278,0.20013,-0.000376768,2.00111,-1.39044e-05,32001.2,31999.7,32000.3,31998.8
6.594,-0.5,0.2,2,-0.500279,-0.000701536,0.200129,-0.000363727,2.00111,-1.39013e-05,32001.2,31999.7,32000.3,31998.8
6.595,-0.5,0.2,2,-0.50028,-0.000678934,0.200129,-0.000350807,2.00111,-1.38985e-05,32001.2,31999.7,32000.3,31998.8
6.596,-0.5,0.2,2,-0.500281,-0.00065649,0.200129,-0.000338016,2.00111,-1.38957e-05,32001.2,31999.7,32000.3,31998.8
6.597,-0.5,0.2,2,-0.500281,-0.000634219,0.200128,-0.000325362,2.00111,-1.38931e-05,32001.2,31999.7,32000.3,31998.8
6.598,-0.5,0.2,2,-0.500282,-0.000612136,0.200128,-0.000312851,2.00111,-1.38906e-05,32001.2,31999.7,32000.3,31998.8
6.599,-0.5,0.2,2,-0.500282,-0.000590256,0.200128,-0.00030049,2.00111,-1.38882e-05,32001.1,31999.7,32000.3,31998.9
6.6,-0.5,0.2,2,-0.500283,-0.000568591,0.200128,-0.000288287,2.00111,-1.38859e-05,32001.1,31999.7,32000.3,31998.9
6.601,-0.5,0.2,2,-0.500284,-0.000547156,0.200127,-0.000276246,2.00111,-1.38837e-05,32001.1,31999.7,32000.3,31998.9
6.602,-0.5,0.2,2,-0.500284,-0.000525961,0.200127,-0.000264374,2.00111,-1.38816e-05,32001.1,31999.7,32000.3,31998.9
6.603,-0.5,0.2,2,-0.500285,-0.00050502,0.200127,-0.000252676,2.00111,-1.38796e-05,32001.1,31999.7,32000.3,31998.9
6.604,-0.5,0.2,2,-0.500285,-0.000484342,0.200126,-0.000241156,2.00111,-1.38777e-05,32001.1,31999.7,32000.3,31998.9
6.605,-0.5,0.2,2,-0.500286,-0.000463938,0.200126,-0.00022982,2.00111,-1.38759e-05,32001.1,31999.7,32000.3,31998.9
6.606,-0.5,0.2,2,-0.500286,-0.000443818,0.200126,-0.000218671,2.00111,-1.38742e-05,32001.1,31999.7,32000.3,31998.9
6.607,-0.5,0.2,2,-0.500286,-0.00042399,0.200126,-0.000207714,2.00111,-1.38725e-05,32001,31999.7,32000.3,31999
6.608,-0.5,0.2,2,-0.500287,-0.000404463,0.200126,-0.000196952,2.00111,-1.3871e-05,32001,31999.7,32000.3,31999
6.609,-0.5,0.2,2,-0.500287,-0.000385246,0.200125,-0.000186388,2.00111,-1.38694e-05,32001,31999.7,32000.3,31999
6.61,-0.5,0.2,2,-0.500288,-0.000366344,0.200125,-0.000176026,2.00111,-1.3868e-05,32001,31999.7,32000.3,31999
6.611,-0.5,0.2,2,-0.500288,-0.000347766,0.200125,-0.000165867,2.00111,-1.38666e-05,32001,31999.7,32000.3,31999
6.612,-0.5,0.2,2,-0.500288,-0.000329516,0.200125,-0.000155916,2.00111,-1.38653e-05,32000.9,31999.7,32000.3,31999.1
6.613,-0.5,0.2,2,-0.500289,-0.000311601,0.200125,-0.000146172,2.00111,-1.38641e-05,32000.9,31999.7,32000.3,31999.1
6.614,-0.5,0.2,2,-0.500289,-0.000294026,0.200125,-0.000136639,2.00111,-1.38629e-05,32000.9,31999.7,32000.3,31999.1
6.615,-0.5,0.2,2,-0.500289,-0.000276795,0.200125,-0.000127318,2.00111,-1.38617e-05,32000.9,31999.7,32000.3,31999.1
6.616,-0.5,0.2,2,-0.500289,-0.000259913,0.200124,-0.00011821,2.00111,-1.38606e-05,32000.9,31999.7,32000.3,31999.1
6.617,-0.5,0.2,2,-0.50029,-0.000243383,0.200124,-0.000109317,2.00111,-1.38596e-05,32000.9,31999.7,32000.3,31999.1
6.618,-0.5,0.2,2,-0.50029,-0.000227208,0.200124,-0.000100638,2.00111,-1.38586e-05,32000.8,31999.7,32000.3,31999.2
6.619,-0.5,0.2,2,-0.50029,-0.000211391,0.200124,-9.21754e-05,2.00111,-1.38576e-05,32000.8,31999.8,32000.2,31999.2
6.62,-0.5,0.2,2,-0.50029,-0.000195935,0.200124,-8.39286e-05,2.00111,-1.38567e-05,32000.8,31999.8,32000.2,31999.2
6.621,-0.5,0.2,2,-0.50029,-0.00018084,0.200124,-7.58981e-05,2.00111,-1.38558e-05,32000.8,31999.8,32000.2,31999.2
6.622,-0.5,0.2,2,-0.500291,-0.00016611,0.200124,-6.80836e-05,2.00111,-1.38549e-05,32000.8,31999.8,32000.2,31999.2
6.623,-0.5,0.2,2,-0.500291,-0.000151743,0.200124,-6.04849e-05,2.00111,-1.38541e-05,32000.7,31999.8,32000.2,31999.3
6.624,-0.5,0.2,2,-0.500291,-0.000137742,0.200124,-5.31017e-05,2.00111,-1.38533e-05,32000.7,31999.8,32000.2,31999.3
6.625,-0.5,0.2,2,-0.500291,-0.000124107,0.200124,-4.59331e-05,2.00111,-1.38525e-05,32000.7,31999.8,32000.2,31999.3
6.626,-0.5,0.2,2,-0.500291,-0.000110837,0.200124,-3.89783e-05,2.00111,-1.38518e-05,32000.7,31999.8,32000.2,31999.3
6.627,-0.5,0.2,2,-0.500291,-9.79325e-05,0.200124,-3.22364e-05,2.00111,-1.38511e-05,32000.7,31999.8,32000.2,31999.3
6.628,-0.5,0.2,2,-0.500291,-8.53921e-05,0.200124,-2.57062e-05,2.00111,-1.38504e-05,32000.6,31999.8,32000.2,31999.4
6.629,-0.5,0.2,2,-0.500291,-7.32149e-05,0.200124,-1.93862e-05,2.00111,-1.38497e-05,32000.6,31999.8,32000.2,31999.4
6.63,-0.5,0.2,2,-0.500292,-6.13996e-05,0.200124,-1.32751e-05,2.00111,-1.38491e-05,32000.6,31999.8,32000.2,31999.4
6.631,-0.5,0.2,2,-0.500292,-4.99444e-05,0.200124,-7.3712e-06,2.00111,-1.38484e-05,32000.6,31999.8,32000.2,31999.4
6.632,-0.5,0.2,2,-0.500292,-3.88476e-05,0.200124,-1.67268e-06,2.00111,-1.38478e-05,32000.6,31999.8,32000.2,31999.4
6.633,-0.5,0.2,2,-0.500292,-2.81067e-05,0.200124,3.82234e-06,2.00111,-1.38472e-05,32000.5,31999.8,32000.2,31999.5
6.634,-0.5,0.2,2,-0.500292,-1.77194e-05,0.200124,9.1159e-06,2.00111,-1.38466e-05,32000.5,31999.8,32000.2,31999.5
6.635,-0.5,0.2,2,-0.500292,-7.68294e-06,0.200124,1.42101e-05,2.00111,-1.38461e-05,32000.5,31999.8,32000.2,31999.5
6.636,-0.5,0.2,2,-0.500292,2.00574e-06,0.200124,1.91074e-05,2.00111,-1.38455e-05,32000.5,31999.8,32000.2,31999.5
6.637,-0.5,0.2,2,-0.500292,1.13498e-05,0.200124,2.38099e-05,2.00111,-1.3845e-05,32000.5,31999.8,32000.2,31999.5
6.638,-0.5,0.2,2,-0.500292,2.03526e-05,0.200124,2.83203e-05,2.00111,-1.38445e-05,32000.5,31999.8,32000.2,31999.5
6.639,-0.5,0.2,2,-0.500292,2.90178e-05,0.200124,3.2641e-05,2.00111,-1.38439e-05,32000.4,31999.9,32000.1,31999.6
6.64,-0.5,0.2,2,-0.500292,3.73492e-05,0.200124,3.67748e-05,2.00111,-1.38434e-05,32000.4,31999.9,32000.1,31999.6
6.641,-0.5,0.2,2,-0.500292,4.53509e-05,0.200124,4.07243e-05,2.00111,-1.38429e-05,32000.4,31999.9,32000.1,31999.6
6.642,-0.5,0.2,2,-0.500291,5.30268e-05,0.200124,4.44925e-05,2.00111,-1.38424e-05,32000.4,31999.9,32000.1,31999.6
6.643,-0.5,0.2,2,-0.500291,6.03814e-05,0.200124,4.80821e-05,2.00111,-1.3842e-05,32000.4,31999.9,32000.1,31999.6
6.644,-0.5,0.2,2,-0.500291,6.74192e-05,0.200124,5.14962e-05,2.00111,-1.38415e-05,32000.4,31999.9,32000.1,31999.6
6.645,-0.5,0.2,2,-0.500291,7.41447e-05,0.200124,5.47377e-05,2.00111,-1.3841e-05,32000.3,31999.9,32000.1,31999.7
6.646,-0.5,0.2,2,-0.500291,8.05628e-05,0.200124,5.78098e-05,2.00111,-1.38406e-05,32000.3,31999.9,32000.1,31999.7
6.647,-0.5,0.2,2,-0.500291,8.66782e-05,0.200124,6.07156e-05,2.00111,-1.38401e-05,32000.3,31999.9,32000.1,31999.7
6.648,-0.5,0.2,2,-0.500291,9.24959e-05,0.200124,6.34582e-05,2.00111,-1.38397e-05,32000.3,31999.9,32000.1,31999.7
6.649,-0.5,0.2,2,-0.500291,9.80211e-05,0.200124,6.60408e-05,2.00111,-1.38392e-05,32000.3,31999.9,32000.1,31999.7
6.65,-0.5,0.2,2,-0.500291,0.000103259,0.200124,6.84668e-05,2.00111,-1.38388e-05,32000.3,31999.9,32000.1,31999.7
6.651,-0.5,0.2,2,-0.500291,0.000108215,0.200124,7.07393e-05,2.00111,-1.38384e-05,32000.2,31999.9,32000.1,31999.8
6.652,-0.5,0.2,2,-0.500291,0.000112894,0.200124,7.28618e-05,2.00111,-1.3838e-05,32000.2,31999.9,32000.1,31999.8
6.653,-0.5,0.2,2,-0.50029,0.000117302,0.200125,7.48375e-05,2.00111,-1.38376e-05,32000.2,31999.9,32000.1,31999.8
6.654,-0.5,0.2,2,-0.50029,0.000121444,0.200125,7.66699e-05,2.00111,-1.38372e-05,32000.2,31999.9,32000.1,31999.8
6.655,-0.5,0.2,2,-0.50029,0.000125325,0.200125,7.83622e-05,2.00111,-1.38368e-05,32000.2,31999.9,32000.1,31999.8
6.656,-0.5,0.2,2,-0.50029,0.000128952,0.200125,7.99179e-05,2.00111,-1.38364e-05,32000.2,31999.9,32000.1,31999.8
6.657,-0.5,0.2,2,-0.50029,0.00013233,0.200125,8.13404e-05,2.00111,-1.3836e-05,32000.2,31999.9,32000.1,31999.8
6.658,-0.5,0.2,2,-0.50029,0.000135465,0.200125,8.2633e-05,2.00111,-1.38356e-05,32000.1,31999.9,32000.1,31999.9
6.659,-0.5,0.2,2,-0.50029,0.000138362,0.200125,8.37993e-05,2.00111,-1.38352e-05,32000.1,31999.9,32000.1,31999.9
6.66,-0.5,0.2,2,-0.50029,0.000141027,0.200125,8.48425e-05,2.00111,-1.38348e-05,32000.1,31999.9,32000.1,31999.9
6.661,-0.5,0.2,2,-0.500289,0.000143466,0.200125,8.57661e-05,2.00111,-1.38344e-05,32000.1,31999.9,32000.1,31999.9
6.662,-0.5,0.2,2,-0.500289,0.000145685,0.200125,8.65735e-05,2.00111,-1.38341e-05,32000.1,32000,32000,31999.9
6.663,-0.5,0.2,2,-0.500289,0.000147688,0.200125,8.72681e-05,2.00111,-1.38337e-05,32000.1,32000,32000,31999.9
6.664,-0.5,0.2,2,-0.500289,0.000149484,0.200125,8.78532e-05,2.00111,-1.38333e-05,32000.1,32000,32000,31999.9
6.665,-0.5,0.2,2,-0.500289,0.000151075,0.200126,8.83322e-05,2.00111,-1.3833e-05,32000.1,32000,32000,31999.9
6.666,-0.5,0.2,2,-0.500289,0.00015247,0.200126,8.87085e-05,2.00111,-1.38326e-05,32000.1,32000,32000,31999.9
6.667,-0.5,0.2,2,-0.500288,0.000153673,0.200126,8.89852e-05,2.00111,-1.38323e-05,32000,32000,32000,32000
6.668,-0.5,0.2,2,-0.500288,0.00015469,0.200126,8.91658e-05,2.00111,-1.38319e-05,32000,32000,32000,32000
6.669,-0.5,0.2,2,-0.500288,0.000155526,0.200126,8.92535e-05,2.00111,-1.38316e-05,32000,32000,32000,32000
6.67,-0.5,0.2,2,-0.500288,0.000156188,0.200126,8.92514e-05,2.00111,-1.38312e-05,32000,32000,32000,32000
6.671,-0.5,0.2,2,-0.500288,0.000156681,0.200126,8.9163e-05,2.00111,-1.38309e-05,32000,32000,32000,32000
6.672,-0.5,0.2,2,-0.500288,0.00015701,0.200126,8.89912e-05,2.00111,-1.38305e-05,32000,32000,32000,32000
6.673,-0.5,0.2,2,-0.500288,0.000157182,0.200126,8.87392e-05,2.00111,-1.38302e-05,32000,32000,32000,32000
6.674,-0.5,0.2,2,-0.500287,0.000157201,0.200126,8.84103e-05,2.00111,-1.38299e-05,32000,32000,32000,32000
6.675,-0.5,0.2,2,-0.500287,0.000157073,0.200126,8.80073e-05,2.00111,-1.38296e-05,32000,32000,32000,32000
6.676,-0.5,0.2,2,-0.500287,0.000156803,0.200127,8.75333e-05,2.00111,-1.38293e-05,32000,32000,32000,32000
6.677,-0.5,0.2,2,-0.500287,0.000156397,0.200127,8.69914e-05,2.00111,-1.38289e-05,32000,32000,32000,32000
6.678,-0.5,0.2,2,-0.500287,0.00015586,0.200127,8.63844e-05,2.00111,-1.38286e-05,32000,32000,32000,32000
6.679,-0.5,0.2,2,-0.500287,0.000155197,0.200127,8.57153e-05,2.00111,-1.38283e-05,32000,32000,32000,32000
6.68,-0.5,0.2,2,-0.500286,0.000154413,0.200127,8.4987e-05,2.00111,-1.3828e-05,31999.9,32000,32000,32000.1
6.681,-0.5,0.2,2,-0.500286,0.000153513,0.200127,8.42021e-05,2.00111,-1.38277e-05,31999.9,32000,32000,32000.1
6.682,-0.5,0.2,2,-0.500286,0.000152503,0.200127,8.33636e-05,2.00111,-1.38274e-05,31999.9,32000,32000,32000.1
6.683,-0.5,0.2,2,-0.500286,0.000151387,0.200127,8.24741e-05,2.00111,-1.38271e-05,31999.9,32000,32000,32000.1
6.684,-0.5,0.2,2,-0.500286,0.00015017,0.200127,8.15362e-05,2.00111,-1.38268e-05,31999.9,32000,32000,32000.1
6.685,-0.5,0.2,2,-0.500286,0.000148857,0.200127,8.05527e-05,2.00111,-1.38265e-05,31999.9,32000,32000,32000.1
6.686,-0.5,0.2,2,-0.500286,0.000147452,0.200127,7.9526e-05,2.00111,-1.38263e-05,31999.9,32000,32000,32000.1
6.687,-0.5,0.2,2,-0.500285,0.00014596,0.200127,7.84588e-05,2.00111,-1.3826e-05,31999.9,32000,32000,32000.1
6.688,-0.5,0.2,2,-0.500285,0.000144386,0.200128,7.73534e-05,2.00111,-1.38257e-05,31999.9,32000,32000,32000.1
6.689,-0.5,0.2,2,-0.500285,0.000142734,0.200128,7.62122e-05,2.00111,-1.38254e-05,31999.9,32000,32000,32000.1
6.69,-0.5,0.2,2,-0.500285,0.000141009,0.200128,7.50377e-05,2.00111,-1.38252e-05,31999.9,32000,32000,32000.1
6.691,-0.5,0.2,2,-0.500285,0.000139214,0.200128,7.38322e-05,2.00111,-1.38249e-05,31999.9,32000,32000,32000.1
6.692,-0.5,0.2,2,-0.500285,0.000137354,0.200128,7.25978e-05,2.00111,-1.38246e-05,31999.9,32000,32000,32000.1
6.693,-0.5,0.2,2,-0.500285,0.000135433,0.200128,7.13369e-05,2.00111,-1.38244e-05,31999.9,32000,32000,32000.1
6.694,-0.5,0.2,2,-0.500284,0.000133455,0.200128,7.00515e-05,2.00111,-1.38241e-05,31999.9,32000,32000,32000.1
6.695,-0.5,0.2,2,-0.500284,0.000131424,0.200128,6.87438e-05,2.00111,-1.38238e-05,31999.9,32000,32000,32000.1
6.696,-0.5,0.2,2,-0.500284,0.000129343,0.200128,6.74158e-05,2.00111,-1.38236e-05,31999.9,32000,32000,32000.1
6.697,-0.5,0.2,2,-0.500284,0.000127217,0.200128,6.60695e-05,2.00111,-1.38233e-05,31999.9,32000,32000,32000.1
6.698,-0.5,0.2,2,-0.500284,0.000125049,0.200128,6.47067e-05,2.00111,-1.38231e-05,31999.9,32000,32000,32000.1
6.699,-0.5,0.2,2,-0.500284,0.000122843,0.200128,6.33295e-05,2.00111,-1.38229e-05,31999.9,32000,32000,32000.1
6.7,-0.5,0.2,2,-0.500284,0.000120602,0.200128,6.19397e-05,2.00111,-1.38226e-05,31999.9,32000,32000,32000.1
6.701,-0.5,0.2,2,-0.500284,0.00011833,0.200128,6.05389e-05,2.00111,-1.38224e-05,31999.9,32000,32000,32000.1
6.702,-0.5,0.2,2,-0.500283,0.000116029,0.200128,5.9129e-05,2.00111,-1.38221e-05,31999.9,32000,32000,32000.1
6.703,-0.5,0.2,2,-0.500283,0.000113704,0.200129,5.77116e-05,2.00111,-1.38219e-05,31999.9,32000,32000,32000.1
6.704,-0.5,0.2,2,-0.500283,0.000111356,0.200129,5.62884e-05,2.00111,-1.38217e-05,31999.9,32000,32000,32000.1
6.705,-0.5,0.2,2,-0.500283,0.00010899,0.200129,5.48608e-05,2.00111,-1.38214e-05,31999.9,32000,32000,32000.1
6.706,-0.5,0.2,2,-0.500283,0.000106608,0.200129,5.34304e-05,2.00111,-1.38212e-05,31999.9,32000,32000,32000.1
6.707,-0.5,0.2,2,-0.500283,0.000104213,0.200129,5.19987e-05,2.00111,-1.3821e-05,31999.9,32000,32000,32000.1
6.708,-0.5,0.2,2,-0.500283,0.000101807,0.200129,5.05671e-05,2.00111,-1.38208e-05,31999.9,32000,32000,32000.1
6.709,-0.5,0.2,2,-0.500283,9.93936e-05,0.200129,4.91369e-05,2.00111,-1.38205e-05,31999.9,32000,32000,32000.1
6.71,-0.5,0.2,2,-0.500283,9.69752e-05,0.200129,4.77094e-05,2.00111,-1.38203e-05,31999.9,32000,32000,32000.1
6.711,-0.5,0.2,2,-0.500282,9.45541e-05,0.200129,4.6286e-05,2.00111,-1.38201e-05,31999.9,32000,32000,32000.1
6.712,-0.5,0.2,2,-0.500282,9.21328e-05,0.200129,4.48678e-05,2.00111,-1.38199e-05,31999.9,32000,32000,32000.1
6.713,-0.5,0.2,2,-0.500282,8.97137e-05,0.200129,4.34559e-05,2.0011,-1.38197e-05,31999.9,32000,32000,32000.1
6.714,-0.5,0.2,2,-0.500282,8.72988e-05,0.200129,4.20516e-05,2.0011,-1.38195e-05,31999.9,32000,32000,32000.1
6.715,-0.5,0.2,2,-0.500282,8.48904e-05,0.200129,4.06558e-05,2.0011,-1.38193e-05,31999.9,32000,32000,32000.1
6.716,-0.5,0.2,2,-0.500282,8.24905e-05,0.200129,3.92697e-05,2.0011,-1.38191e-05,31999.9,32000,32000,32000.1
6.717,-0.5,0.2,2,-0.500282,8.01012e-05,0.200129,3.78941e-05,2.0011,-1.38189e-05,31999.9,32000,32000,32000.1
6.718,-0.5,0.2,2,-0.500282,7.77242e-05,0.200129,3.653e-05,2.0011,-1.38186e-05,31999.9,32000,32000,32000.1
6.719,-0.5,0.2,2,-0.500282,7.53615e-05,0.200129,3.51784e-05,2.0011,-1.38184e-05,31999.9,32000,32000,32000.1
6.72,-0.5,0.2,2,-0.500282,7.30147e-05,0.200129,3.38399e-05,2.0011,-1.38182e-05,31999.9,32000,32000,32000.1
6.721,-0.5,0.2,2,-0.500282,7.06856e-05,0.200129,3.25155e-05,2.0011,-1.3818e-05,31999.9,32000,32000,32000.1
6.722,-0.5,0.2,2,-0.500282,6.83758e-05,0.200129,3.12059e-05,2.0011,-1.38178e-05,31999.9,32000,32000,32000.1
6.723,-0.5,0.2,2,-0.500282,6.60866e-05,0.200129,2.99118e-05,2.0011,-1.38176e-05,31999.9,32000,32000,32000.1
6.724,-0.5,0.2,2,-0.500281,6.38196e-05,0.200129,2.86339e-05,2.0011,-1.38175e-05,31999.9,32000,32000,32000.1
6.725,-0.5,0.2,2,-0.500281,6.15762e-05,0.200129,2.73729e-05,2.0011,-1.38173e-05,31999.9,32000,32000,32000.1
6.726,-0.5,0.2,2,-0.500281,5.93576e-05,0.200129,2.61293e-05,2.0011,-1.38171e-05,31999.9,32000,32000,32000.1
6.727,-0.5,0.2,2,-0.500281,5.71651e-05,0.200129,2.49037e-05,2.0011,-1.38169e-05,31999.9,32000,32000,32000.1
6.728,-0.5,0.2,2,-0.500281,5.49998e-05,0.20013,2.36966e-05,2.0011,-1.38167e-05,31999.9,32000,32000,32000.1
6.729,-0.5,0.2,2,-0.500281,5.28629e-05,0.20013,2.25085e-05,2.0011,-1.38165e-05,31999.9,32000,32000,32000.1
6.73,-0.5,0.2,2,-0.500281,5.07552e-05,0.20013,2.13399e-05,2.0011,-1.38163e-05,31999.9,32000,32000,32000.1
6.731,-0.5,0.2,2,-0.500281,4.86779e-05,0.20013,2.01911e-05,2.0011,-1.38161e-05,31999.9,32000,32000,32000.1
6.732,-0.5,0.2,2,-0.500281,4.66317e-05,0.20013,1.90626e-05,2.0011,-1.38159e-05,31999.9,32000,32000,32000.1
6.733,-0.5,0.2,2,-0.500281,4.46176e-05,0.20013,1.79548e-05,2.0011,-1.38157e-05,31999.9,32000,32000,32000.1
6.734,-0.5,0.2,2,-0.500281,4.26363e-05,0.20013,1.68679e-05,2.0011,-1.38155e-05,31999.9,32000,32000,32000.1
6.735,-0.5,0.2,2,-0.500281,4.06885e-05,0.20013,1.58021e-05,2.0011,-1.38154e-05,31999.9,32000,32000,32000.1
6.736,-0.5,0.2,2,-0.500281,3.87748e-05,0.20013,1.47579e-05,2.0011,-1.38152e-05,31999.9,32000,32000,32000.1
6.737,-0.5,0.2,2,-0.500281,3.6896e-05,0.20013,1.37354e-05,2.0011,-1.3815e-05,31999.9,32000,32000,32000.1
6.738,-0.5,0.2,2,-0.500281,3.50525e-05,0.20013,1.27348e-05,2.0011,-1.38148e-05,31999.9,32000,32000,32000.1
6.739,-0.5,0.2,2,-0.500281,3.32447e-05,0.20013,1.17562e-05,2.0011,-1.38146e-05,31999.9,32000,32000,32000.1
6.74,-0.5,0.2,2,-0.500281,3.14733e-05,0.20013,1.07999e-05,2.0011,-1.38144e-05,31999.9,32000,32000,32000.1
6.741,-0.5,0.2,2,-0.500281,2.97385e-05,0.20013,9.86592e-06,2.0011,-1.38143e-05,31999.9,32000,32000,32000.1
6.742,-0.5,0.2,2,-0.500281,2.80407e-05,0.20013,8.95436e-06,2.0011,-1.38141e-05,31999.9,32000,32000,32000.1
6.743,-0.5,0.2,2,-0.500281,2.63802e-05,0.20013,8.06529e-06,2.0011,-1.38139e-05,31999.9,32000,32000,32000.1
6.744,-0.5,0.2,2,-0.500281,2.47572e-05,0.20013,7.19876e-06,2.0011,-1.38137e-05,31999.9,32000,32000,32000.1
6.745,-0.5,0.2,2,-0.500281,2.3172e-05,0.20013,6.35479e-06,2.0011,-1.38135e-05,31999.9,32000,32000,32000.1
6.746,-0.5,0.2,2,-0.500281,2.16246e-05,0.20013,5.53337e-06,2.0011,-1.38134e-05,31999.9,32000,32000,32000.1
6.747,-0.5,0.2,2,-0.500281,2.01153e-05,0.20013,4.73449e-06,2.0011,-1.38132e-05,31999.9,32000,32000,32000.1
6.748,-0.5,0.2,2,-0.500281,1.86441e-05,0.20013,3.9581e-06,2.0011,-1.3813e-05,31999.9,32000,32000,32000.1
6.749,-0.5,0.2,2,-0.500281,1.72111e-05,0.20013,3.20413e-06,2.0011,-1.38128e-05,31999.9,32000,32000,32000.1
6.75,-0.5,0.2,2,-0.500281,1.58162e-05,0.20013,2.4725e-06,2.0011,-1.38126e-05,31999.9,32000,32000,32000.1
6.751,-0.5,0.2,2,-0.500281,1.44594e-05,0.20013,1.76311e-06,2.0011,-1.38125e-05,31999.9,32000,32000,32000.1
6.752,-0.5,0.2,2,-0.50028,1.31407e-05,0.20013,1.07585e-06,2.0011,-1.38123e-05,31999.9,32000,32000,32000.1
6.753,-0.5,0.2,2,-0.50028,1.18598e-05,0.20013,4.10572e-07,2.0011,-1.38121e-05,31999.9,32000,32000,32000.1
6.754,-0.5,0.2,2,-0.50028,1.06168e-05,0.20013,-2.32871e-07,2.0011,-1.38119e-05,31999.9,32000,32000,32000.1
6.755,-0.5,0.2,2,-0.50028,9.41149e-06,0.20013,-8.54647e-07,2.0011,-1.38117e-05,31999.9,32000,32000,32000.1
6.756,-0.5,0.2,2,-0.50028,8.24357e-06,0.20013,-1.45494e-06,2.0011,-1.38116e-05,31999.9,32000,32000,32000.1
6.757,-0.5,0.2,2,-0.50028,7.11287e-06,0.20013,-2.03394e-06,2.0011,-1.38114e-05,31999.9,32000,32000,32000.1
6.758,-0.5,0.2,2,-0.50028,6.01914e-06,0.20013,-2.59185e-06,2.0011,-1.38112e-05,31999.9,32000,32000,32000.1
6.759,-0.5,0.2,2,-0.50028,4.96209e-06,0.20013,-3.12891e-06,2.0011,-1.3811e-05,31999.9,32000,32000,32000.1
6.76,-0.5,0.2,2,-0.50028,3.94142e-06,0.20013,-3.64535e-06,2.0011,-1.38109e-05,31999.9,32000,32000,32000.1
6.761,-0.5,0.2,2,-0.50028,2.95681e-06,0.20013,-4.1414e-06,2.0011,-1.38107e-05,32000,32000,32000,32000
6.762,-0.5,0.2,2,-0.50028,2.0079e-06,0.20013,-4.61732e-06,2.0011,-1.38105e-05,32000,32000,32000,32000
6.763,-0.5,0.2,2,-0.50028,1.09433e-06,0.20013,-5.07339e-06,2.0011,-1.38103e-05,32000,32000,32000,32000
6.764,-0.5,0.2,2,-0.50028,2.15692e-07,0.20013,-5.50987e-06,2.0011,-1.38102e-05,32000,32000,32000,32000
6.765,-0.5,0.2,2,-0.50028,-6.28412e-07,0.20013,-5.92705e-06,2.0011,-1.381e-05,32000,32000,32000,32000
6.766,-0.5,0.2,2,-0.50028,-1.43842e-06,0.20013,-6.32523e-06,2.0011,-1.38098e-05,32000,32000,32000,32000
6.767,-0.5,0.2,2,-0.50028,-2.21477e-06,0.20013,-6.70469e-06,2.0011,-1.38096e-05,32000,32000,32000,32000
6.768,-0.5,0.2,2,-0.50028,-2.95792e-06,0.20013,-7.06575e-06,2.0011,-1.38094e-05,32000,32000,32000,32000
6.769,-0.5,0.2,2,-0.50028,-3.66837e-06,0.20013,-7.40872e-06,2.0011,-1.38093e-05,32000,32000,32000,32000
6.77,-0.5,0.2,2,-0.50028,-4.3466e-06,0.20013,-7.73392e-06,2.0011,-1.38091e-05,32000,32000,32000,32000
6.771,-0.5,0.2,2,-0.50028,-4.9931e-06,0.20013,-8.04168e-06,2.0011,-1.38089e-05,32000,32000,32000,32000
6.772,-0.5,0.2,2,-0.50028,-5.60841e-06,0.20013,-8.33232e-06,2.0011,-1.38087e-05,32000,32000,32000,32000
6.773,-0.5,0.2,2,-0.50028,-6.19305e-06,0.20013,-8.60618e-06,2.0011,-1.38086e-05,32000,32000,32000,32000
6.774,-0.5,0.2,2,-0.50028,-6.74756e-06,0.20013,-8.8636e-06,2.0011,-1.38084e-05,32000,32000,32000,32000
6.775,-0.5,0.2,2,-0.50028,-7.27249e-06,0.20013,-9.10493e-06,2.0011,-1.38082e-05,32000,32000,32000,32000
6.776,-0.5,0.2,2,-0.50028,-7.76838e-06,0.20013,-9.33049e-06,2.0011,-1.3808e-05,32000,32000,32000,32000
6.777,-0.5,0.2,2,-0.50028,-8.23582e-06,0.20013,-9.54065e-06,2.0011,-1.38079e-05,32000,32000,32000,32000
6.778,-0.5,0.2,2,-0.500281,-8.67536e-06,0.20013,-9.73576e-06,2.0011,-1.38077e-05,32000,32000,32000,32000
6.779,-0.5,0.2,2,-0.500281,-9.0876e-06,0.20013,-9.91616e-06,2.0011,-1.38075e-05,32000,32000,32000,32000
6.78,-0.5,0.2,2,-0.500281,-9.4731e-06,0.20013,-1.00822e-05,2.0011,-1.38073e-05,32000,32000,32000,32000
6.781,-0.5,0.2,2,-0.500281,-9.83246e-06,0.20013,-1.02343e-05,2.0011,-1.38072e-05,32000,32000,32000,32000
6.782,-0.5,0.2,2,-0.500281,-1.01663e-05,0.20013,-1.03727e-05,2.0011,-1.3807e-05,32000,32000,32000,32000
6.783,-0.5,0.2,2,-0.500281,-1.04751e-05,0.20013,-1.04978e-05,2.0011,-1.38068e-05,32000,32000,32000,32000
6.784,-0.5,0.2,2,-0.500281,-1.07596e-05,0.20013,-1.061e-05,2.0011,-1.38066e-05,32000,32000,32000,32000
6.785,-0.5,0.2,2,-0.500281,-1.10204e-05,0.20013,-1.07096e-05,2.0011,-1.38065e-05,32000,32000,32000,32000
6.786,-0.5,0.2,2,-0.500281,-1.12579e-05,0.20013,-1.0797e-05,2.0011,-1.38063e-05,32000,32000,32000,32000
6.787,-0.5,0.2,2,-0.500281,-1.14729e-05,0.20013,-1.08725e-05,2.0011,-1.38061e-05,32000,32000,32000,32000
6.788,-0.5,0.2,2,-0.500281,-1.1666e-05,0.20013,-1.09366e-05,2.0011,-1.38059e-05,32000,32000,32000,32000
6.789,-0.5,0.2,2,-0.500281,-1.18377e-05,0.20013,-1.09894e-05,2.0011,-1.38058e-05,32000,32000,32000,32000
6.79,-0.5,0.2,2,-0.500281,-1.19887e-05,0.200129,-1.10314e-05,2.0011,-1.38056e-05,32000,32000,32000,32000
6.791,-0.5,0.2,2,-0.500281,-1.21194e-05,0.200129,-1.1063e-05,2.0011,-1.38054e-05,32000,32000,32000,32000
6.792,-0.5,0.2,2,-0.500281,-1.22307e-05,0.200129,-1.10844e-05,2.0011,-1.38052e-05,32000,32000,32000,32000
6.793,-0.5,0.2,2,-0.500281,-1.23229e-05,0.200129,-1.10961e-05,2.0011,-1.38051e-05,32000,32000,32000,32000
6.794,-0.5,0.2,2,-0.500281,-1.23968e-05,0.200129,-1.10983e-05,2.0011,-1.38049e-05,32000,32000,32000,32000
6.795,-0.5,0.2,2,-0.500281,-1.24529e-05,0.200129,-1.10914e-05,2.0011,-1.38047e-05,32000,32000,32000,32000
6.796,-0.5,0.2,2,-0.500281,-1.24917e-05,0.200129,-1.10757e-05,2.0011,-1.38045e-05,32000,32000,32000,32000
6.797,-0.5,0.2,2,-0.500281,-1.2514e-05,0.200129,-1.10516e-05,2.0011,-1.38044e-05,32000,32000,32000,32000
6.798,-0.5,0.2,2,-0.500281,-1.25201e-05,0.200129,-1.10193e-05,2.0011,-1.38042e-05,32000,32000,32000,32000
6.799,-0.5,0.2,2,-0.500281,-1.25108e-05,0.200129,-1.09792e-05,2.0011,-1.3804e-05,32000,32000,32000,32000
6.8,-0.5,0.2,2,-0.500281,-1.24866e-05,0.200129,-1.09317e-05,2.0011,-1.38038e-05,32000,32000,32000,32000
6.801,-0.5,0.2,2,-0.500281,-1.24479e-05,0.200129,-1.08769e-05,2.0011,-1.38037e-05,32000,32000,32000,32000
6.802,-0.5,0.2,2,-0.500281,-1.23955e-05,0.200129,-1.08153e-05,2.0011,-1.38035e-05,32000,32000,32000,32000
6.803,-0.5,0.2,2,-0.500281,-1.23297e-05,0.200129,-1.07471e-05,2.0011,-1.38033e-05,32000,32000,32000,32000
6.804,-0.5,0.2,2,-0.500281,-1.22512e-05,0.200129,-1.06727e-05,2.0011,-1.38032e-05,32000,32000,32000,32000
6.805,-0.5,0.2,2,-0.500281,-1.21605e-05,0.200129,-1.05923e-05,2.0011,-1.3803e-05,32000,32000,32000,32000
6.806,-0.5,0.2,2,-0.500281,-1.20582e-05,0.200129,-1.05062e-05,2.0011,-1.38028e-05,32000,32000,32000,32000
6.807,-0.5,0.2,2,-0.500281,-1.19446e-05,0.200129,-1.04148e-05,2.0011,-1.38026e-05,32000,32000,32000,32000
6.808,-0.5,0.2,2,-0.500281,-1.18204e-05,0.200129,-1.03182e-05,2.0011,-1.38025e-05,32000,32000,32000,32000
6.809,-0.5,0.2,2,-0.500281,-1.1686e-05,0.200129,-1.02167e-05,2.0011,-1.38023e-05,32000,32000,32000,32000
6.81,-0.5,0.2,2,-0.500281,-1.15419e-05,0.200129,-1.01107e-05,2.0011,-1.38021e-05,32000,32000,32000,32000
6.811,-0.5,0.2,2,-0.500281,-1.13886e-05,0.200129,-1.00004e-05,2.0011,-1.38019e-05,32000,32000,32000,32000
6.812,-0.5,0.2,2,-0.500281,-1.12266e-05,0.200129,-9.88608e-06,2.0011,-1.38018e-05,32000,32000,32000,32000
6.813,-0.5,0.2,2,-0.500281,-1.10564e-05,0.200129,-9.76793e-06,2.0011,-1.38016e-05,32000,32000,32000,32000
6.814,-0.5,0.2,2,-0.500281,-1.08783e-05,0.200129,-9.64624e-06,2.0011,-1.38014e-05,32000,32000,32000,32000
6.815,-0.5,0.2,2,-0.500281,-1.06929e-05,0.200129,-9.52124e-06,2.0011,-1.38012e-05,32000,32000,32000,32000
6.816,-0.5,0.2,2,-0.500281,-1.05006e-05,0.200129,-9.39317e-06,2.0011,-1.38011e-05,32000,32000,32000,32000
6.817,-0.5,0.2,2,-0.500281,-1.03018e-05,0.200129,-9.26227e-06,2.0011,-1.38009e-05,32000,32000,32000,32000
6.818,-0.5,0.2,2,-0.500281,-1.0097e-05,0.200129,-9.12876e-06,2.0011,-1.38007e-05,32000,32000,32000,32000
6.819,-0.5,0.2,2,-0.500281,-9.88651e-06,0.200129,-8.99286e-06,2.0011,-1.38005e-05,32000,32000,32000,32000
6.82,-0.5,0.2,2,-0.500281,-9.67077e-06,0.200129,-8.85479e-06,2.0011,-1.38004e-05,32000,32000,32000,32000
6.821,-0.5,0.2,2,-0.500281,-9.45018e-06,0.200129,-8.71475e-06,2.0011,-1.38002e-05,32000,32000,32000,32000
6.822,-0.5,0.2,2,-0.500281,-9.22512e-06,0.200129,-8.57295e-06,2.0011,-1.38e-05,32000,32000,32000,32000
6.823,-0.5,0.2,2,-0.500281,-8.99597e-06,0.200129,-8.42959e-06,2.0011,-1.37999e-05,32000,32000,32000,32000
6.824,-0.5,0.2,2,-0.500281,-8.76308e-06,0.200129,-8.28486e-06,2.0011,-1.37997e-05,32000,32000,32000,32000
6.825,-0.5,0.2,2,-0.500281,-8.52682e-06,0.200129,-8.13894e-06,2.0011,-1.37995e-05,32000,32000,32000,32000
6.826,-0.5,0.2,2,-0.500281,-8.28753e-06,0.200129,-7.99202e-06,2.0011,-1.37993e-05,32000,32000,32000,32000
6.827,-0.5,0.2,2,-0.500281,-8.04554e-06,0.200129,-7.84427e-06,2.0011,-1.37992e-05,32000,32000,32000,32000
6.828,-0.5,0.2,2,-0.500281,-7.80119e-06,0.200129,-7.69587e-06,2.0011,-1.3799e-05,32000,32000,32000,32000
6.829,-0.5,0.2,2,-0.500281,-7.55479e-06,0.200129,-7.54697e-06,2.0011,-1.37988e-05,32000,32000,32000,32000
6.83,-0.5,0.2,2,-0.500281,-7.30665e-06,0.200129,-7.39774e-06,2.0011,-1.37986e-05,32000,32000,32000,32000
6.831,-0.5,0.2,2,-0.500281,-7.05706e-06,0.200129,-7.24833e-06,2.0011,-1.37985e-05,32000,32000,32000,32000
6.832,-0.5,0.2,2,-0.500281,-6.80632e-06,0.200129,-7.09889e-06,2.0011,-1.37983e-05,32000,32000,32000,32000
6.833,-0.5,0.2,2,-0.500281,-6.5547e-06,0.200129,-6.94956e-06,2.0011,-1.37981e-05,32000,32000,32000,32000
6.834,-0.5,0.2,2,-0.500281,-6.30249e-06,0.200129,-6.80049e-06,2.0011,-1.37979e-05,32000,32000,32000,32000
6.835,-0.5,0.2,2,-0.500281,-6.04993e-06,0.200129,-6.65179e-06,2.0011,-1.37978e-05,32000,32000,32000,32000
6.836,-0.5,0.2,2,-0.500281,-5.79728e-06,0.200129,-6.50362e-06,2.0011,-1.37976e-05,32000,32000,32000,32000
6.837,-0.5,0.2,2,-0.500281,-5.54479e-06,0.200129,-6.35607e-06,2.0011,-1.37974e-05,32000,32000,32000,32000
6.838,-0.5,0.2,2,-0.500281,-5.29269e-06,0.200129,-6.20928e-06,2.0011,-1.37973e-05,32000,32000,32000,32000
6.839,-0.5,0.2,2,-0.500281,-5.04121e-06,0.200129,-6.06336e-06,2.0011,-1.37971e-05,32000,32000,32000,32000
6.84,-0.5,0.2,2,-0.500281,-4.79056e-06,0.200129,-5.9184e-06,2.0011,-1.37969e-05,32000,32000,32000,32000
6.841,-0.5,0.2,2,-0.500281,-4.54095e-06,0.200129,-5.77453e-06,2.0011,-1.37967e-05,32000,32000,32000,32000
6.842,-0.5,0.2,2,-0.500281,-4.29259e-06,0.200129,-5.63183e-06,2.0011,-1.37966e-05,32000,32000,32000,32000
6.843,-0.5,0.2,2,-0.500281,-4.04566e-06,0.200129,-5.4904e-06,2.0011,-1.37964e-05,32000,32000,32000,32000
6.844,-0.5,0.2,2,-0.500281,-3.80035e-06,0.200129,-5.35033e-06,2.0011,-1.37962e-05,32000,32000,32000,32000
6.845,-0.5,0.2,2,-0.500281,-3.55684e-06,0.200129,-5.2117e-06,2.0011,-1.3796e-05,32000,32000,32000,32000
6.846,-0.5,0.2,2,-0.500281,-3.31529e-06,0.200129,-5.0746e-06,2.0011,-1.37959e-05,32000,32000,32000,32000
6.847,-0.5,0.2,2,-0.500281,-3.07587e-06,0.200129,-4.9391e-06,2.0011,-1.37957e-05,32000,32000,32000,32000
6.848,-0.5,0.2,2,-0.500281,-2.83872e-06,0.200129,-4.80527e-06,2.0011,-1.37955e-05,32000,32000,32000,32000
6.849,-0.5,0.2,2,-0.500281,-2.60399e-06,0.200129,-4.67318e-06,2.0011,-1.37954e-05,32000,32000,32000,32000
6.85,-0.5,0.2,2,-0.500281,-2.37182e-06,0.200129,-4.54289e-06,2.0011,-1.37952e-05,32000,32000,32000,32000
6.851,-0.5,0.2,2,-0.500281,-2.14233e-06,0.200129,-4.41447e-06,2.0011,-1.3795e-05,32000,32000,32000,32000
6.852,-0.5,0.2,2,-0.500281,-1.91566e-06,0.200129,-4.28796e-06,2.0011,-1.37948e-05,32000,32000,32000,32000
6.853,-0.5,0.2,2,-0.500281,-1.69191e-06,0.200129,-4.16342e-06,2.0011,-1.37947e-05,32000,32000,32000,32000
6.854,-0.5,0.2,2,-0.500281,-1.47119e-06,0.200129,-4.04091e-06,2.0011,-1.37945e-05,32000,32000,32000,32000
6.855,-0.5,0.2,2,-0.500281,-1.25361e-06,0.200129,-3.92046e-06,2.0011,-1.37943e-05,32000,32000,32000,32000
6.856,-0.5,0.2,2,-0.500281,-1.03926e-06,0.200129,-3.80211e-06,2.0011,-1.37941e-05,32000,32000,32000,32000
6.857,-0.5,0.2,2,-0.500281,-8.28236e-07,0.200129,-3.6859e-06,2.0011,-1.3794e-05,32000,32000,32000,32000
6.858,-0.5,0.2,2,-0.500281,-6.2061e-07,0.200129,-3.57187e-06,2.0011,-1.37938e-05,32000,32000,32000,32000
6.859,-0.5,0.2,2,-0.500281,-4.16462e-07,0.200129,-3.46005e-06,2.0011,-1.37936e-05,32000,32000,32000,32000
6.86,-0.5,0.2,2,-0.500281,-2.15864e-07,0.200129,-3.35046e-06,2.0011,-1.37935e-05,32000,32000,32000,32000
6.861,-0.5,0.2,2,-0.500281,-1.8878e-08,0.200129,-3.24313e-06,2.0011,-1.37933e-05,32000,32000,32000,32000
6.862,-0.5,0.2,2,-0.500281,1.74436e-07,0.200129,-3.13808e-06,2.0011,-1.37931e-05,32000,32000,32000,32000
6.863,-0.5,0.2,2,-0.500281,3.64025e-07,0.200129,-3.03534e-06,2.0011,-1.37929e-05,32000,32000,32000,32000
6.864,-0.5,0.2,2,-0.500281,5.49842e-07,0.200129,-2.9349e-06,2.0011,-1.37928e-05,32000,32000,32000,32000
6.865,-0.5,0.2,2,-0.500281,7.31844e-07,0.200129,-2.8368e-06,2.0011,-1.37926e-05,32000,32000,32000,32000
6.866,-0.5,0.2,2,-0.500281,9.09994e-07,0.200129,-2.74103e-06,2.0011,-1.37924e-05,32000,32000,32000,32000
6.867,-0.5,0.2,2,-0.500281,1.08426e-06,0.200129,-2.64761e-06,2.0011,-1.37922e-05,32000,32000,32000,32000
6.868,-0.5,0.2,2,-0.500281,1.25462e-06,0.200129,-2.55653e-06,2.0011,-1.37921e-05,32000,32000,32000,32000
6.869,-0.5,0.2,2,-0.500281,1.42104e-06,0.200129,-2.46782e-06,2.0011,-1.37919e-05,32000,32000,32000,32000
6.87,-0.5,0.2,2,-0.500281,1.58351e-06,0.200129,-2.38145e-06,2.0011,-1.37917e-05,32000,32000,32000,32000
6.871,-0.5,0.2,2,-0.500281,1.74201e-06,0.200129,-2.29744e-06,2.0011,-1.37916e-05,32000,32000,32000,32000
6.872,-0.5,0.2,2,-0.500281,1.89654e-06,0.200129,-2.21578e-06,2.0011,-1.37914e-05,32000,32000,32000,32000
6.873,-0.5,0.2,2,-0.500281,2.04709e-06,0.200129,-2.13646e-06,2.0011,-1.37912e-05,32000,32000,32000,32000
6.874,-0.5,0.2,2,-0.500281,2.19366e-06,0.200129,-2.05947e-06,2.0011,-1.3791e-05,32000,32000,32000,32000
6.875,-0.5,0.2,2,-0.500281,2.33625e-06,0.200129,-1.98481e-06,2.0011,-1.37909e-05,32000,32000,32000,32000
6.876,-0.5,0.2,2,-0.500281,2.47487e-06,0.200129,-1.91246e-06,2.0011,-1.37907e-05,32000,32000,32000,32000
6.877,-0.5,0.2,2,-0.500281,2.60952e-06,0.200129,-1.84241e-06,2.0011,-1.37905e-05,32000,32000,32000,32000
6.878,-0.5,0.2,2,-0.500281,2.74023e-06,0.200129,-1.77464e-06,2.0011,-1.37903e-05,32000,32000,32000,32000
6.879,-0.5,0.2,2,-0.500281,2.867e-06,0.200129,-1.70914e-06,2.0011,-1.37902e-05,32000,32000,32000,32000
6.88,-0.5,0.2,2,-0.500281,2.98986e-06,0.200129,-1.64588e-06,2.0011,-1.379e-05,32000,32000,32000,32000
6.881,-0.5,0.2,2,-0.500281,3.10883e-06,0.200129,-1.58485e-06,2.0011,-1.37898e-05,32000,32000,32000,32000
6.882,-0.5,0.2,2,-0.500281,3.22393e-06,0.200129,-1.52603e-06,2.0011,-1.37897e-05,32000,32000,32000,32000
6.883,-0.5,0.2,2,-0.500281,3.3352e-06,0.200129,-1.46939e-06,2.0011,-1.37895e-05,32000,32000,32000,32000
6.884,-0.5,0.2,2,-0.500281,3.44266e-06,0.200129,-1.41491e-06,2.0011,-1.37893e-05,32000,32000,32000,32000
6.885,-0.5,0.2,2,-0.500281,3.54636e-06,0.200129,-1.36256e-06,2.0011,-1.37891e-05,32000,32000,32000,32000
6.886,-0.5,0.2,2,-0.500281,3.64631e-06,0.200129,-1.31232e-06,2.0011,-1.3789e-05,32000,32000,32000,32000
6.887,-0.5,0.2,2,-0.500281,3.74257e-06,0.200129,-1.26416e-06,2.0011,-1.37888e-05,32000,32000,32000,32000
6.888,-0.5,0.2,2,-0.500281,3.83517e-06,0.200129,-1.21806e-06,2.0011,-1.37886e-05,32000,32000,32000,32000
6.889,-0.5,0.2,2,-0.500281,3.92415e-06,0.200129,-1.17397e-06,2.0011,-1.37884e-05,32000,32000,32000,32000
6.89,-0.5,0.2,2,-0.500281,4.00957e-06,0.200129,-1.13188e-06,2.0011,-1.37883e-05,32000,32000,32000,32000
6.891,-0.5,0.2,2,-0.500281,4.09146e-06,0.200129,-1.09174e-06,2.0011,-1.37881e-05,32000,32000,32000,32000
6.892,-0.5,0.2,2,-0.500281,4.16987e-06,0.200129,-1.05354e-06,2.0011,-1.37879e-05,32000,32000,32000,32000
6.893,-0.5,0.2,2,-0.500281,4.24486e-06,0.200129,-1.01723e-06,2.0011,-1.37878e-05,32000,32000,32000,32000
6.894,-0.5,0.2,2,-0.500281,4.31647e-06,0.200129,-9.82784e-07,2.0011,-1.37876e-05,32000,32000,32000,32000
6.895,-0.5,0.2,2,-0.500281,4.38476e-06,0.200129,-9.50169e-07,2.0011,-1.37874e-05,32000,32000,32000,32000
6.896,-0.5,0.2,2,-0.500281,4.44977e-06,0.200129,-9.19349e-07,2.0011,-1.37872e-05,32000,32000,32000,32000
6.897,-0.5,0.2,2,-0.500281,4.51157e-06,0.200129,-8.90289e-07,2.0011,-1.37871e-05,32000,32000,32000,32000
6.898,-0.5,0.2,2,-0.500281,4.57021e-06,0.200129,-8.62954e-07,2.0011,-1.37869e-05,32000,32000,32000,32000
6.899,-0.5,0.2,2,-0.500281,4.62575e-06,0.200129,-8.37309e-07,2.0011,-1.37867e-05,32000,32000,32000,32000
6.9,-0.5,0.2,2,-0.500281,4.67825e-06,0.200129,-8.13317e-07,2.0011,-1.37866e-05,32000,32000,32000,32000
6.901,-0.5,0.2,2,-0.500281,4.72776e-06,0.200129,-7.90943e-07,2.0011,-1.37864e-05,32000,32000,32000,32000
6.902,-0.5,0.2,2,-0.500281,4.77434e-06,0.200129,-7.70149e-07,2.0011,-1.37862e-05,32000,32000,32000,32000
6.903,-0.5,0.2,2,-0.500281,4.81806e-06,0.200129,-7.509e-07,2.0011,-1.3786e-05,32000,32000,32000,32000
6.904,-0.5,0.2,2,-0.500281,4.85897e-06,0.200129,-7.33158e-07,2.0011,-1.37859e-05,32000,32000,32000,32000
6.905,-0.5,0.2,2,-0.500281,4.89713e-06,0.200129,-7.16887e-07,2.0011,-1.37857e-05,32000,32000,32000,32000
6.906,-0.5,0.2,2,-0.500281,4.93262e-06,0.200129,-7.02048e-07,2.0011,-1.37855e-05,32000,32000,32000,32000
6.907,-0.5,0.2,2,-0.500281,4.96548e-06,0.200129,-6.88606e-07,2.0011,-1.37853e-05,32000,32000,32000,32000
6.908,-0.5,0.2,2,-0.500281,4.99578e-06,0.200129,-6.76524e-07,2.0011,-1.37852e-05,32000,32000,32000,32000
6.909,-0.5,0.2,2,-0.500281,5.02359e-06,0.200129,-6.65763e-07,2.0011,-1.3785e-05,32000,32000,32000,32000
6.91,-0.5,0.2,2,-0.500281,5.04897e-06,0.200129,-6.56287e-07,2.0011,-1.37848e-05,32000,32000,32000,32000
6.911,-0.5,0.2,2,-0.500281,5.07197e-06,0.200129,-6.4806e-07,2.0011,-1.37847e-05,32000,32000,32000,32000
6.912,-0.5,0.2,2,-0.500281,5.09267e-06,0.200129,-6.41044e-07,2.0011,-1.37845e-05,32000,32000,32000,32000
6.913,-0.5,0.2,2,-0.500281,5.11112e-06,0.200129,-6.35203e-07,2.0011,-1.37843e-05,32000,32000,32000,32000
6.914,-0.5,0.2,2,-0.500281,5.12739e-06,0.200129,-6.305e-07,2.0011,-1.37841e-05,32000,32000,32000,32000
6.915,-0.5,0.2,2,-0.500281,5.14154e-06,0.200129,-6.269e-07,2.0011,-1.3784e-05,32000,32000,32000,32000
6.916,-0.5,0.2,2,-0.500281,5.15363e-06,0.200129,-6.24365e-07,2.0011,-1.37838e-05,32000,32000,32000,32000
6.917,-0.5,0.2,2,-0.500281,5.16372e-06,0.200129,-6.22862e-07,2.0011,-1.37836e-05,32000,32000,32000,32000
6.918,-0.5,0.2,2,-0.500281,5.17188e-06,0.200129,-6.22353e-07,2.0011,-1.37834e-05,32000,32000,32000,32000
6.919,-0.5,0.2,2,-0.500281,5.17817e-06,0.200129,-6.22805e-07,2.0011,-1.37833e-05,32000,32000,32000,32000
6.92,-0.5,0.2,2,-0.500281,5.18265e-06,0.200129,-6.24181e-07,2.0011,-1.37831e-05,32000,32000,32000,32000
6.921,-0.5,0.2,2,-0.500281,5.18537e-06,0.200129,-6.26449e-07,2.0011,-1.37829e-05,32000,32000,32000,32000
6.922,-0.5,0.2,2,-0.500281,5.1864e-06,0.200129,-6.29574e-07,2.0011,-1.37828e-05,32000,32000,32000,32000
6.923,-0.5,0.2,2,-0.500281,5.1858e-06,0.200129,-6.33522e-07,2.0011,-1.37826e-05,32000,32000,32000,32000
6.924,-0.5,0.2,2,-0.500281,5.18362e-06,0.200129,-6.3826e-07,2.0011,-1.37824e-05,32000,32000,32000,32000
6.925,-0.5,0.2,2,-0.500281,5.17993e-06,0.200129,-6.43756e-07,2.0011,-1.37822e-05,32000,32000,32000,32000
6.926,-0.5,0.2,2,-0.500281,5.17479e-06,0.200129,-6.49976e-07,2.0011,-1.37821e-05,32000,32000,32000,32000
6.927,-0.5,0.2,2,-0.500281,5.16824e-06,0.200129,-6.5689e-07,2.0011,-1.37819e-05,32000,32000,32000,32000
6.928,-0.5,0.2,2,-0.500281,5.16034e-06,0.200129,-6.64466e-07,2.0011,-1.37817e-05,32000,32000,32000,32000
6.929,-0.5,0.2,2,-0.500281,5.15116e-06,0.200129,-6.72673e-07,2.0011,-1.37816e-05,32000,32000,32000,32000
6.93,-0.5,0.2,2,-0.500281,5.14074e-06,0.200129,-6.8148e-07,2.0011,-1.37814e-05,32000,32000,32000,32000
6.931,-0.5,0.2,2,-0.500281,5.12915e-06,0.200129,-6.90859e-07,2.0011,-1.37812e-05,32000,32000,32000,32000
6.932,-0.5,0.2,2,-0.500281,5.11642e-06,0.200129,-7.00778e-07,2.0011,-1.3781e-05,32000,32000,32000,32000
6.933,-0.5,0.2,2,-0.500281,5.10262e-06,0.200129,-7.11211e-07,2.0011,-1.37809e-05,32000,32000,32000,32000
6.934,-0.5,0.2,2,-0.500281,5.0878e-06,0.200129,-7.22127e-07,2.0011,-1.37807e-05,32000,32000,32000,32000
6.935,-0.5,0.2,2,-0.500281,5.072e-06,0.200129,-7.335e-07,2.0011,-1.37805e-05,32000,32000,32000,32000
6.936,-0.5,0.2,2,-0.500281,5.05529e-06,0.200129,-7.45303e-07,2.0011,-1.37803e-05,32000,32000,32000,32000
6.937,-0.5,0.2,2,-0.500281,5.03769e-06,0.200129,-7.57509e-07,2.0011,-1.37802e-05,32000,32000,32000,32000
6.938,-0.5,0.2,2,-0.500281,5.01927e-06,0.200129,-7.70091e-07,2.0011,-1.378e-05,32000,32000,32000,32000
6.939,-0.5,0.2,2,-0.500281,5.00008e-06,0.200129,-7.83025e-07,2.0011,-1.37798e-05,32000,32000,32000,32000
6.94,-0.5,0.2,2,-0.500281,4.98015e-06,0.200129,-7.96285e-07,2.0011,-1.37797e-05,32000,32000,32000,32000
6.941,-0.5,0.2,2,-0.500281,4.95953e-06,0.200129,-8.09848e-07,2.0011,-1.37795e-05,32000,32000,32000,32000
6.942,-0.5,0.2,2,-0.500281,4.93826e-06,0.200129,-8.23689e-07,2.0011,-1.37793e-05,32000,32000,32000,32000
6.943,-0.5,0.2,2,-0.500281,4.9164e-06,0.200129,-8.37785e-07,2.0011,-1.37791e-05,32000,32000,32000,32000
6.944,-0.5,0.2,2,-0.500281,4.89398e-06,0.200129,-8.52114e-07,2.0011,-1.3779e-05,32000,32000,32000,32000
6.945,-0.5,0.2,2,-0.500281,4.87104e-06,0.200129,-8.66653e-07,2.0011,-1.37788e-05,32000,32000,32000,32000
6.946,-0.5,0.2,2,-0.500281,4.84762e-06,0.200129,-8.81382e-07,2.0011,-1.37786e-05,32000,32000,32000,32000
6.947,-0.5,0.2,2,-0.500281,4.82377e-06,0.200129,-8.9628e-07,2.0011,-1.37784e-05,32000,32000,32000,32000
6.948,-0.5,0.2,2,-0.500281,4.79952e-06,0.200129,-9.11326e-07,2.0011,-1.37783e-05,32000,32000,32000,32000
6.949,-0.5,0.2,2,-0.500281,4.7749e-06,0.200129,-9.265e-07,2.0011,-1.37781e-05,32000,32000,32000,32000
6.95,-0.5,0.2,2,-0.500281,4.74996e-06,0.200129,-9.41785e-07,2.0011,-1.37779e-05,32000,32000,32000,32000
6.951,-0.5,0.2,2,-0.500281,4.72473e-06,0.200129,-9.5716e-07,2.0011,-1.37778e-05,32000,32000,32000,32000
6.952,-0.5,0.2,2,-0.500281,4.69924e-06,0.200129,-9.72608e-07,2.0011,-1.37776e-05,32000,32000,32000,32000
6.953,-0.5,0.2,2,-0.500281,4.67353e-06,0.200129,-9.88113e-07,2.0011,-1.37774e-05,32000,32000,32000,32000
6.954,-0.5,0.2,2,-0.500281,4.64764e-06,0.200129,-1.00366e-06,2.0011,-1.37772e-05,32000,32000,32000,32000
6.955,-0.5,0.2,2,-0.500281,4.62158e-06,0.200129,-1.01922e-06,2.0011,-1.37771e-05,32000,32000,32000,32000
6.956,-0.5,0.2,2,-0.500281,4.59539e-06,0.200129,-1.0348e-06,2.0011,-1.37769e-05,32000,32000,32000,32000
6.957,-0.5,0.2,2,-0.500281,4.56911e-06,0.200129,-1.05036e-06,2.0011,-1.37767e-05,32000,32000,32000,32000
6.958,-0.5,0.2,2,-0.500281,4.54275e-06,0.200129,-1.0659e-06,2.0011,-1.37766e-05,32000,32000,32000,32000
6.959,-0.5,0.2,2,-0.500281,4.51635e-06,0.200129,-1.08141e-06,2.0011,-1.37764e-05,32000,32000,32000,32000
6.96,-0.5,0.2,2,-0.500281,4.48994e-06,0.200129,-1.09687e-06,2.0011,-1.37762e-05,32000,32000,32000,32000
6.961,-0.5,0.2,2,-0.500281,4.46353e-06,0.200129,-1.11226e-06,2.0011,-1.3776e-05,32000,32000,32000,32000
6.962,-0.5,0.2,2,-0.500281,4.43716e-06,0.200129,-1.12758e-06,2.0011,-1.37759e-05,32000,32000,32000,32000
6.963,-0.5,0.2,2,-0.500281,4.41085e-06,0.200129,-1.14281e-06,2.0011,-1.37757e-05,32000,32000,32000,32000
6.964,-0.5,0.2,2,-0.500281,4.38462e-06,0.200129,-1.15794e-06,2.0011,-1.37755e-05,32000,32000,32000,32000
6.965,-0.5,0.2,2,-0.500281,4.35849e-06,0.200129,-1.17297e-06,2.0011,-1.37753e-05,32000,32000,32000,32000
6.966,-0.5,0.2,2,-0.500281,4.33249e-06,0.200129,-1.18787e-06,2.0011,-1.37752e-05,32000,32000,32000,32000
6.967,-0.5,0.2,2,-0.500281,4.30663e-06,0.200129,-1.20264e-06,2.0011,-1.3775e-05,32000,32000,32000,32000
6.968,-0.5,0.2,2,-0.500281,4.28094e-06,0.200129,-1.21727e-06,2.0011,-1.37748e-05,32000,32000,32000,32000
6.969,-0.5,0.2,2,-0.500281,4.25543e-06,0.200129,-1.23176e-06,2.0011,-1.37747e-05,32000,32000,32000,32000
6.97,-0.5,0.2,2,-0.500281,4.23012e-06,0.200129,-1.24609e-06,2.0011,-1.37745e-05,32000,32000,32000,32000
6.971,-0.5,0.2,2,-0.500281,4.20502e-06,0.200129,-1.26025e-06,2.0011,-1.37743e-05,32000,32000,32000,32000
6.972,-0.5,0.2,2,-0.500281,4.18016e-06,0.200129,-1.27424e-06,2.0011,-1.37741e-05,32000,32000,32000,32000
6.973,-0.5,0.2,2,-0.500281,4.15555e-06,0.200129,-1.28805e-06,2.0011,-1.3774e-05,32000,32000,32000,32000
6.974,-0.5,0.2,2,-0.500281,4.1312e-06,0.200129,-1.30168e-06,2.0011,-1.37738e-05,32000,32000,32000,32000
6.975,-0.5,0.2,2,-0.500281,4.10713e-06,0.200129,-1.31511e-06,2.0011,-1.37736e-05,32000,32000,32000,32000
6.976,-0.5,0.2,2,-0.500281,4.08335e-06,0.200129,-1.32834e-06,2.0011,-1.37735e-05,32000,32000,32000,32000
6.977,-0.5,0.2,2,-0.500281,4.05987e-06,0.200129,-1.34137e-06,2.0011,-1.37733e-05,32000,32000,32000,32000
6.978,-0.5,0.2,2,-0.500281,4.0367e-06,0.200129,-1.35419e-06,2.0011,-1.37731e-05,32000,32000,32000,32000
6.979,-0.5,0.2,2,-0.500281,4.01386e-06,0.200129,-1.36679e-06,2.0011,-1.37729e-05,32000,32000,32000,32000
6.98,-0.5,0.2,2,-0.500281,3.99135e-06,0.200129,-1.37918e-06,2.0011,-1.37728e-05,32000,32000,32000,32000
6.981,-0.5,0.2,2,-0.500281,3.96919e-06,0.200129,-1.39134e-06,2.0011,-1.37726e-05,32000,32000,32000,32000
6.982,-0.5,0.2,2,-0.500281,3.94738e-06,0.200129,-1.40328e-06,2.0011,-1.37724e-05,32000,32000,32000,32000
6.983,-0.5,0.2,2,-0.500281,3.92593e-06,0.200129,-1.41499e-06,2.0011,-1.37722e-05,32000,32000,32000,32000
6.984,-0.5,0.2,2,-0.500281,3.90485e-06,0.200129,-1.42647e-06,2.0011,-1.37721e-05,32000,32000,32000,32000
6.985,-0.5,0.2,2,-0.500281,3.88414e-06,0.200129,-1.43771e-06,2.0011,-1.37719e-05,32000,32000,32000,32000
6.986,-0.5,0.2,2,-0.500281,3.86382e-06,0.200129,-1.44871e-06,2.0011,-1.37717e-05,32000,32000,32000,32000
6.987,-0.5,0.2,2,-0.500281,3.84388e-06,0.200129,-1.45947e-06,2.0011,-1.37716e-05,32000,32000,32000,32000
6.988,-0.5,0.2,2,-0.500281,3.82434e-06,0.200129,-1.47e-06,2.0011,-1.37714e-05,32000,32000,32000,32000
6.989,-0.5,0.2,2,-0.500281,3.80519e-06,0.200129,-1.48028e-06,2.0011,-1.37712e-05,32000,32000,32000,32000
6.99,-0.5,0.2,2,-0.500281,3.78645e-06,0.200129,-1.49031e-06,2.0011,-1.3771e-05,32000,32000,32000,32000
6.991,-0.5,0.2,2,-0.500281,3.7681e-06,0.200129,-1.5001e-06,2.0011,-1.37709e-05,32000,32000,32000,32000
6.992,-0.5,0.2,2,-0.500281,3.75017e-06,0.200129,-1.50965e-06,2.0011,-1.37707e-05,32000,32000,32000,32000
6.993,-0.5,0.2,2,-0.500281,3.73265e-06,0.200129,-1.51895e-06,2.0011,-1.37705e-05,32000,32000,32000,32000
6.994,-0.5,0.2,2,-0.500281,3.71553e-06,0.200129,-1.52801e-06,2.0011,-1.37704e-05,32000,32000,32000,32000
6.995,-0.5,0.2,2,-0.500281,3.69883e-06,0.200129,-1.53682e-06,2.0011,-1.37702e-05,32000,32000,32000,32000
6.996,-0.5,0.2,2,-0.500281,3.68255e-06,0.200129,-1.54538e-06,2.0011,-1.377e-05,32000,32000,32000,32000
6.997,-0.5,0.2,2,-0.500281,3.66668e-06,0.200129,-1.5537e-06,2.0011,-1.37698e-05,32000,32000,32000,32000
6.998,-0.5,0.2,2,-0.500281,3.65123e-06,0.200129,-1.56178e-06,2.0011,-1.37697e-05,32000,32000,32000,32000
6.999,-0.5,0.2,2,-0.500281,3.63619e-06,0.200129,-1.56961e-06,2.0011,-1.37695e-05,32000,32000,32000,32000
7,-0.5,0.2,2,-0.500281,3.62157e-06,0.200129,-1.5772e-06,2.0011,-1.37693e-05,32000,32000,32000,32000
7.001,-0.5,0.2,2,-0.500281,3.60736e-06,0.200129,-1.58455e-06,2.0011,-1.37691e-05,32000,32000,32000,32000
7.002,-0.5,0.2,2,-0.500281,3.59356e-06,0.200129,-1.59166e-06,2.0011,-1.3769e-05,32000,32000,32000,32000
7.003,-0.5,0.2,2,-0.500281,3.58017e-06,0.200129,-1.59854e-06,2.0011,-1.37688e-05,32000,32000,32000,32000
7.004,-0.5,0.2,2,-0.500281,3.5672e-06,0.200129,-1.60518e-06,2.0011,-1.37686e-05,32000,32000,32000,32000
7.005,-0.5,0.2,2,-0.500281,3.55463e-06,0.200129,-1.61159e-06,2.0011,-1.37685e-05,32000,32000,32000,32000
7.006,-0.5,0.2,2,-0.500281,3.54246e-06,0.200129,-1.61776e-06,2.0011,-1.37683e-05,32000,32000,32000,32000
7.007,-0.5,0.2,2,-0.500281,3.53069e-06,0.200129,-1.62371e-06,2.0011,-1.37681e-05,32000,32000,32000,32000
7.008,-0.5,0.2,2,-0.500281,3.51933e-06,0.200129,-1.62944e-06,2.0011,-1.37679e-05,32000,32000,32000,32000
7.009,-0.5,0.2,2,-0.500281,3.50835e-06,0.200129,-1.63493e-06,2.0011,-1.37678e-05,32000,32000,32000,32000
7.01,-0.5,0.2,2,-0.500281,3.49777e-06,0.200129,-1.64021e-06,2.0011,-1.37676e-05,32000,32000,32000,32000
7.011,-0.5,0.2,2,-0.500281,3.48758e-06,0.200129,-1.64527e-06,2.0011,-1.37674e-05,32000,32000,32000,32000
7.012,-0.5,0.2,2,-0.500281,3.47777e-06,0.200129,-1.65012e-06,2.0011,-1.37673e-05,32000,32000,32000,32000
7.013,-0.5,0.2,2,-0.500281,3.46833e-06,0.200129,-1.65475e-06,2.0011,-1.37671e-05,32000,32000,32000,32000
7.014,-0.5,0.2,2,-0.500281,3.45927e-06,0.200129,-1.65918e-06,2.0011,-1.37669e-05,32000,32000,32000,32000
7.015,-0.5,0.2,2,-0.500281,3.45058e-06,0.200129,-1.6634e-06,2.0011,-1.37667e-05,32000,32000,32000,32000
7.016,-0.5,0.2,2,-0.500281,3.44225e-06,0.200129,-1.66741e-06,2.0011,-1.37666e-05,32000,32000,32000,32000
7.017,-0.5,0.2,2,-0.500281,3.43429e-06,0.200129,-1.67123e-06,2.0011,-1.37664e-05,32000,32000,32000,32000
7.018,-0.5,0.2,2,-0.500281,3.42667e-06,0.200129,-1.67486e-06,2.0011,-1.37662e-05,32000,32000,32000,32000
7.019,-0.5,0.2,2,-0.500281,3.41941e-06,0.200129,-1.67829e-06,2.0011,-1.3766e-05,32000,32000,32000,32000
7.02,-0.5,0.2,2,-0.500281,3.41248e-06,0.200129,-1.68153e-06,2.0011,-1.37659e-05,32000,32000,32000,32000
7.021,-0.5,0.2,2,-0.500281,3.4059e-06,0.200129,-1.68459e-06,2.0011,-1.37657e-05,32000,32000,32000,32000
7.022,-0.5,0.2,2,-0.500281,3.39964e-06,0.200129,-1.68747e-06,2.0011,-1.37655e-05,32000,32000,32000,32000
7.023,-0.5,0.2,2,-0.500281,3.39372e-06,0.200129,-1.69017e-06,2.0011,-1.37654e-05,32000,32000,32000,32000
7.024,-0.5,0.2,2,-0.500281,3.38811e-06,0.200129,-1.69269e-06,2.0011,-1.37652e-05,32000,32000,32000,32000
7.025,-0.5,0.2,2,-0.500281,3.38281e-06,0.200129,-1.69505e-06,2.0011,-1.3765e-05,32000,32000,32000,32000
7.026,-0.5,0.2,2,-0.500281,3.37782e-06,0.200129,-1.69724e-06,2.0011,-1.37648e-05,32000,32000,32000,32000
7.027,-0.5,0.2,2,-0.500281,3.37313e-06,0.200129,-1.69927e-06,2.0011,-1.37647e-05,32000,32000,32000,32000
7.028,-0.5,0.2,2,-0.500281,3.36874e-06,0.200129,-1.70114e-06,2.0011,-1.37645e-05,32000,32000,32000,32000
7.029,-0.5,0.2,2,-0.50028,3.36463e-06,0.200129,-1.70286e-06,2.0011,-1.37643e-05,32000,32000,32000,32000
7.03,-0.5,0.2,2,-0.50028,3.36081e-06,0.200129,-1.70442e-06,2.0011,-1.37642e-05,32000,32000,32000,32000
7.031,-0.5,0.2,2,-0.50028,3.35726e-06,0.200129,-1.70584e-06,2.0011,-1.3764e-05,32000,32000,32000,32000
7.032,-0.5,0.2,2,-0.50028,3.35398e-06,0.200129,-1.70712e-06,2.0011,-1.37638e-05,32000,32000,32000,32000
7.033,-0.5,0.2,2,-0.50028,3.35096e-06,0.200129,-1.70825e-06,2.0011,-1.37636e-05,32000,32000,32000,32000
7.034,-0.5,0.2,2,-0.50028,3.34819e-06,0.200129,-1.70925e-06,2.0011,-1.37635e-05,32000,32000,32000,32000
7.035,-0.5,0.2,2,-0.50028,3.34568e-06,0.200129,-1.71012e-06,2.0011,-1.37633e-05,32000,32000,32000,32000
7.036,-0.5,0.2,2,-0.50028,3.34341e-06,0.200129,-1.71087e-06,2.0011,-1.37631e-05,32000,32000,32000,32000
7.037,-0.5,0.2,2,-0.50028,3.34137e-06,0.200129,-1.71149e-06,2.0011,-1.3763e-05,32000,32000,32000,32000
7.038,-0.5,0.2,2,-0.50028,3.33957e-06,0.200129,-1.71199e-06,2.0011,-1.37628e-05,32000,32000,32000,32000
7.039,-0.5,0.2,2,-0.50028,3.33799e-06,0.200129,-1.71237e-06,2.0011,-1.37626e-05,32000,32000,32000,32000
7.04,-0.5,0.2,2,-0.50028,3.33662e-06,0.200129,-1.71264e-06,2.0011,-1.37624e-05,32000,32000,32000,32000
7.041,-0.5,0.2,2,-0.50028,3.33546e-06,0.200129,-1.7128e-06,2.0011,-1.37623e-05,32000,32000,32000,32000
7.042,-0.5,0.2,2,-0.50028,3.33451e-06,0.200129,-1.71286e-06,2.0011,-1.37621e-05,32000,32000,32000,32000
7.043,-0.5,0.2,2,-0.50028,3.33376e-06,0.200129,-1.71282e-06,2.0011,-1.37619e-05,32000,32000,32000,32000
7.044,-0.5,0.2,2,-0.50028,3.33319e-06,0.200129,-1.71268e-06,2.0011,-1.37617e-05,32000,32000,32000,32000
7.045,-0.5,0.2,2,-0.50028,3.33281e-06,0.200129,-1.71244e-06,2.0011,-1.37616e-05,32000,32000,32000,32000
7.046,-0.5,0.2,2,-0.50028,3.33261e-06,0.200129,-1.71212e-06,2.0011,-1.37614e-05,32000,32000,32000,32000
7.047,-0.5,0.2,2,-0.50028,3.33258e-06,0.200129,-1.71171e-06,2.0011,-1.37612e-05,32000,32000,32000,32000
7.048,-0.5,0.2,2,-0.50028,3.33271e-06,0.200129,-1.71121e-06,2.0011,-1.37611e-05,32000,32000,32000,32000
7.049,-0.5,0.2,2,-0.50028,3.33301e-06,0.200129,-1.71063e-06,2.0011,-1.37609e-05,32000,32000,32000,32000
7.05,-0.5,0.2,2,-0.50028,3.33346e-06,0.200129,-1.70998e-06,2.0011,-1.37607e-05,32000,32000,32000,32000
7.051,-0.5,0.2,2,-0.50028,3.33406e-06,0.200129,-1.70926e-06,2.0011,-1.37605e-05,32000,32000,32000,32000
7.052,-0.5,0.2,2,-0.50028,3.3348e-06,0.200129,-1.70846e-06,2.0011,-1.37604e-05,32000,32000,32000,32000
7.053,-0.5,0.2,2,-0.50028,3.33567e-06,0.200129,-1.7076e-06,2.0011,-1.37602e-05,32000,32000,32000,32000
7.054,-0.5,0.2,2,-0.50028,3.33668e-06,0.200129,-1.70668e-06,2.0011,-1.376e-05,32000,32000,32000,32000
7.055,-0.5,0.2,2,-0.50028,3.33781e-06,0.200129,-1.70569e-06,2.0011,-1.37599e-05,32000,32000,32000,32000
7.056,-0.5,0.2,2,-0.50028,3.33905e-06,0.200129,-1.70465e-06,2.0011,-1.37597e-05,32000,32000,32000,32000
7.057,-0.5,0.2,2,-0.50028,3.34042e-06,0.200129,-1.70355e-06,2.0011,-1.37595e-05,32000,32000,32000,32000
7.058,-0.5,0.2,2,-0.50028,3.34189e-06,0.200129,-1.7024e-06,2.0011,-1.37593e-05,32000,32000,32000,32000
7.059,-0.5,0.2,2,-0.50028,3.34346e-06,0.200129,-1.70121e-06,2.0011,-1.37592e-05,32000,32000,32000,32000
7.06,-0.5,0.2,2,-0.50028,3.34513e-06,0.200129,-1.69996e-06,2.0011,-1.3759e-05,32000,32000,32000,32000
7.061,-0.5,0.2,2,-0.50028,3.3469e-06,0.200129,-1.69868e-06,2.0011,-1.37588e-05,32000,32000,32000,32000
7.062,-0.5,0.2,2,-0.50028,3.34875e-06,0.200129,-1.69735e-06,2.0011,-1.37586e-05,32000,32000,32000,32000
7.063,-0.5,0.2,2,-0.50028,3.35068e-06,0.200129,-1.69599e-06,2.0011,-1.37585e-05,32000,32000,32000,32000
7.064,-0.5,0.2,2,-0.50028,3.35269e-06,0.200129,-1.69459e-06,2.0011,-1.37583e-05,32000,32000,32000,32000
7.065,-0.5,0.2,2,-0.50028,3.35478e-06,0.200129,-1.69316e-06,2.0011,-1.37581e-05,32000,32000,32000,32000
7.066,-0.5,0.2,2,-0.50028,3.35693e-06,0.200129,-1.6917e-06,2.0011,-1.3758e-05,32000,32000,32000,32000
7.067,-0.5,0.2,2,-0.50028,3.35915e-06,0.200129,-1.69022e-06,2.0011,-1.37578e-05,32000,32000,32000,32000
7.068,-0.5,0.2,2,-0.50028,3.36143e-06,0.200129,-1.68871e-06,2.0011,-1.37576e-05,32000,32000,32000,32000
7.069,-0.5,0.2,2,-0.50028,3.36376e-06,0.200129,-1.68717e-06,2.0011,-1.37574e-05,32000,32000,32000,32000
7.07,-0.5,0.2,2,-0.50028,3.36614e-06,0.200129,-1.68562e-06,2.0011,-1.37573e-05,32000,32000,32000,32000
7.071,-0.5,0.2,2,-0.50028,3.36857e-06,0.200129,-1.68405e-06,2.0011,-1.37571e-05,32000,32000,32000,32000
7.072,-0.5,0.2,2,-0.50028,3.37104e-06,0.200129,-1.68246e-06,2.0011,-1.37569e-05,32000,32000,32000,32000
7.073,-0.5,0.2,2,-0.50028,3.37355e-06,0.200129,-1.68085e-06,2.0011,-1.37568e-05,32000,32000,32000,32000
7.074,-0.5,0.2,2,-0.50028,3.3761e-06,0.200129,-1.67924e-06,2.0011,-1.37566e-05,32000,32000,32000,32000
7.075,-0.5,0.2,2,-0.50028,3.37867e-06,0.200129,-1.67762e-06,2.0011,-1.37564e-05,32000,32000,32000,32000
7.076,-0.5,0.2,2,-0.50028,3.38128e-06,0.200129,-1.67598e-06,2.0011,-1.37562e-05,32000,32000,32000,32000
7.077,-0.5,0.2,2,-0.50028,3.38391e-06,0.200129,-1.67434e-06,2.0011,-1.37561e-05,32000,32000,32000,32000
7.078,-0.5,0.2,2,-0.50028,3.38656e-06,0.200129,-1.6727e-06,2.0011,-1.37559e-05,32000,32000,32000,32000
7.079,-0.5,0.2,2,-0.50028,3.38922e-06,0.200129,-1.67105e-06,2.0011,-1.37557e-05,32000,32000,32000,32000
7.08,-0.5,0.2,2,-0.50028,3.3919e-06,0.200129,-1.66941e-06,2.0011,-1.37556e-05,32000,32000,32000,32000
7.081,-0.5,0.2,2,-0.50028,3.3946e-06,0.200129,-1.66776e-06,2.0011,-1.37554e-05,32000,32000,32000,32000
7.082,-0.5,0.2,2,-0.50028,3.3973e-06,0.200129,-1.66612e-06,2.0011,-1.37552e-05,32000,32000,32000,32000
7.083,-0.5,0.2,2,-0.50028,3.4e-06,0.200129,-1.66447e-06,2.0011,-1.3755e-05,32000,32000,32000,32000
7.084,-0.5,0.2,2,-0.50028,3.40271e-06,0.200129,-1.66284e-06,2.0011,-1.37549e-05,32000,32000,32000,32000
7.085,-0.5,0.2,2,-0.50028,3.40542e-06,0.200129,-1.66121e-06,2.0011,-1.37547e-05,32000,32000,32000,32000
7.086,-0.5,0.2,2,-0.50028,3.40812e-06,0.200129,-1.65958e-06,2.0011,-1.37545e-05,32000,32000,32000,32000
7.087,-0.5,0.2,2,-0.50028,3.41082e-06,0.200129,-1.65797e-06,2.0011,-1.37543e-05,32000,32000,32000,32000
7.088,-0.5,0.2,2,-0.50028,3.41351e-06,0.200129,-1.65637e-06,2.0011,-1.37542e-05,32000,32000,32000,32000
7.089,-0.5,0.2,2,-0.50028,3.41619e-06,0.200129,-1.65477e-06,2.0011,-1.3754e-05,32000,32000,32000,32000
7.09,-0.5,0.2,2,-0.50028,3.41886e-06,0.200129,-1.65319e-06,2.0011,-1.37538e-05,32000,32000,32000,32000
7.091,-0.5,0.2,2,-0.50028,3.42152e-06,0.200129,-1.65162e-06,2.0011,-1.37537e-05,32000,32000,32000,32000
7.092,-0.5,0.2,2,-0.50028,3.42416e-06,0.200129,-1.65007e-06,2.0011,-1.37535e-05,32000,32000,32000,32000
7.093,-0.5,0.2,2,-0.50028,3.42677e-06,0.200129,-1.64853e-06,2.0011,-1.37533e-05,32000,32000,32000,32000
7.094,-0.5,0.2,2,-0.50028,3.42937e-06,0.200129,-1.64701e-06,2.0011,-1.37531e-05,32000,32000,32000,32000
7.095,-0.5,0.2,2,-0.50028,3.43195e-06,0.200129,-1.64551e-06,2.0011,-1.3753e-05,32000,32000,32000,32000
7.096,-0.5,0.2,2,-0.50028,3.4345e-06,0.200129,-1.64402e-06,2.0011,-1.37528e-05,32000,32000,32000,32000
7.097,-0.5,0.2,2,-0.50028,3.43703e-06,0.200129,-1.64255e-06,2.0011,-1.37526e-05,32000,32000,32000,32000
7.098,-0.5,0.2,2,-0.50028,3.43953e-06,0.200129,-1.6411e-06,2.0011,-1.37525e-05,32000,32000,32000,32000
7.099,-0.5,0.2,2,-0.50028,3.442e-06,0.200129,-1.63967e-06,2.0011,-1.37523e-05,32000,32000,32000,32000
7.1,-0.5,0.2,2,-0.50028,3.44444e-06,0.200129,-1.63826e-06,2.0011,-1.37521e-05,32000,32000,32000,32000
7.101,-0.5,0.2,2,-0.50028,3.44685e-06,0.200129,-1.63688e-06,2.0011,-1.37519e-05,32000,32000,32000,32000
7.102,-0.5,0.2,2,-0.50028,3.44923e-06,0.200129,-1.63551e-06,2.0011,-1.37518e-05,32000,32000,32000,32000
7.103,-0.5,0.2,2,-0.50028,3.45157e-06,0.200129,-1.63417e-06,2.0011,-1.37516e-05,32000,32000,32000,32000
7.104,-0.5,0.2,2,-0.50028,3.45388e-06,0.200129,-1.63285e-06,2.0011,-1.37514e-05,32000,32000,32000,32000
7.105,-0.5,0.2,2,-0.50028,3.45616e-06,0.200129,-1.63155e-06,2.0011,-1.37513e-05,32000,32000,32000,32000
7.106,-0.5,0.2,2,-0.50028,3.4584e-06,0.200129,-1.63027e-06,2.0011,-1.37511e-05,32000,32000,32000,32000
7.107,-0.5,0.2,2,-0.50028,3.4606e-06,0.200129,-1.62902e-06,2.0011,-1.37509e-05,32000,32000,32000,32000
7.108,-0.5,0.2,2,-0.50028,3.46276e-06,0.200129,-1.6278e-06,2.0011,-1.37507e-05,32000,32000,32000,32000
7.109,-0.5,0.2,2,-0.50028,3.46488e-06,0.200129,-1.6266e-06,2.0011,-1.37506e-05,32000,32000,32000,32000
7.11,-0.5,0.2,2,-0.50028,3.46696e-06,0.200129,-1.62542e-06,2.0011,-1.37504e-05,32000,32000,32000,32000
7.111,-0.5,0.2,2,-0.50028,3.46901e-06,0.200129,-1.62427e-06,2.0011,-1.37502e-05,32000,32000,32000,32000
7.112,-0.5,0.2,2,-0.50028,3.47101e-06,0.200129,-1.62314e-06,2.0011,-1.375e-05,32000,32000,32000,32000
7.113,-0.5,0.2,2,-0.50028,3.47297e-06,0.200129,-1.62204e-06,2.0011,-1.37499e-05,32000,32000,32000,32000
7.114,-0.5,0.2,2,-0.50028,3.47489e-06,0.200129,-1.62096e-06,2.0011,-1.37497e-05,32000,32000,32000,32000
7.115,-0.5,0.2,2,-0.50028,3.47676e-06,0.200129,-1.61991e-06,2.0011,-1.37495e-05,32000,32000,32000,32000
7.116,-0.5,0.2,2,-0.50028,3.4786e-06,0.200129,-1.61889e-06,2.0011,-1.37494e-05,32000,32000,32000,32000
7.117,-0.5,0.2,2,-0.50028,3.48039e-06,0.200129,-1.61789e-06,2.0011,-1.37492e-05,32000,32000,32000,32000
7.118,-0.5,0.2,2,-0.50028,3.48214e-06,0.200129,-1.61691e-06,2.0011,-1.3749e-05,32000,32000,32000,32000
7.119,-0.5,0.2,2,-0.50028,3.48384e-06,0.200129,-1.61596e-06,2.0011,-1.37488e-05,32000,32000,32000,32000
7.12,-0.5,0.2,2,-0.50028,3.48551e-06,0.200129,-1.61504e-06,2.0011,-1.37487e-05,32000,32000,32000,32000
7.121,-0.5,0.2,2,-0.50028,3.48713e-06,0.200129,-1.61414e-06,2.0011,-1.37485e-05,32000,32000,32000,32000
7.122,-0.5,0.2,2,-0.50028,3.4887e-06,0.200129,-1.61327e-06,2.0011,-1.37483e-05,32000,32000,32000,32000
7.123,-0.5,0.2,2,-0.50028,3.49023e-06,0.200129,-1.61243e-06,2.0011,-1.37482e-05,32000,32000,32000,32000
7.124,-0.5,0.2,2,-0.50028,3.49172e-06,0.200129,-1.6116e-06,2.0011,-1.3748e-05,32000,32000,32000,32000
7.125,-0.5,0.2,2,-0.50028,3.49317e-06,0.200129,-1.61081e-06,2.0011,-1.37478e-05,32000,32000,32000,32000
7.126,-0.5,0.2,2,-0.50028,3.49457e-06,0.200129,-1.61004e-06,2.0011,-1.37476e-05,32000,32000,32000,32000
7.127,-0.5,0.2,2,-0.50028,3.49593e-06,0.200129,-1.60929e-06,2.0011,-1.37475e-05,32000,32000,32000,32000
7.128,-0.5,0.2,2,-0.50028,3.49725e-06,0.200129,-1.60857e-06,2.0011,-1.37473e-05,32000,32000,32000,32000
7.129,-0.5,0.2,2,-0.50028,3.49852e-06,0.200129,-1.60787e-06,2.0011,-1.37471e-05,32000,32000,32000,32000
7.13,-0.5,0.2,2,-0.50028,3.49976e-06,0.200129,-1.6072e-06,2.0011,-1.3747e-05,32000,32000,32000,32000
7.131,-0.5,0.2,2,-0.50028,3.50095e-06,0.200129,-1.60655e-06,2.0011,-1.37468e-05,32000,32000,32000,32000
7.132,-0.5,0.2,2,-0.50028,3.50209e-06,0.200129,-1.60592e-06,2.0011,-1.37466e-05,32000,32000,32000,32000
7.133,-0.5,0.2,2,-0.50028,3.5032e-06,0.200129,-1.60532e-06,2.0011,-1.37464e-05,32000,32000,32000,32000
7.134,-0.5,0.2,2,-0.50028,3.50427e-06,0.200129,-1.60474e-06,2.0011,-1.37463e-05,32000,32000,32000,32000
7.135,-0.5,0.2,2,-0.50028,3.5053e-06,0.200129,-1.60419e-06,2.0011,-1.37461e-05,32000,32000,32000,32000
7.136,-0.5,0.2,2,-0.50028,3.50628e-06,0.200129,-1.60365e-06,2.0011,-1.37459e-05,32000,32000,32000,32000
7.137,-0.5,0.2,2,-0.50028,3.50723e-06,0.200129,-1.60314e-06,2.0011,-1.37457e-05,32000,32000,32000,32000
7.138,-0.5,0.2,2,-0.50028,3.50813e-06,0.200129,-1.60265e-06,2.0011,-1.37456e-05,32000,32000,32000,32000
7.139,-0.5,0.2,2,-0.50028,3.509e-06,0.200129,-1.60218e-06,2.0011,-1.37454e-05,32000,32000,32000,32000
7.14,-0.5,0.2,2,-0.50028,3.50983e-06,0.200129,-1.60174e-06,2.0011,-1.37452e-05,32000,32000,32000,32000
7.141,-0.5,0.2,2,-0.50028,3.51063e-06,0.200129,-1.60131e-06,2.0011,-1.37451e-05,32000,32000,32000,32000
7.142,-0.5,0.2,2,-0.50028,3.51138e-06,0.200129,-1.6009e-06,2.0011,-1.37449e-05,32000,32000,32000,32000
7.143,-0.5,0.2,2,-0.50028,3.5121e-06,0.200129,-1.60052e-06,2.0011,-1.37447e-05,32000,32000,32000,32000
7.144,-0.5,0.2,2,-0.50028,3.51279e-06,0.200129,-1.60015e-06,2.0011,-1.37445e-05,32000,32000,32000,32000
7.145,-0.5,0.2,2,-0.50028,3.51343e-06,0.200129,-1.59981e-06,2.0011,-1.37444e-05,32000,32000,32000,32000
7.146,-0.5,0.2,2,-0.50028,3.51405e-06,0.200129,-1.59948e-06,2.0011,-1.37442e-05,32000,32000,32000,32000
7.147,-0.5,0.2,2,-0.50028,3.51463e-06,0.200129,-1.59917e-06,2.0011,-1.3744e-05,32000,32000,32000,32000
7.148,-0.5,0.2,2,-0.50028,3.51517e-06,0.200129,-1.59888e-06,2.0011,-1.37439e-05,32000,32000,32000,32000
7.149,-0.5,0.2,2,-0.50028,3.51569e-06,0.200129,-1.59861e-06,2.0011,-1.37437e-05,32000,32000,32000,32000
7.15,-0.5,0.2,2,-0.50028,3.51617e-06,0.200129,-1.59835e-06,2.0011,-1.37435e-05,32000,32000,32000,32000
7.151,-0.5,0.2,2,-0.50028,3.51661e-06,0.200129,-1.59811e-06,2.0011,-1.37433e-05,32000,32000,32000,32000
7.152,-0.5,0.2,2,-0.50028,3.51703e-06,0.200129,-1.59789e-06,2.0011,-1.37432e-05,32000,32000,32000,32000
7.153,-0.5,0.2,2,-0.50028,3.51742e-06,0.200129,-1.59769e-06,2.0011,-1.3743e-05,32000,32000,32000,32000
7.154,-0.5,0.2,2,-0.50028,3.51778e-06,0.200129,-1.5975e-06,2.0011,-1.37428e-05,32000,32000,32000,32000
7.155,-0.5,0.2,2,-0.50028,3.51811e-06,0.200129,-1.59732e-06,2.0011,-1.37427e-05,32000,32000,32000,32000
7.156,-0.5,0.2,2,-0.50028,3.51841e-06,0.200129,-1.59716e-06,2.0011,-1.37425e-05,32000,32000,32000,32000
7.157,-0.5,0.2,2,-0.50028,3.51868e-06,0.200129,-1.59702e-06,2.0011,-1.37423e-05,32000,32000,32000,32000
7.158,-0.5,0.2,2,-0.50028,3.51893e-06,0.200129,-1.59689e-06,2.0011,-1.37421e-05,32000,32000,32000,32000
7.159,-0.5,0.2,2,-0.50028,3.51915e-06,0.200129,-1.59677e-06,2.0011,-1.3742e-05,32000,32000,32000,32000
7.16,-0.5,0.2,2,-0.50028,3.51935e-06,0.200129,-1.59667e-06,2.0011,-1.37418e-05,32000,32000,32000,32000
7.161,-0.5,0.2,2,-0.50028,3.51952e-06,0.200129,-1.59658e-06,2.0011,-1.37416e-05,32000,32000,32000,32000
7.162,-0.5,0.2,2,-0.50028,3.51966e-06,0.200129,-1.5965e-06,2.0011,-1.37415e-05,32000,32000,32000,32000
7.163,-0.5,0.2,2,-0.50028,3.51979e-06,0.200129,-1.59644e-06,2.0011,-1.37413e-05,32000,32000,32000,32000
7.164,-0.5,0.2,2,-0.50028,3.51989e-06,0.200129,-1.59638e-06,2.0011,-1.37411e-05,32000,32000,32000,32000
7.165,-0.5,0.2,2,-0.50028,3.51996e-06,0.200129,-1.59634e-06,2.0011,-1.37409e-05,32000,32000,32000,32000
7.166,-0.5,0.2,2,-0.50028,3.52002e-06,0.200129,-1.59631e-06,2.0011,-1.37408e-05,32000,32000,32000,32000
7.167,-0.5,0.2,2,-0.50028,3.52006e-06,0.200129,-1.59629e-06,2.0011,-1.37406e-05,32000,32000,32000,32000
7.168,-0.5,0.2,2,-0.50028,3.52007e-06,0.200129,-1.59628e-06,2.0011,-1.37404e-05,32000,32000,32000,32000
7.169,-0.5,0.2,2,-0.50028,3.52007e-06,0.200129,-1.59628e-06,2.0011,-1.37402e-05,32000,32000,32000,32000
7.17,-0.5,0.2,2,-0.50028,3.52005e-06,0.200128,-1.59629e-06,2.0011,-1.37401e-05,32000,32000,32000,32000
7.171,-0.5,0.2,2,-0.50028,3.52001e-06,0.200128,-1.59631e-06,2.0011,-1.37399e-05,32000,32000,32000,32000
7.172,-0.5,0.2,2,-0.50028,3.51995e-06,0.200128,-1.59633e-06,2.0011,-1.37397e-05,32000,32000,32000,32000
7.173,-0.5,0.2,2,-0.50028,3.51987e-06,0.200128,-1.59637e-06,2.0011,-1.37396e-05,32000,32000,32000,32000
7.174,-0.5,0.2,2,-0.50028,3.51978e-06,0.200128,-1.59641e-06,2.0011,-1.37394e-05,32000,32000,32000,32000
7.175,-0.5,0.2,2,-0.50028,3.51968e-06,0.200128,-1.59646e-06,2.0011,-1.37392e-05,32000,32000,32000,32000
7.176,-0.5,0.2,2,-0.50028,3.51955e-06,0.200128,-1.59652e-06,2.0011,-1.3739e-05,32000,32000,32000,32000
7.177,-0.5,0.2,2,-0.50028,3.51942e-06,0.200128,-1.59659e-06,2.0011,-1.37389e-05,32000,32000,32000,32000
7.178,-0.5,0.2,2,-0.50028,3.51927e-06,0.200128,-1.59666e-06,2.0011,-1.37387e-05,32000,32000,32000,32000
7.179,-0.5,0.2,2,-0.50028,3.51911e-06,0.200128,-1.59674e-06,2.0011,-1.37385e-05,32000,32000,32000,32000
7.18,-0.5,0.2,2,-0.50028,3.51893e-06,0.200128,-1.59683e-06,2.0011,-1.37384e-05,32000,32000,32000,32000
7.181,-0.5,0.2,2,-0.50028,3.51874e-06,0.200128,-1.59692e-06,2.0011,-1.37382e-05,32000,32000,32000,32000
7.182,-0.5,0.2,2,-0.50028,3.51854e-06,0.200128,-1.59701e-06,2.0011,-1.3738e-05,32000,32000,32000,32000
7.183,-0.5,0.2,2,-0.50028,3.51833e-06,0.200128,-1.59711e-06,2.0011,-1.37378e-05,32000,32000,32000,32000
7.184,-0.5,0.2,2,-0.50028,3.51811e-06,0.200128,-1.59722e-06,2.0011,-1.37377e-05,32000,32000,32000,32000
7.185,-0.5,0.2,2,-0.50028,3.51788e-06,0.200128,-1.59733e-06,2.0011,-1.37375e-05,32000,32000,32000,32000
7.186,-0.5,0.2,2,-0.50028,3.51764e-06,0.200128,-1.59745e-06,2.0011,-1.37373e-05,32000,32000,32000,32000
7.187,-0.5,0.2,2,-0.50028,3.5174e-06,0.200128,-1.59756e-06,2.0011,-1.37372e-05,32000,32000,32000,32000
7.188,-0.5,0.2,2,-0.50028,3.51714e-06,0.200128,-1.59769e-06,2.0011,-1.3737e-05,32000,32000,32000,32000
7.189,-0.5,0.2,2,-0.50028,3.51688e-06,0.200128,-1.59781e-06,2.0011,-1.37368e-05,32000,32000,32000,32000
7.19,-0.5,0.2,2,-0.50028,3.5166e-06,0.200128,-1.59794e-06,2.0011,-1.37366e-05,32000,32000,32000,32000
7.191,-0.5,0.2,2,-0.50028,3.51633e-06,0.200128,-1.59808e-06,2.0011,-1.37365e-05,32000,32000,32000,32000
7.192,-0.5,0.2,2,-0.50028,3.51604e-06,0.200128,-1.59821e-06,2.0011,-1.37363e-05,32000,32000,32000,32000
7.193,-0.5,0.2,2,-0.50028,3.51575e-06,0.200128,-1.59835e-06,2.0011,-1.37361e-05,32000,32000,32000,32000
7.194,-0.5,0.2,2,-0.50028,3.51546e-06,0.200128,-1.59849e-06,2.0011,-1.3736e-05,32000,32000,32000,32000
7.195,-0.5,0.2,2,-0.50028,3.51516e-06,0.200128,-1.59863e-06,2.0011,-1.37358e-05,32000,32000,32000,32000
7.196,-0.5,0.2,2,-0.50028,3.51485e-06,0.200128,-1.59877e-06,2.0011,-1.37356e-05,32000,32000,32000,32000
7.197,-0.5,0.2,2,-0.50028,3.51454e-06,0.200128,-1.59892e-06,2.0011,-1.37354e-05,32000,32000,32000,32000
7.198,-0.5,0.2,2,-0.50028,3.51423e-06,0.200128,-1.59906e-06,2.0011,-1.37353e-05,32000,32000,32000,32000
7.199,-0.5,0.2,2,-0.50028,3.51391e-06,0.200128,-1.59921e-06,2.0011,-1.37351e-05,32000,32000,32000,32000
7.2,-0.5,0.2,2,-0.50028,3.51359e-06,0.200128,-1.59936e-06,2.0011,-1.37349e-05,32000,32000,32000,32000
7.201,-0.5,0.2,2,-0.50028,3.51327e-06,0.200128,-1.59951e-06,2.0011,-1.37348e-05,32000,32000,32000,32000
7.202,-0.5,0.2,2,-0.50028,3.51295e-06,0.200128,-1.59966e-06,2.0011,-1.37346e-05,32000,32000,32000,32000
7.203,-0.5,0.2,2,-0.50028,3.51262e-06,0.200128,-1.5998e-06,2.0011,-1.37344e-05,32000,32000,32000,32000
7.204,-0.5,0.2,2,-0.50028,3.51229e-06,0.200128,-1.59995e-06,2.0011,-1.37342e-05,32000,32000,32000,32000
7.205,-0.5,0.2,2,-0.50028,3.51196e-06,0.200128,-1.6001e-06,2.0011,-1.37341e-05,32000,32000,32000,32000
7.206,-0.5,0.2,2,-0.50028,3.51163e-06,0.200128,-1.60025e-06,2.0011,-1.37339e-05,32000,32000,32000,32000
7.207,-0.5,0.2,2,-0.50028,3.5113e-06,0.200128,-1.6004e-06,2.0011,-1.37337e-05,32000,32000,32000,32000
7.208,-0.5,0.2,2,-0.50028,3.51097e-06,0.200128,-1.60055e-06,2.0011,-1.37335e-05,32000,32000,32000,32000
7.209,-0.5,0.2,2,-0.50028,3.51064e-06,0.200128,-1.6007e-06,2.0011,-1.37334e-05,32000,32000,32000,32000
7.21,-0.5,0.2,2,-0.50028,3.51031e-06,0.200128,-1.60085e-06,2.0011,-1.37332e-05,32000,32000,32000,32000
7.211,-0.5,0.2,2,-0.50028,3.50998e-06,0.200128,-1.60099e-06,2.0011,-1.3733e-05,32000,32000,32000,32000
7.212,-0.5,0.2,2,-0.50028,3.50965e-06,0.200128,-1.60114e-06,2.0011,-1.37329e-05,32000,32000,32000,32000
7.213,-0.5,0.2,2,-0.50028,3.50932e-06,0.200128,-1.60128e-06,2.0011,-1.37327e-05,32000,32000,32000,32000
7.214,-0.5,0.2,2,-0.50028,3.50899e-06,0.200128,-1.60143e-06,2.0011,-1.37325e-05,32000,32000,32000,32000
7.215,-0.5,0.2,2,-0.50028,3.50867e-06,0.200128,-1.60157e-06,2.0011,-1.37323e-05,32000,32000,32000,32000
7.216,-0.5,0.2,2,-0.50028,3.50834e-06,0.200128,-1.60171e-06,2.0011,-1.37322e-05,32000,32000,32000,32000
7.217,-0.5,0.2,2,-0.50028,3.50802e-06,0.200128,-1.60185e-06,2.0011,-1.3732e-05,32000,32000,32000,32000
7.218,-0.5,0.2,2,-0.50028,3.5077e-06,0.200128,-1.60198e-06,2.0011,-1.37318e-05,32000,32000,32000,32000
7.219,-0.5,0.2,2,-0.50028,3.50738e-06,0.200128,-1.60212e-06,2.0011,-1.37317e-05,32000,32000,32000,32000
7.22,-0.5,0.2,2,-0.50028,3.50707e-06,0.200128,-1.60225e-06,2.0011,-1.37315e-05,32000,32000,32000,32000
7.221,-0.5,0.2,2,-0.50028,3.50676e-06,0.200128,-1.60238e-06,2.0011,-1.37313e-05,32000,32000,32000,32000
7.222,-0.5,0.2,2,-0.50028,3.50645e-06,0.200128,-1.60251e-06,2.0011,-1.37311e-05,32000,32000,32000,32000
7.223,-0.5,0.2,2,-0.50028,3.50614e-06,0.200128,-1.60264e-06,2.0011,-1.3731e-05,32000,32000,32000,32000
7.224,-0.5,0.2,2,-0.50028,3.50584e-06,0.200128,-1.60277e-06,2.0011,-1.37308e-05,32000,32000,32000,32000
7.225,-0.5,0.2,2,-0.50028,3.50553e-06,0.200128,-1.60289e-06,2.0011,-1.37306e-05,32000,32000,32000,32000
7.226,-0.5,0.2,2,-0.50028,3.50524e-06,0.200128,-1.60301e-06,2.0011,-1.37305e-05,32000,32000,32000,32000
7.227,-0.5,0.2,2,-0.50028,3.50494e-06,0.200128,-1.60313e-06,2.0011,-1.37303e-05,32000,32000,32000,32000
7.228,-0.5,0.2,2,-0.50028,3.50465e-06,0.200128,-1.60325e-06,2.0011,-1.37301e-05,32000,32000,32000,32000
7.229,-0.5,0.2,2,-0.50028,3.50437e-06,0.200128,-1.60336e-06,2.0011,-1.37299e-05,32000,32000,32000,32000
7.23,-0.5,0.2,2,-0.50028,3.50408e-06,0.200128,-1.60347e-06,2.0011,-1.37298e-05,32000,32000,32000,32000
7.231,-0.5,0.2,2,-0.50028,3.5038e-06,0.200128,-1.60358e-06,2.0011,-1.37296e-05,32000,32000,32000,32000
7.232,-0.5,0.2,2,-0.50028,3.50353e-06,0.200128,-1.60369e-06,2.0011,-1.37294e-05,32000,32000,32000,32000
7.233,-0.5,0.2,2,-0.50028,3.50326e-06,0.200128,-1.60379e-06,2.0011,-1.37293e-05,32000,32000,32000,32000
7.234,-0.5,0.2,2,-0.50028,3.50299e-06,0.200128,-1.60389e-06,2.0011,-1.37291e-05,32000,32000,32000,32000
7.235,-0.5,0.2,2,-0.50028,3.50273e-06,0.200128,-1.60399e-06,2.0011,-1.37289e-05,32000,32000,32000,32000
7.236,-0.5,0.2,2,-0.50028,3.50247e-06,0.200128,-1.60409e-06,2.0011,-1.37287e-05,32000,32000,32000,32000
7.237,-0.5,0.2,2,-0.50028,3.50222e-06,0.200128,-1.60418e-06,2.0011,-1.37286e-05,32000,32000,32000,32000
7.238,-0.5,0.2,2,-0.50028,3.50197e-06,0.200128,-1.60427e-06,2.0011,-1.37284e-05,32000,32000,32000,32000
7.239,-0.5,0.2,2,-0.50028,3.50172e-06,0.200128,-1.60436e-06,2.0011,-1.37282e-05,32000,32000,32000,32000
7.24,-0.5,0.2,2,-0.50028,3.50148e-06,0.200128,-1.60445e-06,2.0011,-1.37281e-05,32000,32000,32000,32000
7.241,-0.5,0.2,2,-0.50028,3.50124e-06,0.200128,-1.60453e-06,2.0011,-1.37279e-05,32000,32000,32000,32000
7.242,-0.5,0.2,2,-0.50028,3.50101e-06,0.200128,-1.60461e-06,2.0011,-1.37277e-05,32000,32000,32000,32000
7.243,-0.5,0.2,2,-0.50028,3.50078e-06,0.200128,-1.60469e-06,2.0011,-1.37275e-05,32000,32000,32000,32000
7.244,-0.5,0.2,2,-0.50028,3.50056e-06,0.200128,-1.60476e-06,2.0011,-1.37274e-05,32000,32000,32000,32000
7.245,-0.5,0.2,2,-0.50028,3.50034e-06,0.200128,-1.60483e-06,2.0011,-1.37272e-05,32000,32000,32000,32000
7.246,-0.5,0.2,2,-0.50028,3.50013e-06,0.200128,-1.6049e-06,2.0011,-1.3727e-05,32000,32000,32000,32000
7.247,-0.5,0.2,2,-0.50028,3.49992e-06,0.200128,-1.60497e-06,2.0011,-1.37269e-05,32000,32000,32000,32000
7.248,-0.5,0.2,2,-0.50028,3.49972e-06,0.200128,-1.60503e-06,2.0011,-1.37267e-05,32000,32000,32000,32000
7.249,-0.5,0.2,2,-0.50028,3.49951e-06,0.200128,-1.6051e-06,2.0011,-1.37265e-05,32000,32000,32000,32000
7.25,-0.5,0.2,2,-0.50028,3.49932e-06,0.200128,-1.60515e-06,2.0011,-1.37263e-05,32000,32000,32000,32000
7.251,-0.5,0.2,2,-0.50028,3.49913e-06,0.200128,-1.60521e-06,2.0011,-1.37262e-05,32000,32000,32000,32000
7.252,-0.5,0.2,2,-0.50028,3.49894e-06,0.200128,-1.60526e-06,2.0011,-1.3726e-05,32000,32000,32000,32000
7.253,-0.5,0.2,2,-0.50028,3.49876e-06,0.200128,-1.60532e-06,2.0011,-1.37258e-05,32000,32000,32000,32000
7.254,-0.5,0.2,2,-0.50028,3.49858e-06,0.200128,-1.60536e-06,2.0011,-1.37257e-05,32000,32000,32000,32000
7.255,-0.5,0.2,2,-0.50028,3.49841e-06,0.200128,-1.60541e-06,2.0011,-1.37255e-05,32000,32000,32000,32000
7.256,-0.5,0.2,2,-0.50028,3.49824e-06,0.200128,-1.60545e-06,2.0011,-1.37253e-05,32000,32000,32000,32000
7.257,-0.5,0.2,2,-0.50028,3.49807e-06,0.200128,-1.6055e-06,2.0011,-1.37251e-05,32000,32000,32000,32000
7.258,-0.5,0.2,2,-0.50028,3.49791e-06,0.200128,-1.60553e-06,2.0011,-1.3725e-05,32000,32000,32000,32000
7.259,-0.5,0.2,2,-0.50028,3.49775e-06,0.200128,-1.60557e-06,2.0011,-1.37248e-05,32000,32000,32000,32000
7.26,-0.5,0.2,2,-0.50028,3.4976e-06,0.200128,-1.6056e-06,2.0011,-1.37246e-05,32000,32000,32000,32000
7.261,-0.5,0.2,2,-0.50028,3.49745e-06,0.200128,-1.60564e-06,2.0011,-1.37245e-05,32000,32000,32000,32000
7.262,-0.5,0.2,2,-0.50028,3.49731e-06,0.200128,-1.60567e-06,2.0011,-1.37243e-05,32000,32000,32000,32000
7.263,-0.5,0.2,2,-0.50028,3.49717e-06,0.200128,-1.60569e-06,2.0011,-1.37241e-05,32000,32000,32000,32000
7.264,-0.5,0.2,2,-0.50028,3.49703e-06,0.200128,-1.60572e-06,2.0011,-1.37239e-05,32000,32000,32000,32000
7.265,-0.5,0.2,2,-0.50028,3.4969e-06,0.200128,-1.60574e-06,2.0011,-1.37238e-05,32000,32000,32000,32000
7.266,-0.5,0.2,2,-0.50028,3.49677e-06,0.200128,-1.60576e-06,2.0011,-1.37236e-05,32000,32000,32000,32000
7.267,-0.5,0.2,2,-0.50028,3.49665e-06,0.200128,-1.60578e-06,2.0011,-1.37234e-05,32000,32000,32000,32000
7.268,-0.5,0.2,2,-0.50028,3.49653e-06,0.200128,-1.6058e-06,2.0011,-1.37232e-05,32000,32000,32000,32000
7.269,-0.5,0.2,2,-0.50028,3.49641e-06,0.200128,-1.60581e-06,2.0011,-1.37231e-05,32000,32000,32000,32000
7.27,-0.5,0.2,2,-0.50028,3.4963e-06,0.200128,-1.60582e-06,2.0011,-1.37229e-05,32000,32000,32000,32000
7.271,-0.5,0.2,2,-0.50028,3.49619e-06,0.200128,-1.60584e-06,2.0011,-1.37227e-05,32000,32000,32000,32000
7.272,-0.5,0.2,2,-0.50028,3.49608e-06,0.200128,-1.60584e-06,2.0011,-1.37226e-05,32000,32000,32000,32000
7.273,-0.5,0.2,2,-0.50028,3.49598e-06,0.200128,-1.60585e-06,2.0011,-1.37224e-05,32000,32000,32000,32000
7.274,-0.5,0.2,2,-0.50028,3.49588e-06,0.200128,-1.60586e-06,2.0011,-1.37222e-05,32000,32000,32000,32000
7.275,-0.5,0.2,2,-0.50028,3.49578e-06,0.200128,-1.60586e-06,2.0011,-1.3722e-05,32000,32000,32000,32000
7.276,-0.5,0.2,2,-0.50028,3.49569e-06,0.200128,-1.60586e-06,2.0011,-1.37219e-05,32000,32000,32000,32000
7.277,-0.5,0.2,2,-0.50028,3.4956e-06,0.200128,-1.60586e-06,2.0011,-1.37217e-05,32000,32000,32000,32000
7.278,-0.5,0.2,2,-0.50028,3.49552e-06,0.200128,-1.60586e-06,2.0011,-1.37215e-05,32000,32000,32000,32000
7.279,-0.5,0.2,2,-0.50028,3.49543e-06,0.200128,-1.60585e-06,2.0011,-1.37214e-05,32000,32000,32000,32000
7.28,-0.5,0.2,2,-0.50028,3.49535e-06,0.200128,-1.60585e-06,2.0011,-1.37212e-05,32000,32000,32000,32000
7.281,-0.5,0.2,2,-0.50028,3.49527e-06,0.200128,-1.60584e-06,2.0011,-1.3721e-05,32000,32000,32000,32000
7.282,-0.5,0.2,2,-0.50028,3.4952e-06,0.200128,-1.60583e-06,2.0011,-1.37208e-05,32000,32000,32000,32000
7.283,-0.5,0.2,2,-0.50028,3.49513e-06,0.200128,-1.60582e-06,2.0011,-1.37207e-05,32000,32000,32000,32000
7.284,-0.5,0.2,2,-0.50028,3.49506e-06,0.200128,-1.60581e-06,2.0011,-1.37205e-05,32000,32000,32000,32000
7.285,-0.5,0.2,2,-0.50028,3.49499e-06,0.200128,-1.6058e-06,2.0011,-1.37203e-05,32000,32000,32000,32000
7.286,-0.5,0.2,2,-0.50028,3.49493e-06,0.200128,-1.60579e-06,2.0011,-1.37202e-05,32000,32000,32000,32000
7.287,-0.5,0.2,2,-0.50028,3.49487e-06,0.200128,-1.60577e-06,2.0011,-1.372e-05,32000,32000,32000,32000
7.288,-0.5,0.2,2,-0.50028,3.49481e-06,0.200128,-1.60576e-06,2.0011,-1.37198e-05,32000,32000,32000,32000
7.289,-0.5,0.2,2,-0.50028,3.49475e-06,0.200128,-1.60574e-06,2.0011,-1.37196e-05,32000,32000,32000,32000
7.29,-0.5,0.2,2,-0.50028,3.49469e-06,0.200128,-1.60572e-06,2.0011,-1.37195e-05,32000,32000,32000,32000
7.291,-0.5,0.2,2,-0.50028,3.49464e-06,0.200128,-1.6057e-06,2.0011,-1.37193e-05,32000,32000,32000,32000
7.292,-0.5,0.2,2,-0.50028,3.49459e-06,0.200128,-1.60568e-06,2.0011,-1.37191e-05,32000,32000,32000,32000
7.293,-0.5,0.2,2,-0.50028,3.49454e-06,0.200128,-1.60566e-06,2.0011,-1.3719e-05,32000,32000,32000,32000
7.294,-0.5,0.2,2,-0.50028,3.4945e-06,0.200128,-1.60563e-06,2.0011,-1.37188e-05,32000,32000,32000,32000
7.295,-0.5,0.2,2,-0.50028,3.49445e-06,0.200128,-1.60561e-06,2.0011,-1.37186e-05,32000,32000,32000,32000
7.296,-0.5,0.2,2,-0.50028,3.49441e-06,0.200128,-1.60559e-06,2.0011,-1.37184e-05,32000,32000,32000,32000
7.297,-0.5,0.2,2,-0.50028,3.49437e-06,0.200128,-1.60556e-06,2.0011,-1.37183e-05,32000,32000,32000,32000
7.298,-0.5,0.2,2,-0.50028,3.49433e-06,0.200128,-1.60553e-06,2.0011,-1.37181e-05,32000,32000,32000,32000
7.299,-0.5,0.2,2,-0.50028,3.49429e-06,0.200128,-1.60551e-06,2.0011,-1.37179e-05,32000,32000,32000,32000
7.3,-0.5,0.2,2,-0.50028,3.49425e-06,0.200128,-1.60548e-06,2.0011,-1.37178e-05,32000,32000,32000,32000
7.301,-0.5,0.2,2,-0.50028,3.49422e-06,0.200128,-1.60545e-06,2.0011,-1.37176e-05,32000,32000,32000,32000
7.302,-0.5,0.2,2,-0.50028,3.49419e-06,0.200128,-1.60542e-06,2.0011,-1.37174e-05,32000,32000,32000,32000
7.303,-0.5,0.2,2,-0.50028,3.49416e-06,0.200128,-1.60539e-06,2.0011,-1.37172e-05,32000,32000,32000,32000
7.304,-0.5,0.2,2,-0.50028,3.49413e-06,0.200128,-1.60536e-06,2.0011,-1.37171e-05,32000,32000,32000,32000
7.305,-0.5,0.2,2,-0.50028,3.4941e-06,0.200128,-1.60533e-06,2.0011,-1.37169e-05,32000,32000,32000,32000
7.306,-0.5,0.2,2,-0.50028,3.49407e-06,0.200128,-1.6053e-06,2.0011,-1.37167e-05,32000,32000,32000,32000
7.307,-0.5,0.2,2,-0.50028,3.49404e-06,0.200128,-1.60526e-06,2.0011,-1.37166e-05,32000,32000,32000,32000
7.308,-0.5,0.2,2,-0.50028,3.49402e-06,0.200128,-1.60523e-06,2.0011,-1.37164e-05,32000,32000,32000,32000
7.309,-0.5,0.2,2,-0.50028,3.49399e-06,0.200128,-1.6052e-06,2.0011,-1.37162e-05,32000,32000,32000,32000
7.31,-0.5,0.2,2,-0.50028,3.49397e-06,0.200128,-1.60516e-06,2.0011,-1.3716e-05,32000,32000,32000,32000
7.311,-0.5,0.2,2,-0.50028,3.49395e-06,0.200128,-1.60513e-06,2.0011,-1.37159e-05,32000,32000,32000,32000
7.312,-0.5,0.2,2,-0.50028,3.49392e-06,0.200128,-1.60509e-06,2.0011,-1.37157e-05,32000,32000,32000,32000
7.313,-0.5,0.2,2,-0.50028,3.4939e-06,0.200128,-1.60506e-06,2.0011,-1.37155e-05,32000,32000,32000,32000
7.314,-0.5,0.2,2,-0.50028,3.49388e-06,0.200128,-1.60502e-06,2.0011,-1.37154e-05,32000,32000,32000,32000
7.315,-0.5,0.2,2,-0.50028,3.49386e-06,0.200128,-1.60499e-06,2.0011,-1.37152e-05,32000,32000,32000,32000
7.316,-0.5,0.2,2,-0.50028,3.49384e-06,0.200128,-1.60495e-06,2.0011,-1.3715e-05,32000,32000,32000,32000
7.317,-0.5,0.2,2,-0.50028,3.49383e-06,0.200128,-1.60491e-06,2.0011,-1.37148e-05,32000,32000,32000,32000
7.318,-0.5,0.2,2,-0.500279,3.49381e-06,0.200128,-1.60488e-06,2.0011,-1.37147e-05,32000,32000,32000,32000
7.319,-0.5,0.2,2,-0.500279,3.49379e-06,0.200128,-1.60484e-06,2.0011,-1.37145e-05,32000,32000,32000,32000
7.32,-0.5,0.2,2,-0.500279,3.49378e-06,0.200128,-1.6048e-06,2.0011,-1.37143e-05,32000,32000,32000,32000
7.321,-0.5,0.2,2,-0.500279,3.49376e-06,0.200128,-1.60477e-06,2.0011,-1.37142e-05,32000,32000,32000,32000
7.322,-0.5,0.2,2,-0.500279,3.49374e-06,0.200128,-1.60473e-06,2.0011,-1.3714e-05,32000,32000,32000,32000
7.323,-0.5,0.2,2,-0.500279,3.49373e-06,0.200128,-1.60469e-06,2.0011,-1.37138e-05,32000,32000,32000,32000
7.324,-0.5,0.2,2,-0.500279,3.49371e-06,0.200128,-1.60465e-06,2.0011,-1.37136e-05,32000,32000,32000,32000
7.325,-0.5,0.2,2,-0.500279,3.4937e-06,0.200128,-1.60462e-06,2.0011,-1.37135e-05,32000,32000,32000,32000
7.326,-0.5,0.2,2,-0.500279,3.49368e-06,0.200128,-1.60458e-06,2.0011,-1.37133e-05,32000,32000,32000,32000
7.327,-0.5,0.2,2,-0.500279,3.49367e-06,0.200128,-1.60454e-06,2.0011,-1.37131e-05,32000,32000,32000,32000
7.328,-0.5,0.2,2,-0.500279,3.49366e-06,0.200128,-1.6045e-06,2.0011,-1.3713e-05,32000,32000,32000,32000
7.329,-0.5,0.2,2,-0.500279,3.49364e-06,0.200128,-1.60446e-06,2.0011,-1.37128e-05,32000,32000,32000,32000
7.33,-0.5,0.2,2,-0.500279,3.49363e-06,0.200128,-1.60443e-06,2.0011,-1.37126e-05,32000,32000,32000,32000
7.331,-0.5,0.2,2,-0.500279,3.49361e-06,0.200128,-1.60439e-06,2.0011,-1.37124e-05,32000,32000,32000,32000
7.332,-0.5,0.2,2,-0.500279,3.4936e-06,0.200128,-1.60435e-06,2.0011,-1.37123e-05,32000,32000,32000,32000
7.333,-0.5,0.2,2,-0.500279,3.49359e-06,0.200128,-1.60431e-06,2.0011,-1.37121e-05,32000,32000,32000,32000
7.334,-0.5,0.2,2,-0.500279,3.49357e-06,0.200128,-1.60428e-06,2.0011,-1.37119e-05,32000,32000,32000,32000
7.335,-0.5,0.2,2,-0.500279,3.49356e-06,0.200128,-1.60424e-06,2.0011,-1.37118e-05,32000,32000,32000,32000
7.336,-0.5,0.2,2,-0.500279,3.49354e-06,0.200128,-1.6042e-06,2.0011,-1.37116e-05,32000,32000,32000,32000
7.337,-0.5,0.2,2,-0.500279,3.49353e-06,0.200128,-1.60416e-06,2.0011,-1.37114e-05,32000,32000,32000,32000
7.338,-0.5,0.2,2,-0.500279,3.49352e-06,0.200128,-1.60413e-06,2.0011,-1.37112e-05,32000,32000,32000,32000
7.339,-0.5,0.2,2,-0.500279,3.4935e-06,0.200128,-1.60409e-06,2.0011,-1.37111e-05,32000,32000,32000,32000
7.34,-0.5,0.2,2,-0.500279,3.49349e-06,0.200128,-1.60405e-06,2.0011,-1.37109e-05,32000,32000,32000,32000
7.341,-0.5,0.2,2,-0.500279,3.49347e-06,0.200128,-1.60402e-06,2.0011,-1.37107e-05,32000,32000,32000,32000
7.342,-0.5,0.2,2,-0.500279,3.49346e-06,0.200128,-1.60398e-06,2.0011,-1.37106e-05,32000,32000,32000,32000
7.343,-0.5,0.2,2,-0.500279,3.49344e-06,0.200128,-1.60394e-06,2.0011,-1.37104e-05,32000,32000,32000,32000
7.344,-0.5,0.2,2,-0.500279,3.49343e-06,0.200128,-1.60391e-06,2.0011,-1.37102e-05,32000,32000,32000,32000
7.345,-0.5,0.2,2,-0.500279,3.49341e-06,0.200128,-1.60387e-06,2.0011,-1.371e-05,32000,32000,32000,32000
7.346,-0.5,0.2,2,-0.500279,3.4934e-06,0.200128,-1.60384e-06,2.0011,-1.37099e-05,32000,32000,32000,32000
7.347,-0.5,0.2,2,-0.500279,3.49338e-06,0.200128,-1.6038e-06,2.0011,-1.37097e-05,32000,32000,32000,32000
7.348,-0.5,0.2,2,-0.500279,3.49336e-06,0.200128,-1.60377e-06,2.0011,-1.37095e-05,32000,32000,32000,32000
7.349,-0.5,0.2,2,-0.500279,3.49335e-06,0.200128,-1.60373e-06,2.0011,-1.37094e-05,32000,32000,32000,32000
7.35,-0.5,0.2,2,-0.500279,3.49333e-06,0.200128,-1.6037e-06,2.0011,-1.37092e-05,32000,32000,32000,32000
7.351,-0.5,0.2,2,-0.500279,3.49331e-06,0.200128,-1.60366e-06,2.0011,-1.3709e-05,32000,32000,32000,32000
7.352,-0.5,0.2,2,-0.500279,3.4933e-06,0.200128,-1.60363e-06,2.0011,-1.37088e-05,32000,32000,32000,32000
7.353,-0.5,0.2,2,-0.500279,3.49328e-06,0.200128,-1.60359e-06,2.0011,-1.37087e-05,32000,32000,32000,32000
7.354,-0.5,0.2,2,-0.500279,3.49326e-06,0.200128,-1.60356e-06,2.0011,-1.37085e-05,32000,32000,32000,32000
7.355,-0.5,0.2,2,-0.500279,3.49324e-06,0.200128,-1.60352e-06,2.0011,-1.37083e-05,32000,32000,32000,32000
7.356,-0.5,0.2,2,-0.500279,3.49322e-06,0.200128,-1.60349e-06,2.0011,-1.37082e-05,32000,32000,32000,32000
7.357,-0.5,0.2,2,-0.500279,3.4932e-06,0.200128,-1.60346e-06,2.0011,-1.3708e-05,32000,32000,32000,32000
7.358,-0.5,0.2,2,-0.500279,3.49318e-06,0.200128,-1.60343e-06,2.0011,-1.37078e-05,32000,32000,32000,32000
7.359,-0.5,0.2,2,-0.500279,3.49316e-06,0.200128,-1.60339e-06,2.0011,-1.37076e-05,32000,32000,32000,32000
7.36,-0.5,0.2,2,-0.500279,3.49314e-06,0.200128,-1.60336e-06,2.0011,-1.37075e-05,32000,32000,32000,32000
7.361,-0.5,0.2,2,-0.500279,3.49312e-06,0.200128,-1.60333e-06,2.0011,-1.37073e-05,32000,32000,32000,32000
7.362,-0.5,0.2,2,-0.500279,3.49309e-06,0.200128,-1.6033e-06,2.0011,-1.37071e-05,32000,32000,32000,32000
7.363,-0.5,0.2,2,-0.500279,3.49307e-06,0.200128,-1.60327e-06,2.0011,-1.3707e-05,32000,32000,32000,32000
7.364,-0.5,0.2,2,-0.500279,3.49305e-06,0.200128,-1.60323e-06,2.0011,-1.37068e-05,32000,32000,32000,32000
7.365,-0.5,0.2,2,-0.500279,3.49302e-06,0.200128,-1.6032e-06,2.0011,-1.37066e-05,32000,32000,32000,32000
7.366,-0.5,0.2,2,-0.500279,3.493e-06,0.200128,-1.60317e-06,2.0011,-1.37064e-05,32000,32000,32000,32000
7.367,-0.5,0.2,2,-0.500279,3.49298e-06,0.200128,-1.60314e-06,2.0011,-1.37063e-05,32000,32000,32000,32000
7.368,-0.5,0.2,2,-0.500279,3.49295e-06,0.200128,-1.60311e-06,2.0011,-1.37061e-05,32000,32000,32000,32000
7.369,-0.5,0.2,2,-0.500279,3.49293e-06,0.200128,-1.60308e-06,2.0011,-1.37059e-05,32000,32000,32000,32000
7.37,-0.5,0.2,2,-0.500279,3.4929e-06,0.200128,-1.60305e-06,2.0011,-1.37058e-05,32000,32000,32000,32000
7.371,-0.5,0.2,2,-0.500279,3.49287e-06,0.200128,-1.60302e-06,2.0011,-1.37056e-05,32000,32000,32000,32000
7.372,-0.5,0.2,2,-0.500279,3.49285e-06,0.200128,-1.603e-06,2.0011,-1.37054e-05,32000,32000,32000,32000
7.373,-0.5,0.2,2,-0.500279,3.49282e-06,0.200128,-1.60297e-06,2.0011,-1.37052e-05,32000,32000,32000,32000
7.374,-0.5,0.2,2,-0.500279,3.49279e-06,0.200128,-1.60294e-06,2.0011,-1.37051e-05,32000,32000,32000,32000
7.375,-0.5,0.2,2,-0.500279,3.49276e-06,0.200128,-1.60291e-06,2.0011,-1.37049e-05,32000,32000,32000,32000
7.376,-0.5,0.2,2,-0.500279,3.49274e-06,0.200128,-1.60288e-06,2.0011,-1.37047e-05,32000,32000,32000,32000
7.377,-0.5,0.2,2,-0.500279,3.49271e-06,0.200128,-1.60286e-06,2.0011,-1.37046e-05,32000,32000,32000,32000
7.378,-0.5,0.2,2,-0.500279,3.49268e-06,0.200128,-1.60283e-06,2.0011,-1.37044e-05,32000,32000,32000,32000
7.379,-0.5,0.2,2,-0.500279,3.49265e-06,0.200128,-1.6028e-06,2.0011,-1.37042e-05,32000,32000,32000,32000
7.38,-0.5,0.2,2,-0.500279,3.49262e-06,0.200128,-1.60277e-06,2.0011,-1.3704e-05,32000,32000,32000,32000
7.381,-0.5,0.2,2,-0.500279,3.49259e-06,0.200128,-1.60275e-06,2.0011,-1.37039e-05,32000,32000,32000,32000
7.382,-0.5,0.2,2,-0.500279,3.49255e-06,0.200128,-1.60272e-06,2.0011,-1.37037e-05,32000,32000,32000,32000
7.383,-0.5,0.2,2,-0.500279,3.49252e-06,0.200128,-1.6027e-06,2.0011,-1.37035e-05,32000,32000,32000,32000
7.384,-0.5,0.2,2,-0.500279,3.49249e-06,0.200128,-1.60267e-06,2.0011,-1.37034e-05,32000,32000,32000,32000
7.385,-0.5,0.2,2,-0.500279,3.49246e-06,0.200128,-1.60264e-06,2.0011,-1.37032e-05,32000,32000,32000,32000
7.386,-0.5,0.2,2,-0.500279,3.49242e-06,0.200128,-1.60262e-06,2.0011,-1.3703e-05,32000,32000,32000,32000
7.387,-0.5,0.2,2,-0.500279,3.49239e-06,0.200128,-1.60259e-06,2.0011,-1.37028e-05,32000,32000,32000,32000
7.388,-0.5,0.2,2,-0.500279,3.49236e-06,0.200128,-1.60257e-06,2.0011,-1.37027e-05,32000,32000,32000,32000
7.389,-0.5,0.2,2,-0.500279,3.49232e-06,0.200128,-1.60254e-06,2.0011,-1.37025e-05,32000,32000,32000,32000
7.39,-0.5,0.2,2,-0.500279,3.49229e-06,0.200128,-1.60252e-06,2.0011,-1.37023e-05,32000,32000,32000,32000
7.391,-0.5,0.2,2,-0.500279,3.49225e-06,0.200128,-1.6025e-06,2.0011,-1.37022e-05,32000,32000,32000,32000
7.392,-0.5,0.2,2,-0.500279,3.49222e-06,0.200128,-1.60247e-06,2.0011,-1.3702e-05,32000,32000,32000,32000
7.393,-0.5,0.2,2,-0.500279,3.49218e-06,0.200128,-1.60245e-06,2.0011,-1.37018e-05,32000,32000,32000,32000
7.394,-0.5,0.2,2,-0.500279,3.49215e-06,0.200128,-1.60242e-06,2.0011,-1.37016e-05,32000,32000,32000,32000
7.395,-0.5,0.2,2,-0.500279,3.49211e-06,0.200128,-1.6024e-06,2.0011,-1.37015e-05,32000,32000,32000,32000
7.396,-0.5,0.2,2,-0.500279,3.49207e-06,0.200128,-1.60238e-06,2.0011,-1.37013e-05,32000,32000,32000,32000
7.397,-0.5,0.2,2,-0.500279,3.49203e-06,0.200128,-1.60236e-06,2.0011,-1.37011e-05,32000,32000,32000,32000
7.398,-0.5,0.2,2,-0.500279,3.492e-06,0.200128,-1.60233e-06,2.0011,-1.3701e-05,32000,32000,32000,32000
7.399,-0.5,0.2,2,-0.500279,3.49196e-06,0.200128,-1.60231e-06,2.0011,-1.37008e-05,32000,32000,32000,32000
7.4,-0.5,0.2,2,-0.500279,3.49192e-06,0.200128,-1.60229e-06,2.0011,-1.37006e-05,32000,32000,32000,32000
7.401,-0.5,0.2,2,-0.500279,3.49188e-06,0.200128,-1.60227e-06,2.0011,-1.37004e-05,32000,32000,32000,32000
7.402,-0.5,0.2,2,-0.500279,3.49184e-06,0.200128,-1.60224e-06,2.0011,-1.37003e-05,32000,32000,32000,32000
7.403,-0.5,0.2,2,-0.500279,3.4918e-06,0.200128,-1.60222e-06,2.0011,-1.37001e-05,32000,32000,32000,32000
7.404,-0.5,0.2,2,-0.500279,3.49176e-06,0.200128,-1.6022e-06,2.0011,-1.36999e-05,32000,32000,32000,32000
7.405,-0.5,0.2,2,-0.500279,3.49172e-06,0.200128,-1.60218e-06,2.0011,-1.36998e-05,32000,32000,32000,32000
7.406,-0.5,0.2,2,-0.500279,3.49168e-06,0.200128,-1.60216e-06,2.0011,-1.36996e-05,32000,32000,32000,32000
7.407,-0.5,0.2,2,-0.500279,3.49164e-06,0.200128,-1.60214e-06,2.0011,-1.36994e-05,32000,32000,32000,32000
7.408,-0.5,0.2,2,-0.500279,3.4916e-06,0.200128,-1.60212e-06,2.0011,-1.36992e-05,32000,32000,32000,32000
7.409,-0.5,0.2,2,-0.500279,3.49156e-06,0.200128,-1.60209e-06,2.0011,-1.36991e-05,32000,32000,32000,32000
7.41,-0.5,0.2,2,-0.500279,3.49152e-06,0.200128,-1.60207e-06,2.0011,-1.36989e-05,32000,32000,32000,32000
7.411,-0.5,0.2,2,-0.500279,3.49148e-06,0.200128,-1.60205e-06,2.0011,-1.36987e-05,32000,32000,32000,32000
7.412,-0.5,0.2,2,-0.500279,3.49143e-06,0.200128,-1.60203e-06,2.0011,-1.36986e-05,32000,32000,32000,32000
7.413,-0.5,0.2,2,-0.500279,3.49139e-06,0.200128,-1.60201e-06,2.0011,-1.36984e-05,32000,32000,32000,32000
7.414,-0.5,0.2,2,-0.500279,3.49135e-06,0.200128,-1.60199e-06,2.0011,-1.36982e-05,32000,32000,32000,32000
7.415,-0.5,0.2,2,-0.500279,3.49131e-06,0.200128,-1.60197e-06,2.0011,-1.3698e-05,32000,32000,32000,32000
7.416,-0.5,0.2,2,-0.500279,3.49126e-06,0.200128,-1.60195e-06,2.0011,-1.36979e-05,32000,32000,32000,32000
7.417,-0.5,0.2,2,-0.500279,3.49122e-06,0.200128,-1.60193e-06,2.0011,-1.36977e-05,32000,32000,32000,32000
7.418,-0.5,0.2,2,-0.500279,3.49118e-06,0.200128,-1.60191e-06,2.0011,-1.36975e-05,32000,32000,32000,32000
7.419,-0.5,0.2,2,-0.500279,3.49113e-06,0.200128,-1.60189e-06,2.0011,-1.36974e-05,32000,32000,32000,32000
7.42,-0.5,0.2,2,-0.500279,3.49109e-06,0.200128,-1.60187e-06,2.0011,-1.36972e-05,32000,32000,32000,32000
7.421,-0.5,0.2,2,-0.500279,3.49105e-06,0.200128,-1.60185e-06,2.0011,-1.3697e-05,32000,32000,32000,32000
7.422,-0.5,0.2,2,-0.500279,3.491e-06,0.200128,-1.60183e-06,2.0011,-1.36968e-05,32000,32000,32000,32000
7.423,-0.5,0.2,2,-0.500279,3.49096e-06,0.200128,-1.60181e-06,2.0011,-1.36967e-05,32000,32000,32000,32000
7.424,-0.5,0.2,2,-0.500279,3.49091e-06,0.200128,-1.6018e-06,2.0011,-1.36965e-05,32000,32000,32000,32000
7.425,-0.5,0.2,2,-0.500279,3.49087e-06,0.200128,-1.60178e-06,2.0011,-1.36963e-05,32000,32000,32000,32000
7.426,-0.5,0.2,2,-0.500279,3.49082e-06,0.200128,-1.60176e-06,2.0011,-1.36962e-05,32000,32000,32000,32000
7.427,-0.5,0.2,2,-0.500279,3.49078e-06,0.200128,-1.60174e-06,2.0011,-1.3696e-05,32000,32000,32000,32000
7.428,-0.5,0.2,2,-0.500279,3.49073e-06,0.200128,-1.60172e-06,2.0011,-1.36958e-05,32000,32000,32000,32000
7.429,-0.5,0.2,2,-0.500279,3.49069e-06,0.200128,-1.6017e-06,2.0011,-1.36956e-05,32000,32000,32000,32000
7.43,-0.5,0.2,2,-0.500279,3.49064e-06,0.200128,-1.60168e-06,2.0011,-1.36955e-05,32000,32000,32000,32000
7.431,-0.5,0.2,2,-0.500279,3.4906e-06,0.200128,-1.60166e-06,2.0011,-1.36953e-05,32000,32000,32000,32000
7.432,-0.5,0.2,2,-0.500279,3.49055e-06,0.200128,-1.60164e-06,2.0011,-1.36951e-05,32000,32000,32000,32000
7.433,-0.5,0.2,2,-0.500279,3.49051e-06,0.200128,-1.60163e-06,2.0011,-1.3695e-05,32000,32000,32000,32000
7.434,-0.5,0.2,2,-0.500279,3.49046e-06,0.200128,-1.60161e-06,2.0011,-1.36948e-05,32000,32000,32000,32000
7.435,-0.5,0.2,2,-0.500279,3.49042e-06,0.200128,-1.60159e-06,2.0011,-1.36946e-05,32000,32000,32000,32000
7.436,-0.5,0.2,2,-0.500279,3.49037e-06,0.200128,-1.60157e-06,2.0011,-1.36944e-05,32000,32000,32000,32000
7.437,-0.5,0.2,2,-0.500279,3.49032e-06,0.200128,-1.60155e-06,2.0011,-1.36943e-05,32000,32000,32000,32000
7.438,-0.5,0.2,2,-0.500279,3.49028e-06,0.200128,-1.60153e-06,2.0011,-1.36941e-05,32000,32000,32000,32000
7.439,-0.5,0.2,2,-0.500279,3.49023e-06,0.200128,-1.60151e-06,2.0011,-1.36939e-05,32000,32000,32000,32000
7.44,-0.5,0.2,2,-0.500279,3.49019e-06,0.200128,-1.6015e-06,2.00109,-1.36938e-05,32000,32000,32000,32000
7.441,-0.5,0.2,2,-0.500279,3.49014e-06,0.200128,-1.60148e-06,2.00109,-1.36936e-05,32000,32000,32000,32000
7.442,-0.5,0.2,2,-0.500279,3.49009e-06,0.200128,-1.60146e-06,2.00109,-1.36934e-05,32000,32000,32000,32000
7.443,-0.5,0.2,2,-0.500279,3.49005e-06,0.200128,-1.60144e-06,2.00109,-1.36932e-05,32000,32000,32000,32000
7.444,-0.5,0.2,2,-0.500279,3.49e-06,0.200128,-1.60142e-06,2.00109,-1.36931e-05,32000,32000,32000,32000
7.445,-0.5,0.2,2,-0.500279,3.48995e-06,0.200128,-1.60141e-06,2.00109,-1.36929e-05,32000,32000,32000,32000
7.446,-0.5,0.2,2,-0.500279,3.48991e-06,0.200128,-1.60139e-06,2.00109,-1.36927e-05,32000,32000,32000,32000
7.447,-0.5,0.2,2,-0.500279,3.48986e-06,0.200128,-1.60137e-06,2.00109,-1.36926e-05,32000,32000,32000,32000
7.448,-0.5,0.2,2,-0.500279,3.48981e-06,0.200128,-1.60135e-06,2.00109,-1.36924e-05,32000,32000,32000,32000
7.449,-0.5,0.2,2,-0.500279,3.48977e-06,0.200128,-1.60133e-06,2.00109,-1.36922e-05,32000,32000,32000,32000
7.45,-0.5,0.2,2,-0.500279,3.48972e-06,0.200128,-1.60131e-06,2.00109,-1.3692e-05,32000,32000,32000,32000
7.451,-0.5,0.2,2,-0.500279,3.48967e-06,0.200128,-1.6013e-06,2.00109,-1.36919e-05,32000,32000,32000,32000
7.452,-0.5,0.2,2,-0.500279,3.48963e-06,0.200128,-1.60128e-06,2.00109,-1.36917e-05,32000,32000,32000,32000
7.453,-0.5,0.2,2,-0.500279,3.48958e-06,0.200128,-1.60126e-06,2.00109,-1.36915e-05,32000,32000,32000,32000
7.454,-0.5,0.2,2,-0.500279,3.48953e-06,0.200128,-1.60124e-06,2.00109,-1.36914e-05,32000,32000,32000,32000
7.455,-0.5,0.2,2,-0.500279,3.48949e-06,0.200128,-1.60122e-06,2.00109,-1.36912e-05,32000,32000,32000,32000
7.456,-0.5,0.2,2,-0.500279,3.48944e-06,0.200128,-1.60121e-06,2.00109,-1.3691e-05,32000,32000,32000,32000
7.457,-0.5,0.2,2,-0.500279,3.48939e-06,0.200128,-1.60119e-06,2.00109,-1.36909e-05,32000,32000,32000,32000
7.458,-0.5,0.2,2,-0.500279,3.48935e-06,0.200128,-1.60117e-06,2.00109,-1.36907e-05,32000,32000,32000,32000
7.459,-0.5,0.2,2,-0.500279,3.4893e-06,0.200128,-1.60115e-06,2.00109,-1.36905e-05,32000,32000,32000,32000
7.46,-0.5,0.2,2,-0.500279,3.48925e-06,0.200128,-1.60113e-06,2.00109,-1.36903e-05,32000,32000,32000,32000
7.461,-0.5,0.2,2,-0.500279,3.48921e-06,0.200128,-1.60111e-06,2.00109,-1.36902e-05,32000,32000,32000,32000
7.462,-0.5,0.2,2,-0.500279,3.48916e-06,0.200128,-1.6011e-06,2.00109,-1.369e-05,32000,32000,32000,32000
7.463,-0.5,0.2,2,-0.500279,3.48911e-06,0.200128,-1.60108e-06,2.00109,-1.36898e-05,32000,32000,32000,32000
7.464,-0.5,0.2,2,-0.500279,3.48907e-06,0.200128,-1.60106e-06,2.00109,-1.36897e-05,32000,32000,32000,32000
7.465,-0.5,0.2,2,-0.500279,3.48902e-06,0.200128,-1.60104e-06,2.00109,-1.36895e-05,32000,32000,32000,32000
7.466,-0.5,0.2,2,-0.500279,3.48897e-06,0.200128,-1.60102e-06,2.00109,-1.36893e-05,32000,32000,32000,32000
7.467,-0.5,0.2,2,-0.500279,3.48893e-06,0.200128,-1.601e-06,2.00109,-1.36891e-05,32000,32000,32000,32000
7.468,-0.5,0.2,2,-0.500279,3.48888e-06,0.200128,-1.60099e-06,2.00109,-1.3689e-05,32000,32000,32000,32000
7.469,-0.5,0.2,2,-0.500279,3.48883e-06,0.200128,-1.60097e-06,2.00109,-1.36888e-05,32000,32000,32000,32000
7.47,-0.5,0.2,2,-0.500279,3.48879e-06,0.200128,-1.60095e-06,2.00109,-1.36886e-05,32000,32000,32000,32000
7.471,-0.5,0.2,2,-0.500279,3.48874e-06,0.200128,-1.60093e-06,2.00109,-1.36885e-05,32000,32000,32000,32000
7.472,-0.5,0.2,2,-0.500279,3.48869e-06,0.200128,-1.60091e-06,2.00109,-1.36883e-05,32000,32000,32000,32000
7.473,-0.5,0.2,2,-0.500279,3.48865e-06,0.200128,-1.60089e-06,2.00109,-1.36881e-05,32000,32000,32000,32000
7.474,-0.5,0.2,2,-0.500279,3.4886e-06,0.200128,-1.60088e-06,2.00109,-1.36879e-05,32000,32000,32000,32000
7.475,-0.5,0.2,2,-0.500279,3.48855e-06,0.200128,-1.60086e-06,2.00109,-1.36878e-05,32000,32000,32000,32000
7.476,-0.5,0.2,2,-0.500279,3.48851e-06,0.200128,-1.60084e-06,2.00109,-1.36876e-05,32000,32000,32000,32000
7.477,-0.5,0.2,2,-0.500279,3.48846e-06,0.200128,-1.60082e-06,2.00109,-1.36874e-05,32000,32000,32000,32000
7.478,-0.5,0.2,2,-0.500279,3.48842e-06,0.200128,-1.6008e-06,2.00109,-1.36873e-05,32000,32000,32000,32000
7.479,-0.5,0.2,2,-0.500279,3.48837e-06,0.200128,-1.60078e-06,2.00109,-1.36871e-05,32000,32000,32000,32000
7.48,-0.5,0.2,2,-0.500279,3.48832e-06,0.200128,-1.60076e-06,2.00109,-1.36869e-05,32000,32000,32000,32000
7.481,-0.5,0.2,2,-0.500279,3.48828e-06,0.200128,-1.60075e-06,2.00109,-1.36867e-05,32000,32000,32000,32000
7.482,-0.5,0.2,2,-0.500279,3.48823e-06,0.200128,-1.60073e-06,2.00109,-1.36866e-05,32000,32000,32000,32000
7.483,-0.5,0.2,2,-0.500279,3.48819e-06,0.200128,-1.60071e-06,2.00109,-1.36864e-05,32000,32000,32000,32000
7.484,-0.5,0.2,2,-0.500279,3.48814e-06,0.200128,-1.60069e-06,2.00109,-1.36862e-05,32000,32000,32000,32000
7.485,-0.5,0.2,2,-0.500279,3.48809e-06,0.200128,-1.60067e-06,2.00109,-1.36861e-05,32000,32000,32000,32000
7.486,-0.5,0.2,2,-0.500279,3.48805e-06,0.200128,-1.60065e-06,2.00109,-1.36859e-05,32000,32000,32000,32000
7.487,-0.5,0.2,2,-0.500279,3.488e-06,0.200128,-1.60063e-06,2.00109,-1.36857e-05,32000,32000,32000,32000
7.488,-0.5,0.2,2,-0.500279,3.48796e-06,0.200128,-1.60061e-06,2.00109,-1.36855e-05,32000,32000,32000,32000
7.489,-0.5,0.2,2,-0.500279,3.48791e-06,0.200128,-1.6006e-06,2.00109,-1.36854e-05,32000,32000,32000,32000
7.49,-0.5,0.2,2,-0.500279,3.48786e-06,0.200128,-1.60058e-06,2.00109,-1.36852e-05,32000,32000,32000,32000
7.491,-0.5,0.2,2,-0.500279,3.48782e-06,0.200128,-1.60056e-06,2.00109,-1.3685e-05,32000,32000,32000,32000
7.492,-0.5,0.2,2,-0.500279,3.48777e-06,0.200128,-1.60054e-06,2.00109,-1.36849e-05,32000,32000,32000,32000
7.493,-0.5,0.2,2,-0.500279,3.48773e-06,0.200128,-1.60052e-06,2.00109,-1.36847e-05,32000,32000,32000,32000
7.494,-0.5,0.2,2,-0.500279,3.48768e-06,0.200128,-1.6005e-06,2.00109,-1.36845e-05,32000,32000,32000,32000
7.495,-0.5,0.2,2,-0.500279,3.48764e-06,0.200128,-1.60048e-06,2.00109,-1.36843e-05,32000,32000,32000,32000
7.496,-0.5,0.2,2,-0.500279,3.48759e-06,0.200128,-1.60046e-06,2.00109,-1.36842e-05,32000,32000,32000,32000
7.497,-0.5,0.2,2,-0.500279,3.48755e-06,0.200128,-1.60044e-06,2.00109,-1.3684e-05,32000,32000,32000,32000
7.498,-0.5,0.2,2,-0.500279,3.4875e-06,0.200128,-1.60042e-06,2.00109,-1.36838e-05,32000,32000,32000,32000
7.499,-0.5,0.2,2,-0.500279,3.48746e-06,0.200128,-1.6004e-06,2.00109,-1.36837e-05,32000,32000,32000,32000
7.5,-0.5,0.2,2,-0.500279,3.48741e-06,0.200128,-1.60039e-06,2.00109,-1.36835e-05,32000,32000,32000,32000
7.501,-0.5,0.2,2,-0.500279,3.48736e-06,0.200128,-1.60037e-06,2.00109,-1.36833e-05,32000,32000,32000,32000
7.502,-0.5,0.2,2,-0.500279,3.48732e-06,0.200128,-1.60035e-06,2.00109,-1.36831e-05,32000,32000,32000,32000
7.503,-0.5,0.2,2,-0.500279,3.48727e-06,0.200128,-1.60033e-06,2.00109,-1.3683e-05,32000,32000,32000,32000
7.504,-0.5,0.2,2,-0.500279,3.48723e-06,0.200128,-1.60031e-06,2.00109,-1.36828e-05,32000,32000,32000,32000
7.505,-0.5,0.2,2,-0.500279,3.48718e-06,0.200128,-1.60029e-06,2.00109,-1.36826e-05,32000,32000,32000,32000
7.506,-0.5,0.2,2,-0.500279,3.48714e-06,0.200128,-1.60027e-06,2.00109,-1.36825e-05,32000,32000,32000,32000
7.507,-0.5,0.2,2,-0.500279,3.48709e-06,0.200128,-1.60025e-06,2.00109,-1.36823e-05,32000,32000,32000,32000
7.508,-0.5,0.2,2,-0.500279,3.48705e-06,0.200128,-1.60023e-06,2.00109,-1.36821e-05,32000,32000,32000,32000
7.509,-0.5,0.2,2,-0.500279,3.48701e-06,0.200128,-1.60021e-06,2.00109,-1.3682e-05,32000,32000,32000,32000
7.51,-0.5,0.2,2,-0.500279,3.48696e-06,0.200128,-1.60019e-06,2.00109,-1.36818e-05,32000,32000,32000,32000
7.511,-0.5,0.2,2,-0.500279,3.48692e-06,0.200128,-1.60017e-06,2.00109,-1.36816e-05,32000,32000,32000,32000
7.512,-0.5,0.2,2,-0.500279,3.48687e-06,0.200128,-1.60015e-06,2.00109,-1.36814e-05,32000,32000,32000,32000
7.513,-0.5,0.2,2,-0.500279,3.48683e-06,0.200128,-1.60013e-06,2.00109,-1.36813e-05,32000,32000,32000,32000
7.514,-0.5,0.2,2,-0.500279,3.48678e-06,0.200128,-1.60011e-06,2.00109,-1.36811e-05,32000,32000,32000,32000
7.515,-0.5,0.2,2,-0.500279,3.48674e-06,0.200128,-1.60009e-06,2.00109,-1.36809e-05,32000,32000,32000,32000
7.516,-0.5,0.2,2,-0.500279,3.48669e-06,0.200128,-1.60008e-06,2.00109,-1.36808e-05,32000,32000,32000,32000
7.517,-0.5,0.2,2,-0.500279,3.48665e-06,0.200128,-1.60006e-06,2.00109,-1.36806e-05,32000,32000,32000,32000
7.518,-0.5,0.2,2,-0.500279,3.4866e-06,0.200128,-1.60004e-06,2.00109,-1.36804e-05,32000,32000,32000,32000
7.519,-0.5,0.2,2,-0.500279,3.48656e-06,0.200128,-1.60002e-06,2.00109,-1.36802e-05,32000,32000,32000,32000
7.52,-0.5,0.2,2,-0.500279,3.48652e-06,0.200128,-1.6e-06,2.00109,-1.36801e-05,32000,32000,32000,32000
7.521,-0.5,0.2,2,-0.500279,3.48647e-06,0.200128,-1.59998e-06,2.00109,-1.36799e-05,32000,32000,32000,32000
7.522,-0.5,0.2,2,-0.500279,3.48643e-06,0.200128,-1.59996e-06,2.00109,-1.36797e-05,32000,32000,32000,32000
7.523,-0.5,0.2,2,-0.500279,3.48638e-06,0.200128,-1.59994e-06,2.00109,-1.36796e-05,32000,32000,32000,32000
7.524,-0.5,0.2,2,-0.500279,3.48634e-06,0.200128,-1.59992e-06,2.00109,-1.36794e-05,32000,32000,32000,32000
7.525,-0.5,0.2,2,-0.500279,3.48629e-06,0.200128,-1.5999e-06,2.00109,-1.36792e-05,32000,32000,32000,32000
7.526,-0.5,0.2,2,-0.500279,3.48625e-06,0.200128,-1.59988e-06,2.00109,-1.3679e-05,32000,32000,32000,32000
7.527,-0.5,0.2,2,-0.500279,3.48621e-06,0.200128,-1.59986e-06,2.00109,-1.36789e-05,32000,32000,32000,32000
7.528,-0.5,0.2,2,-0.500279,3.48616e-06,0.200128,-1.59984e-06,2.00109,-1.36787e-05,32000,32000,32000,32000
7.529,-0.5,0.2,2,-0.500279,3.48612e-06,0.200128,-1.59982e-06,2.00109,-1.36785e-05,32000,32000,32000,32000
7.53,-0.5,0.2,2,-0.500279,3.48607e-06,0.200128,-1.5998e-06,2.00109,-1.36784e-05,32000,32000,32000,32000
7.531,-0.5,0.2,2,-0.500279,3.48603e-06,0.200128,-1.59978e-06,2.00109,-1.36782e-05,32000,32000,32000,32000
7.532,-0.5,0.2,2,-0.500279,3.48599e-06,0.200128,-1.59976e-06,2.00109,-1.3678e-05,32000,32000,32000,32000
7.533,-0.5,0.2,2,-0.500279,3.48594e-06,0.200128,-1.59974e-06,2.00109,-1.36778e-05,32000,32000,32000,32000
7.534,-0.5,0.2,2,-0.500279,3.4859e-06,0.200128,-1.59972e-06,2.00109,-1.36777e-05,32000,32000,32000,32000
7.535,-0.5,0.2,2,-0.500279,3.48586e-06,0.200128,-1.5997e-06,2.00109,-1.36775e-05,32000,32000,32000,32000
7.536,-0.5,0.2,2,-0.500279,3.48581e-06,0.200128,-1.59968e-06,2.00109,-1.36773e-05,32000,32000,32000,32000
7.537,-0.5,0.2,2,-0.500279,3.48577e-06,0.200128,-1.59966e-06,2.00109,-1.36772e-05,32000,32000,32000,32000
7.538,-0.5,0.2,2,-0.500279,3.48572e-06,0.200128,-1.59964e-06,2.00109,-1.3677e-05,32000,32000,32000,32000
7.539,-0.5,0.2,2,-0.500279,3.48568e-06,0.200128,-1.59962e-06,2.00109,-1.36768e-05,32000,32000,32000,32000
7.54,-0.5,0.2,2,-0.500279,3.48564e-06,0.200128,-1.5996e-06,2.00109,-1.36766e-05,32000,32000,32000,32000
7.541,-0.5,0.2,2,-0.500279,3.48559e-06,0.200128,-1.59958e-06,2.00109,-1.36765e-05,32000,32000,32000,32000
7.542,-0.5,0.2,2,-0.500279,3.48555e-06,0.200128,-1.59956e-06,2.00109,-1.36763e-05,32000,32000,32000,32000
7.543,-0.5,0.2,2,-0.500279,3.48551e-06,0.200128,-1.59954e-06,2.00109,-1.36761e-05,32000,32000,32000,32000
7.544,-0.5,0.2,2,-0.500279,3.48546e-06,0.200128,-1.59952e-06,2.00109,-1.3676e-05,32000,32000,32000,32000
7.545,-0.5,0.2,2,-0.500279,3.48542e-06,0.200128,-1.5995e-06,2.00109,-1.36758e-05,32000,32000,32000,32000
7.546,-0.5,0.2,2,-0.500279,3.48538e-06,0.200128,-1.59948e-06,2.00109,-1.36756e-05,32000,32000,32000,32000
7.547,-0.5,0.2,2,-0.500279,3.48533e-06,0.200128,-1.59946e-06,2.00109,-1.36755e-05,32000,32000,32000,32000
7.548,-0.5,0.2,2,-0.500279,3.48529e-06,0.200128,-1.59944e-06,2.00109,-1.36753e-05,32000,32000,32000,32000
7.549,-0.5,0.2,2,-0.500279,3.48524e-06,0.200128,-1.59942e-06,2.00109,-1.36751e-05,32000,32000,32000,32000
7.55,-0.5,0.2,2,-0.500279,3.4852e-06,0.200128,-1.5994e-06,2.00109,-1.36749e-05,32000,32000,32000,32000
7.551,-0.5,0.2,2,-0.500279,3.48516e-06,0.200128,-1.59938e-06,2.00109,-1.36748e-05,32000,32000,32000,32000
7.552,-0.5,0.2,2,-0.500279,3.48511e-06,0.200128,-1.59936e-06,2.00109,-1.36746e-05,32000,32000,32000,32000
7.553,-0.5,0.2,2,-0.500279,3.48507e-06,0.200128,-1.59934e-06,2.00109,-1.36744e-05,32000,32000,32000,32000
7.554,-0.5,0.2,2,-0.500279,3.48503e-06,0.200128,-1.59932e-06,2.00109,-1.36743e-05,32000,32000,32000,32000
7.555,-0.5,0.2,2,-0.500279,3.48498e-06,0.200128,-1.5993e-06,2.00109,-1.36741e-05,32000,32000,32000,32000
7.556,-0.5,0.2,2,-0.500279,3.48494e-06,0.200128,-1.59928e-06,2.00109,-1.36739e-05,32000,32000,32000,32000
7.557,-0.5,0.2,2,-0.500279,3.4849e-06,0.200128,-1.59926e-06,2.00109,-1.36737e-05,32000,32000,32000,32000
7.558,-0.5,0.2,2,-0.500279,3.48485e-06,0.200128,-1.59924e-06,2.00109,-1.36736e-05,32000,32000,32000,32000
7.559,-0.5,0.2,2,-0.500279,3.48481e-06,0.200128,-1.59922e-06,2.00109,-1.36734e-05,32000,32000,32000,32000
7.56,-0.5,0.2,2,-0.500279,3.48477e-06,0.200128,-1.5992e-06,2.00109,-1.36732e-05,32000,32000,32000,32000
7.561,-0.5,0.2,2,-0.500279,3.48472e-06,0.200128,-1.59918e-06,2.00109,-1.36731e-05,32000,32000,32000,32000
7.562,-0.5,0.2,2,-0.500279,3.48468e-06,0.200128,-1.59916e-06,2.00109,-1.36729e-05,32000,32000,32000,32000
7.563,-0.5,0.2,2,-0.500279,3.48464e-06,0.200128,-1.59914e-06,2.00109,-1.36727e-05,32000,32000,32000,32000
7.564,-0.5,0.2,2,-0.500279,3.48459e-06,0.200128,-1.59912e-06,2.00109,-1.36725e-05,32000,32000,32000,32000
7.565,-0.5,0.2,2,-0.500279,3.48455e-06,0.200128,-1.5991e-06,2.00109,-1.36724e-05,32000,32000,32000,32000
7.566,-0.5,0.2,2,-0.500279,3.48451e-06,0.200128,-1.59908e-06,2.00109,-1.36722e-05,32000,32000,32000,32000
7.567,-0.5,0.2,2,-0.500279,3.48446e-06,0.200128,-1.59906e-06,2.00109,-1.3672e-05,32000,32000,32000,32000
7.568,-0.5,0.2,2,-0.500279,3.48442e-06,0.200128,-1.59904e-06,2.00109,-1.36719e-05,32000,32000,32000,32000
7.569,-0.5,0.2,2,-0.500279,3.48438e-06,0.200128,-1.59902e-06,2.00109,-1.36717e-05,32000,32000,32000,32000
7.57,-0.5,0.2,2,-0.500279,3.48433e-06,0.200128,-1.599e-06,2.00109,-1.36715e-05,32000,32000,32000,32000
7.571,-0.5,0.2,2,-0.500279,3.48429e-06,0.200128,-1.59898e-06,2.00109,-1.36713e-05,32000,32000,32000,32000
7.572,-0.5,0.2,2,-0.500279,3.48425e-06,0.200128,-1.59895e-06,2.00109,-1.36712e-05,32000,32000,32000,32000
7.573,-0.5,0.2,2,-0.500279,3.4842e-06,0.200128,-1.59893e-06,2.00109,-1.3671e-05,32000,32000,32000,32000
7.574,-0.5,0.2,2,-0.500279,3.48416e-06,0.200128,-1.59891e-06,2.00109,-1.36708e-05,32000,32000,32000,32000
7.575,-0.5,0.2,2,-0.500279,3.48412e-06,0.200128,-1.59889e-06,2.00109,-1.36707e-05,32000,32000,32000,32000
7.576,-0.5,0.2,2,-0.500279,3.48407e-06,0.200128,-1.59887e-06,2.00109,-1.36705e-05,32000,32000,32000,32000
7.577,-0.5,0.2,2,-0.500279,3.48403e-06,0.200128,-1.59885e-06,2.00109,-1.36703e-05,32000,32000,32000,32000
7.578,-0.5,0.2,2,-0.500279,3.48399e-06,0.200128,-1.59883e-06,2.00109,-1.36701e-05,32000,32000,32000,32000
7.579,-0.5,0.2,2,-0.500279,3.48394e-06,0.200128,-1.59881e-06,2.00109,-1.367e-05,32000,32000,32000,32000
7.58,-0.5,0.2,2,-0.500279,3.4839e-06,0.200128,-1.59879e-06,2.00109,-1.36698e-05,32000,32000,32000,32000
7.581,-0.5,0.2,2,-0.500279,3.48386e-06,0.200128,-1.59877e-06,2.00109,-1.36696e-05,32000,32000,32000,32000
7.582,-0.5,0.2,2,-0.500279,3.48382e-06,0.200128,-1.59875e-06,2.00109,-1.36695e-05,32000,32000,32000,32000
7.583,-0.5,0.2,2,-0.500279,3.48377e-06,0.200128,-1.59873e-06,2.00109,-1.36693e-05,32000,32000,32000,32000
7.584,-0.5,0.2,2,-0.500279,3.48373e-06,0.200128,-1.59871e-06,2.00109,-1.36691e-05,32000,32000,32000,32000
7.585,-0.5,0.2,2,-0.500279,3.48369e-06,0.200128,-1.59869e-06,2.00109,-1.3669e-05,32000,32000,32000,32000
7.586,-0.5,0.2,2,-0.500279,3.48364e-06,0.200128,-1.59867e-06,2.00109,-1.36688e-05,32000,32000,32000,32000
7.587,-0.5,0.2,2,-0.500279,3.4836e-06,0.200128,-1.59865e-06,2.00109,-1.36686e-05,32000,32000,32000,32000
7.588,-0.5,0.2,2,-0.500279,3.48356e-06,0.200128,-1.59863e-06,2.00109,-1.36684e-05,32000,32000,32000,32000
7.589,-0.5,0.2,2,-0.500279,3.48351e-06,0.200128,-1.59861e-06,2.00109,-1.36683e-05,32000,32000,32000,32000
7.59,-0.5,0.2,2,-0.500279,3.48347e-06,0.200128,-1.59859e-06,2.00109,-1.36681e-05,32000,32000,32000,32000
7.591,-0.5,0.2,2,-0.500279,3.48343e-06,0.200128,-1.59857e-06,2.00109,-1.36679e-05,32000,32000,32000,32000
7.592,-0.5,0.2,2,-0.500279,3.48338e-06,0.200128,-1.59855e-06,2.00109,-1.36678e-05,32000,32000,32000,32000
7.593,-0.5,0.2,2,-0.500279,3.48334e-06,0.200128,-1.59853e-06,2.00109,-1.36676e-05,32000,32000,32000,32000
7.594,-0.5,0.2,2,-0.500279,3.4833e-06,0.200128,-1.59851e-06,2.00109,-1.36674e-05,32000,32000,32000,32000
7.595,-0.5,0.2,2,-0.500279,3.48325e-06,0.200128,-1.59849e-06,2.00109,-1.36672e-05,32000,32000,32000,32000
7.596,-0.5,0.2,2,-0.500279,3.48321e-06,0.200128,-1.59847e-06,2.00109,-1.36671e-05,32000,32000,32000,32000
7.597,-0.5,0.2,2,-0.500279,3.48317e-06,0.200128,-1.59845e-06,2.00109,-1.36669e-05,32000,32000,32000,32000
7.598,-0.5,0.2,2,-0.500279,3.48312e-06,0.200128,-1.59843e-06,2.00109,-1.36667e-05,32000,32000,32000,32000
7.599,-0.5,0.2,2,-0.500279,3.48308e-06,0.200128,-1.59841e-06,2.00109,-1.36666e-05,32000,32000,32000,32000
7.6,-0.5,0.2,2,-0.500279,3.48304e-06,0.200128,-1.59839e-06,2.00109,-1.36664e-05,32000,32000,32000,32000
7.601,-0.5,0.2,2,-0.500279,3.48299e-06,0.200128,-1.59837e-06,2.00109,-1.36662e-05,32000,32000,32000,32000
7.602,-0.5,0.2,2,-0.500279,3.48295e-06,0.200128,-1.59835e-06,2.00109,-1.3666e-05,32000,32000,32000,32000
7.603,-0.5,0.2,2,-0.500279,3.48291e-06,0.200128,-1.59833e-06,2.00109,-1.36659e-05,32000,32000,32000,32000
7.604,-0.5,0.2,2,-0.500278,3.48286e-06,0.200128,-1.59831e-06,2.00109,-1.36657e-05,32000,32000,32000,32000
7.605,-0.5,0.2,2,-0.500278,3.48282e-06,0.200128,-1.59829e-06,2.00109,-1.36655e-05,32000,32000,32000,32000
7.606,-0.5,0.2,2,-0.500278,3.48278e-06,0.200128,-1.59827e-06,2.00109,-1.36654e-05,32000,32000,32000,32000
7.607,-0.5,0.2,2,-0.500278,3.48273e-06,0.200128,-1.59825e-06,2.00109,-1.36652e-05,32000,32000,32000,32000
7.608,-0.5,0.2,2,-0.500278,3.48269e-06,0.200128,-1.59823e-06,2.00109,-1.3665e-05,32000,32000,32000,32000
7.609,-0.5,0.2,2,-0.500278,3.48265e-06,0.200128,-1.59821e-06,2.00109,-1.36649e-05,32000,32000,32000,32000
7.61,-0.5,0.2,2,-0.500278,3.4826e-06,0.200128,-1.59819e-06,2.00109,-1.36647e-05,32000,32000,32000,32000
7.611,-0.5,0.2,2,-0.500278,3.48256e-06,0.200128,-1.59817e-06,2.00109,-1.36645e-05,32000,32000,32000,32000
7.612,-0.5,0.2,2,-0.500278,3.48252e-06,0.200128,-1.59815e-06,2.00109,-1.36643e-05,32000,32000,32000,32000
7.613,-0.5,0.2,2,-0.500278,3.48247e-06,0.200128,-1.59813e-06,2.00109,-1.36642e-05,32000,32000,32000,32000
7.614,-0.5,0.2,2,-0.500278,3.48243e-06,0.200128,-1.59811e-06,2.00109,-1.3664e-05,32000,32000,32000,32000
7.615,-0.5,0.2,2,-0.500278,3.48239e-06,0.200128,-1.59809e-06,2.00109,-1.36638e-05,32000,32000,32000,32000
7.616,-0.5,0.2,2,-0.500278,3.48234e-06,0.200128,-1.59807e-06,2.00109,-1.36637e-05,32000,32000,32000,32000
7.617,-0.5,0.2,2,-0.500278,3.4823e-06,0.200128,-1.59805e-06,2.00109,-1.36635e-05,32000,32000,32000,32000
7.618,-0.5,0.2,2,-0.500278,3.48226e-06,0.200128,-1.59803e-06,2.00109,-1.36633e-05,32000,32000,32000,32000
7.619,-0.5,0.2,2,-0.500278,3.48221e-06,0.200128,-1.59801e-06,2.00109,-1.36631e-05,32000,32000,32000,32000
7.62,-0.5,0.2,2,-0.500278,3.48217e-06,0.200128,-1.59799e-06,2.00109,-1.3663e-05,32000,32000,32000,32000
7.621,-0.5,0.2,2,-0.500278,3.48213e-06,0.200128,-1.59797e-06,2.00109,-1.36628e-05,32000,32000,32000,32000
7.622,-0.5,0.2,2,-0.500278,3.48208e-06,0.200128,-1.59795e-06,2.00109,-1.36626e-05,32000,32000,32000,32000
7.623,-0.5,0.2,2,-0.500278,3.48204e-06,0.200128,-1.59793e-06,2.00109,-1.36625e-05,32000,32000,32000,32000
7.624,-0.5,0.2,2,-0.500278,3.482e-06,0.200128,-1.59791e-06,2.00109,-1.36623e-05,32000,32000,32000,32000
7.625,-0.5,0.2,2,-0.500278,3.48195e-06,0.200128,-1.59789e-06,2.00109,-1.36621e-05,32000,32000,32000,32000
7.626,-0.5,0.2,2,-0.500278,3.48191e-06,0.200128,-1.59787e-06,2.00109,-1.36619e-05,32000,32000,32000,32000
7.627,-0.5,0.2,2,-0.500278,3.48187e-06,0.200128,-1.59785e-06,2.00109,-1.36618e-05,32000,32000,32000,32000
7.628,-0.5,0.2,2,-0.500278,3.48182e-06,0.200128,-1.59783e-06,2.00109,-1.36616e-05,32000,32000,32000,32000
7.629,-0.5,0.2,2,-0.500278,3.48178e-06,0.200128,-1.59781e-06,2.00109,-1.36614e-05,32000,32000,32000,32000
7.63,-0.5,0.2,2,-0.500278,3.48174e-06,0.200128,-1.59779e-06,2.00109,-1.36613e-05,32000,32000,32000,32000
7.631,-0.5,0.2,2,-0.500278,3.48169e-06,0.200128,-1.59777e-06,2.00109,-1.36611e-05,32000,32000,32000,32000
7.632,-0.5,0.2,2,-0.500278,3.48165e-06,0.200128,-1.59775e-06,2.00109,-1.36609e-05,32000,32000,32000,32000
7.633,-0.5,0.2,2,-0.500278,3.48161e-06,0.200128,-1.59773e-06,2.00109,-1.36608e-05,32000,32000,32000,32000
7.634,-0.5,0.2,2,-0.500278,3.48156e-06,0.200128,-1.59771e-06,2.00109,-1.36606e-05,32000,32000,32000,32000
7.635,-0.5,0.2,2,-0.500278,3.48152e-06,0.200128,-1.59769e-06,2.00109,-1.36604e-05,32000,32000,32000,32000
7.636,-0.5,0.2,2,-0.500278,3.48148e-06,0.200128,-1.59767e-06,2.00109,-1.36602e-05,32000,32000,32000,32000
7.637,-0.5,0.2,2,-0.500278,3.48143e-06,0.200128,-1.59765e-06,2.00109,-1.36601e-05,32000,32000,32000,32000
7.638,-0.5,0.2,2,-0.500278,3.48139e-06,0.200128,-1.59763e-06,2.00109,-1.36599e-05,32000,32000,32000,32000
7.639,-0.5,0.2,2,-0.500278,3.48135e-06,0.200128,-1.59761e-06,2.00109,-1.36597e-05,32000,32000,32000,32000
7.64,-0.5,0.2,2,-0.500278,3.4813e-06,0.200128,-1.59759e-06,2.00109,-1.36596e-05,32000,32000,32000,32000
7.641,-0.5,0.2,2,-0.500278,3.48126e-06,0.200128,-1.59757e-06,2.00109,-1.36594e-05,32000,32000,32000,32000
7.642,-0.5,0.2,2,-0.500278,3.48122e-06,0.200128,-1.59755e-06,2.00109,-1.36592e-05,32000,32000,32000,32000
7.643,-0.5,0.2,2,-0.500278,3.48117e-06,0.200128,-1.59753e-06,2.00109,-1.3659e-05,32000,32000,32000,32000
7.644,-0.5,0.2,2,-0.500278,3.48113e-06,0.200128,-1.59751e-06,2.00109,-1.36589e-05,32000,32000,32000,32000
7.645,-0.5,0.2,2,-0.500278,3.48108e-06,0.200128,-1.59749e-06,2.00109,-1.36587e-05,32000,32000,32000,32000
7.646,-0.5,0.2,2,-0.500278,3.48104e-06,0.200128,-1.59747e-06,2.00109,-1.36585e-05,32000,32000,32000,32000
7.647,-0.5,0.2,2,-0.500278,3.481e-06,0.200128,-1.59745e-06,2.00109,-1.36584e-05,32000,32000,32000,32000
7.648,-0.5,0.2,2,-0.500278,3.48095e-06,0.200128,-1.59743e-06,2.00109,-1.36582e-05,32000,32000,32000,32000
7.649,-0.5,0.2,2,-0.500278,3.48091e-06,0.200128,-1.59741e-06,2.00109,-1.3658e-05,32000,32000,32000,32000
7.65,-0.5,0.2,2,-0.500278,3.48087e-06,0.200128,-1.59739e-06,2.00109,-1.36578e-05,32000,32000,32000,32000
7.651,-0.5,0.2,2,-0.500278,3.48082e-06,0.200128,-1.59737e-06,2.00109,-1.36577e-05,32000,32000,32000,32000
7.652,-0.5,0.2,2,-0.500278,3.48078e-06,0.200128,-1.59735e-06,2.00109,-1.36575e-05,32000,32000,32000,32000
7.653,-0.5,0.2,2,-0.500278,3.48074e-06,0.200128,-1.59733e-06,2.00109,-1.36573e-05,32000,32000,32000,32000
7.654,-0.5,0.2,2,-0.500278,3.48069e-06,0.200128,-1.59731e-06,2.00109,-1.36572e-05,32000,32000,32000,32000
7.655,-0.5,0.2,2,-0.500278,3.48065e-06,0.200128,-1.59729e-06,2.00109,-1.3657e-05,32000,32000,32000,32000
7.656,-0.5,0.2,2,-0.500278,3.48061e-06,0.200128,-1.59727e-06,2.00109,-1.36568e-05,32000,32000,32000,32000
7.657,-0.5,0.2,2,-0.500278,3.48056e-06,0.200128,-1.59725e-06,2.00109,-1.36567e-05,32000,32000,32000,32000
7.658,-0.5,0.2,2,-0.500278,3.48052e-06,0.200128,-1.59723e-06,2.00109,-1.36565e-05,32000,32000,32000,32000
7.659,-0.5,0.2,2,-0.500278,3.48048e-06,0.200128,-1.59721e-06,2.00109,-1.36563e-05,32000,32000,32000,32000
7.66,-0.5,0.2,2,-0.500278,3.48043e-06,0.200128,-1.59719e-06,2.00109,-1.36561e-05,32000,32000,32000,32000
7.661,-0.5,0.2,2,-0.500278,3.48039e-06,0.200128,-1.59717e-06,2.00109,-1.3656e-05,32000,32000,32000,32000
7.662,-0.5,0.2,2,-0.500278,3.48035e-06,0.200128,-1.59715e-06,2.00109,-1.36558e-05,32000,32000,32000,32000
7.663,-0.5,0.2,2,-0.500278,3.4803e-06,0.200128,-1.59713e-06,2.00109,-1.36556e-05,32000,32000,32000,32000
7.664,-0.5,0.2,2,-0.500278,3.48026e-06,0.200128,-1.59711e-06,2.00109,-1.36555e-05,32000,32000,32000,32000
7.665,-0.5,0.2,2,-0.500278,3.48021e-06,0.200128,-1.59709e-06,2.00109,-1.36553e-05,32000,32000,32000,32000
7.666,-0.5,0.2,2,-0.500278,3.48017e-06,0.200128,-1.59707e-06,2.00109,-1.36551e-05,32000,32000,32000,32000
7.667,-0.5,0.2,2,-0.500278,3.48013e-06,0.200128,-1.59705e-06,2.00109,-1.36549e-05,32000,32000,32000,32000
7.668,-0.5,0.2,2,-0.500278,3.48008e-06,0.200128,-1.59703e-06,2.00109,-1.36548e-05,32000,32000,32000,32000
7.669,-0.5,0.2,2,-0.500278,3.48004e-06,0.200128,-1.59701e-06,2.00109,-1.36546e-05,32000,32000,32000,32000
7.67,-0.5,0.2,2,-0.500278,3.48e-06,0.200128,-1.59699e-06,2.00109,-1.36544e-05,32000,32000,32000,32000
7.671,-0.5,0.2,2,-0.500278,3.47995e-06,0.200128,-1.59697e-06,2.00109,-1.36543e-05,32000,32000,32000,32000
7.672,-0.5,0.2,2,-0.500278,3.47991e-06,0.200128,-1.59695e-06,2.00109,-1.36541e-05,32000,32000,32000,32000
7.673,-0.5,0.2,2,-0.500278,3.47987e-06,0.200128,-1.59693e-06,2.00109,-1.36539e-05,32000,32000,32000,32000
7.674,-0.5,0.2,2,-0.500278,3.47982e-06,0.200128,-1.59691e-06,2.00109,-1.36537e-05,32000,32000,32000,32000
7.675,-0.5,0.2,2,-0.500278,3.47978e-06,0.200128,-1.59689e-06,2.00109,-1.36536e-05,32000,32000,32000,32000
7.676,-0.5,0.2,2,-0.500278,3.47974e-06,0.200128,-1.59687e-06,2.00109,-1.36534e-05,32000,32000,32000,32000
7.677,-0.5,0.2,2,-0.500278,3.47969e-06,0.200128,-1.59685e-06,2.00109,-1.36532e-05,32000,32000,32000,32000
7.678,-0.5,0.2,2,-0.500278,3.47965e-06,0.200128,-1.59683e-06,2.00109,-1.36531e-05,32000,32000,32000,32000
7.679,-0.5,0.2,2,-0.500278,3.47961e-06,0.200128,-1.59681e-06,2.00109,-1.36529e-05,32000,32000,32000,32000
7.68,-0.5,0.2,2,-0.500278,3.47956e-06,0.200128,-1.59679e-06,2.00109,-1.36527e-05,32000,32000,32000,32000
7.681,-0.5,0.2,2,-0.500278,3.47952e-06,0.200128,-1.59677e-06,2.00109,-1.36526e-05,32000,32000,32000,32000
7.682,-0.5,0.2,2,-0.500278,3.47947e-06,0.200128,-1.59675e-06,2.00109,-1.36524e-05,32000,32000,32000,32000
7.683,-0.5,0.2,2,-0.500278,3.47943e-06,0.200128,-1.59673e-06,2.00109,-1.36522e-05,32000,32000,32000,32000
7.684,-0.5,0.2,2,-0.500278,3.47939e-06,0.200128,-1.59671e-06,2.00109,-1.3652e-05,32000,32000,32000,32000
7.685,-0.5,0.2,2,-0.500278,3.47934e-06,0.200128,-1.59669e-06,2.00109,-1.36519e-05,32000,32000,32000,32000
7.686,-0.5,0.2,2,-0.500278,3.4793e-06,0.200128,-1.59667e-06,2.00109,-1.36517e-05,32000,32000,32000,32000
7.687,-0.5,0.2,2,-0.500278,3.47926e-06,0.200128,-1.59665e-06,2.00109,-1.36515e-05,32000,32000,32000,32000
7.688,-0.5,0.2,2,-0.500278,3.47921e-06,0.200128,-1.59663e-06,2.00109,-1.36514e-05,32000,32000,32000,32000
7.689,-0.5,0.2,2,-0.500278,3.47917e-06,0.200128,-1.59661e-06,2.00109,-1.36512e-05,32000,32000,32000,32000
7.69,-0.5,0.2,2,-0.500278,3.47913e-06,0.200128,-1.59659e-06,2.00109,-1.3651e-05,32000,32000,32000,32000
7.691,-0.5,0.2,2,-0.500278,3.47908e-06,0.200128,-1.59657e-06,2.00109,-1.36508e-05,32000,32000,32000,32000
7.692,-0.5,0.2,2,-0.500278,3.47904e-06,0.200128,-1.59655e-06,2.00109,-1.36507e-05,32000,32000,32000,32000
7.693,-0.5,0.2,2,-0.500278,3.479e-06,0.200128,-1.59653e-06,2.00109,-1.36505e-05,32000,32000,32000,32000
7.694,-0.5,0.2,2,-0.500278,3.47895e-06,0.200128,-1.59651e-06,2.00109,-1.36503e-05,32000,32000,32000,32000
7.695,-0.5,0.2,2,-0.500278,3.47891e-06,0.200128,-1.59649e-06,2.00109,-1.36502e-05,32000,32000,32000,32000
7.696,-0.5,0.2,2,-0.500278,3.47887e-06,0.200128,-1.59647e-06,2.00109,-1.365e-05,32000,32000,32000,32000
7.697,-0.5,0.2,2,-0.500278,3.47882e-06,0.200128,-1.59645e-06,2.00109,-1.36498e-05,32000,32000,32000,32000
7.698,-0.5,0.2,2,-0.500278,3.47878e-06,0.200128,-1.59643e-06,2.00109,-1.36497e-05,32000,32000,32000,32000
7.699,-0.5,0.2,2,-0.500278,3.47873e-06,0.200128,-1.59641e-06,2.00109,-1.36495e-05,32000,32000,32000,32000
7.7,-0.5,0.2,2,-0.500278,3.47869e-06,0.200128,-1.59639e-06,2.00109,-1.36493e-05,32000,32000,32000,32000
7.701,-0.5,0.2,2,-0.500278,3.47865e-06,0.200128,-1.59637e-06,2.00109,-1.36491e-05,32000,32000,32000,32000
7.702,-0.5,0.2,2,-0.500278,3.4786e-06,0.200128,-1.59635e-06,2.00109,-1.3649e-05,32000,32000,32000,32000
7.703,-0.5,0.2,2,-0.500278,3.47856e-06,0.200128,-1.59633e-06,2.00109,-1.36488e-05,32000,32000,32000,32000
7.704,-0.5,0.2,2,-0.500278,3.47852e-06,0.200128,-1.59631e-06,2.00109,-1.36486e-05,32000,32000,32000,32000
7.705,-0.5,0.2,2,-0.500278,3.47847e-06,0.200128,-1.59629e-06,2.00109,-1.36485e-05,32000,32000,32000,32000
7.706,-0.5,0.2,2,-0.500278,3.47843e-06,0.200128,-1.59627e-06,2.00109,-1.36483e-05,32000,32000,32000,32000
7.707,-0.5,0.2,2,-0.500278,3.47839e-06,0.200128,-1.59625e-06,2.00109,-1.36481e-05,32000,32000,32000,32000
7.708,-0.5,0.2,2,-0.500278,3.47834e-06,0.200128,-1.59623e-06,2.00109,-1.36479e-05,32000,32000,32000,32000
7.709,-0.5,0.2,2,-0.500278,3.4783e-06,0.200128,-1.59621e-06,2.00109,-1.36478e-05,32000,32000,32000,32000
7.71,-0.5,0.2,2,-0.500278,3.47826e-06,0.200128,-1.59619e-06,2.00109,-1.36476e-05,32000,32000,32000,32000
7.711,-0.5,0.2,2,-0.500278,3.47821e-06,0.200128,-1.59617e-06,2.00109,-1.36474e-05,32000,32000,32000,32000
7.712,-0.5,0.2,2,-0.500278,3.47817e-06,0.200128,-1.59615e-06,2.00109,-1.36473e-05,32000,32000,32000,32000
7.713,-0.5,0.2,2,-0.500278,3.47813e-06,0.200128,-1.59613e-06,2.00109,-1.36471e-05,32000,32000,32000,32000
7.714,-0.5,0.2,2,-0.500278,3.47808e-06,0.200128,-1.59611e-06,2.00109,-1.36469e-05,32000,32000,32000,32000
7.715,-0.5,0.2,2,-0.500278,3.47804e-06,0.200128,-1.59609e-06,2.00109,-1.36467e-05,32000,32000,32000,32000
7.716,-0.5,0.2,2,-0.500278,3.47799e-06,0.200128,-1.59607e-06,2.00109,-1.36466e-05,32000,32000,32000,32000
7.717,-0.5,0.2,2,-0.500278,3.47795e-06,0.200128,-1.59605e-06,2.00109,-1.36464e-05,32000,32000,32000,32000
7.718,-0.5,0.2,2,-0.500278,3.47791e-06,0.200128,-1.59603e-06,2.00109,-1.36462e-05,32000,32000,32000,32000
7.719,-0.5,0.2,2,-0.500278,3.47786e-06,0.200128,-1.59601e-06,2.00109,-1.36461e-05,32000,32000,32000,32000
7.72,-0.5,0.2,2,-0.500278,3.47782e-06,0.200128,-1.59599e-06,2.00109,-1.36459e-05,32000,32000,32000,32000
7.721,-0.5,0.2,2,-0.500278,3.47778e-06,0.200128,-1.59597e-06,2.00109,-1.36457e-05,32000,32000,32000,32000
7.722,-0.5,0.2,2,-0.500278,3.47773e-06,0.200128,-1.59595e-06,2.00109,-1.36456e-05,32000,32000,32000,32000
7.723,-0.5,0.2,2,-0.500278,3.47769e-06,0.200128,-1.59593e-06,2.00109,-1.36454e-05,32000,32000,32000,32000
7.724,-0.5,0.2,2,-0.500278,3.47765e-06,0.200128,-1.59591e-06,2.00109,-1.36452e-05,32000,32000,32000,32000
7.725,-0.5,0.2,2,-0.500278,3.4776e-06,0.200128,-1.59589e-06,2.00109,-1.3645e-05,32000,32000,32000,32000
7.726,-0.5,0.2,2,-0.500278,3.47756e-06,0.200128,-1.59587e-06,2.00109,-1.36449e-05,32000,32000,32000,32000
7.727,-0.5,0.2,2,-0.500278,3.47752e-06,0.200128,-1.59585e-06,2.00109,-1.36447e-05,32000,32000,32000,32000
7.728,-0.5,0.2,2,-0.500278,3.47747e-06,0.200128,-1.59583e-06,2.00109,-1.36445e-05,32000,32000,32000,32000
7.729,-0.5,0.2,2,-0.500278,3.47743e-06,0.200128,-1.59581e-06,2.00109,-1.36444e-05,32000,32000,32000,32000
7.73,-0.5,0.2,2,-0.500278,3.47739e-06,0.200128,-1.59579e-06,2.00109,-1.36442e-05,32000,32000,32000,32000
7.731,-0.5,0.2,2,-0.500278,3.47734e-06,0.200128,-1.59577e-06,2.00109,-1.3644e-05,32000,32000,32000,32000
7.732,-0.5,0.2,2,-0.500278,3.4773e-06,0.200128,-1.59575e-06,2.00109,-1.36438e-05,32000,32000,32000,32000
7.733,-0.5,0.2,2,-0.500278,3.47725e-06,0.200128,-1.59573e-06,2.00109,-1.36437e-05,32000,32000,32000,32000
7.734,-0.5,0.2,2,-0.500278,3.47721e-06,0.200128,-1.59571e-06,2.00109,-1.36435e-05,32000,32000,32000,32000
7.735,-0.5,0.2,2,-0.500278,3.47717e-06,0.200128,-1.59569e-06,2.00109,-1.36433e-05,32000,32000,32000,32000
7.736,-0.5,0.2,2,-0.500278,3.47712e-06,0.200128,-1.59567e-06,2.00109,-1.36432e-05,32000,32000,32000,32000
7.737,-0.5,0.2,2,-0.500278,3.47708e-06,0.200128,-1.59565e-06,2.00109,-1.3643e-05,32000,32000,32000,32000
7.738,-0.5,0.2,2,-0.500278,3.47704e-06,0.200128,-1.59563e-06,2.00109,-1.36428e-05,32000,32000,32000,32000
7.739,-0.5,0.2,2,-0.500278,3.47699e-06,0.200128,-1.59561e-06,2.00109,-1.36427e-05,32000,32000,32000,32000
7.74,-0.5,0.2,2,-0.500278,3.47695e-06,0.200128,-1.59559e-06,2.00109,-1.36425e-05,32000,32000,32000,32000
7.741,-0.5,0.2,2,-0.500278,3.47691e-06,0.200128,-1.59557e-06,2.00109,-1.36423e-05,32000,32000,32000,32000
7.742,-0.5,0.2,2,-0.500278,3.47686e-06,0.200128,-1.59555e-06,2.00109,-1.36421e-05,32000,32000,32000,32000
7.743,-0.5,0.2,2,-0.500278,3.47682e-06,0.200128,-1.59553e-06,2.00109,-1.3642e-05,32000,32000,32000,32000
7.744,-0.5,0.2,2,-0.500278,3.47678e-06,0.200128,-1.59551e-06,2.00109,-1.36418e-05,32000,32000,32000,32000
7.745,-0.5,0.2,2,-0.500278,3.47673e-06,0.200128,-1.59549e-06,2.00109,-1.36416e-05,32000,32000,32000,32000
7.746,-0.5,0.2,2,-0.500278,3.47669e-06,0.200128,-1.59547e-06,2.00109,-1.36415e-05,32000,32000,32000,32000
7.747,-0.5,0.2,2,-0.500278,3.47665e-06,0.200128,-1.59545e-06,2.00109,-1.36413e-05,32000,32000,32000,32000
7.748,-0.5,0.2,2,-0.500278,3.4766e-06,0.200128,-1.59543e-06,2.00109,-1.36411e-05,32000,32000,32000,32000
7.749,-0.5,0.2,2,-0.500278,3.47656e-06,0.200128,-1.59541e-06,2.00109,-1.36409e-05,32000,32000,32000,32000
7.75,-0.5,0.2,2,-0.500278,3.47652e-06,0.200128,-1.59539e-06,2.00109,-1.36408e-05,32000,32000,32000,32000
7.751,-0.5,0.2,2,-0.500278,3.47647e-06,0.200128,-1.59537e-06,2.00109,-1.36406e-05,32000,32000,32000,32000
7.752,-0.5,0.2,2,-0.500278,3.47643e-06,0.200128,-1.59535e-06,2.00109,-1.36404e-05,32000,32000,32000,32000
7.753,-0.5,0.2,2,-0.500278,3.47638e-06,0.200128,-1.59533e-06,2.00109,-1.36403e-05,32000,32000,32000,32000
7.754,-0.5,0.2,2,-0.500278,3.47634e-06,0.200128,-1.59531e-06,2.00109,-1.36401e-05,32000,32000,32000,32000
7.755,-0.5,0.2,2,-0.500278,3.4763e-06,0.200128,-1.59529e-06,2.00109,-1.36399e-05,32000,32000,32000,32000
7.756,-0.5,0.2,2,-0.500278,3.47625e-06,0.200128,-1.59527e-06,2.00109,-1.36398e-05,32000,32000,32000,32000
7.757,-0.5,0.2,2,-0.500278,3.47621e-06,0.200128,-1.59525e-06,2.00109,-1.36396e-05,32000,32000,32000,32000
7.758,-0.5,0.2,2,-0.500278,3.47617e-06,0.200128,-1.59523e-06,2.00109,-1.36394e-05,32000,32000,32000,32000
7.759,-0.5,0.2,2,-0.500278,3.47612e-06,0.200128,-1.59521e-06,2.00109,-1.36392e-05,32000,32000,32000,32000
7.76,-0.5,0.2,2,-0.500278,3.47608e-06,0.200128,-1.59519e-06,2.00109,-1.36391e-05,32000,32000,32000,32000
7.761,-0.5,0.2,2,-0.500278,3.47604e-06,0.200128,-1.59517e-06,2.00109,-1.36389e-05,32000,32000,32000,32000
7.762,-0.5,0.2,2,-0.500278,3.47599e-06,0.200128,-1.59515e-06,2.00109,-1.36387e-05,32000,32000,32000,32000
7.763,-0.5,0.2,2,-0.500278,3.47595e-06,0.200128,-1.59513e-06,2.00109,-1.36386e-05,32000,32000,32000,32000
7.764,-0.5,0.2,2,-0.500278,3.47591e-06,0.200128,-1.59511e-06,2.00109,-1.36384e-05,32000,32000,32000,32000
7.765,-0.5,0.2,2,-0.500278,3.47586e-06,0.200128,-1.59509e-06,2.00109,-1.36382e-05,32000,32000,32000,32000
7.766,-0.5,0.2,2,-0.500278,3.47582e-06,0.200128,-1.59507e-06,2.00109,-1.3638e-05,32000,32000,32000,32000
7.767,-0.5,0.2,2,-0.500278,3.47578e-06,0.200128,-1.59505e-06,2.00109,-1.36379e-05,32000,32000,32000,32000
7.768,-0.5,0.2,2,-0.500278,3.47573e-06,0.200128,-1.59503e-06,2.00109,-1.36377e-05,32000,32000,32000,32000
7.769,-0.5,0.2,2,-0.500278,3.47569e-06,0.200128,-1.59501e-06,2.00109,-1.36375e-05,32000,32000,32000,32000
7.77,-0.5,0.2,2,-0.500278,3.47565e-06,0.200128,-1.59499e-06,2.00109,-1.36374e-05,32000,32000,32000,32000
7.771,-0.5,0.2,2,-0.500278,3.4756e-06,0.200128,-1.59497e-06,2.00109,-1.36372e-05,32000,32000,32000,32000
7.772,-0.5,0.2,2,-0.500278,3.47556e-06,0.200128,-1.59495e-06,2.00109,-1.3637e-05,32000,32000,32000,32000
7.773,-0.5,0.2,2,-0.500278,3.47552e-06,0.200128,-1.59493e-06,2.00109,-1.36369e-05,32000,32000,32000,32000
7.774,-0.5,0.2,2,-0.500278,3.47547e-06,0.200128,-1.59491e-06,2.00109,-1.36367e-05,32000,32000,32000,32000
7.775,-0.5,0.2,2,-0.500278,3.47543e-06,0.200128,-1.59489e-06,2.00109,-1.36365e-05,32000,32000,32000,32000
7.776,-0.5,0.2,2,-0.500278,3.47538e-06,0.200128,-1.59487e-06,2.00109,-1.36363e-05,32000,32000,32000,32000
7.777,-0.5,0.2,2,-0.500278,3.47534e-06,0.200128,-1.59485e-06,2.00109,-1.36362e-05,32000,32000,32000,32000
7.778,-0.5,0.2,2,-0.500278,3.4753e-06,0.200128,-1.59483e-06,2.00109,-1.3636e-05,32000,32000,32000,32000
7.779,-0.5,0.2,2,-0.500278,3.47525e-06,0.200128,-1.59481e-06,2.00109,-1.36358e-05,32000,32000,32000,32000
7.78,-0.5,0.2,2,-0.500278,3.47521e-06,0.200128,-1.59479e-06,2.00109,-1.36357e-05,32000,32000,32000,32000
7.781,-0.5,0.2,2,-0.500278,3.47517e-06,0.200128,-1.59477e-06,2.00109,-1.36355e-05,32000,32000,32000,32000
7.782,-0.5,0.2,2,-0.500278,3.47512e-06,0.200128,-1.59475e-06,2.00109,-1.36353e-05,32000,32000,32000,32000
7.783,-0.5,0.2,2,-0.500278,3.47508e-06,0.200128,-1.59473e-06,2.00109,-1.36351e-05,32000,32000,32000,32000
7.784,-0.5,0.2,2,-0.500278,3.47504e-06,0.200128,-1.59471e-06,2.00109,-1.3635e-05,32000,32000,32000,32000
7.785,-0.5,0.2,2,-0.500278,3.47499e-06,0.200128,-1.59469e-06,2.00109,-1.36348e-05,32000,32000,32000,32000
7.786,-0.5,0.2,2,-0.500278,3.47495e-06,0.200128,-1.59467e-06,2.00109,-1.36346e-05,32000,32000,32000,32000
7.787,-0.5,0.2,2,-0.500278,3.47491e-06,0.200128,-1.59465e-06,2.00109,-1.36345e-05,32000,32000,32000,32000
7.788,-0.5,0.2,2,-0.500278,3.47486e-06,0.200128,-1.59463e-06,2.00109,-1.36343e-05,32000,32000,32000,32000
7.789,-0.5,0.2,2,-0.500278,3.47482e-06,0.200128,-1.59461e-06,2.00109,-1.36341e-05,32000,32000,32000,32000
7.79,-0.5,0.2,2,-0.500278,3.47478e-06,0.200128,-1.59459e-06,2.00109,-1.3634e-05,32000,32000,32000,32000
7.791,-0.5,0.2,2,-0.500278,3.47473e-06,0.200128,-1.59457e-06,2.00109,-1.36338e-05,32000,32000,32000,32000
7.792,-0.5,0.2,2,-0.500278,3.47469e-06,0.200128,-1.59455e-06,2.00109,-1.36336e-05,32000,32000,32000,32000
7.793,-0.5,0.2,2,-0.500278,3.47465e-06,0.200128,-1.59453e-06,2.00109,-1.36334e-05,32000,32000,32000,32000
7.794,-0.5,0.2,2,-0.500278,3.4746e-06,0.200128,-1.59451e-06,2.00109,-1.36333e-05,32000,32000,32000,32000
7.795,-0.5,0.2,2,-0.500278,3.47456e-06,0.200127,-1.59449e-06,2.00109,-1.36331e-05,32000,32000,32000,32000
7.796,-0.5,0.2,2,-0.500278,3.47452e-06,0.200127,-1.59447e-06,2.00109,-1.36329e-05,32000,32000,32000,32000
7.797,-0.5,0.2,2,-0.500278,3.47447e-06,0.200127,-1.59445e-06,2.00109,-1.36328e-05,32000,32000,32000,32000
7.798,-0.5,0.2,2,-0.500278,3.47443e-06,0.200127,-1.59443e-06,2.00109,-1.36326e-05,32000,32000,32000,32000
7.799,-0.5,0.2,2,-0.500278,3.47439e-06,0.200127,-1.59441e-06,2.00109,-1.36324e-05,32000,32000,32000,32000
7.8,-0.5,0.2,2,-0.500278,3.47434e-06,0.200127,-1.59439e-06,2.00109,-1.36322e-05,32000,32000,32000,32000
7.801,-0.5,0.2,2,-0.500278,3.4743e-06,0.200127,-1.59437e-06,2.00109,-1.36321e-05,32000,32000,32000,32000
7.802,-0.5,0.2,2,-0.500278,3.47426e-06,0.200127,-1.59435e-06,2.00109,-1.36319e-05,32000,32000,32000,32000
7.803,-0.5,0.2,2,-0.500278,3.47421e-06,0.200127,-1.59433e-06,2.00109,-1.36317e-05,32000,32000,32000,32000
7.804,-0.5,0.2,2,-0.500278,3.47417e-06,0.200127,-1.59431e-06,2.00109,-1.36316e-05,32000,32000,32000,32000
7.805,-0.5,0.2,2,-0.500278,3.47412e-06,0.200127,-1.59429e-06,2.00109,-1.36314e-05,32000,32000,32000,32000
7.806,-0.5,0.2,2,-0.500278,3.47408e-06,0.200127,-1.59427e-06,2.00109,-1.36312e-05,32000,32000,32000,32000
7.807,-0.5,0.2,2,-0.500278,3.47404e-06,0.200127,-1.59425e-06,2.00109,-1.36311e-05,32000,32000,32000,32000
7.808,-0.5,0.2,2,-0.500278,3.47399e-06,0.200127,-1.59423e-06,2.00109,-1.36309e-05,32000,32000,32000,32000
7.809,-0.5,0.2,2,-0.500278,3.47395e-06,0.200127,-1.59421e-06,2.00109,-1.36307e-05,32000,32000,32000,32000
7.81,-0.5,0.2,2,-0.500278,3.47391e-06,0.200127,-1.59419e-06,2.00109,-1.36305e-05,32000,32000,32000,32000
7.811,-0.5,0.2,2,-0.500278,3.47386e-06,0.200127,-1.59417e-06,2.00109,-1.36304e-05,32000,32000,32000,32000
7.812,-0.5,0.2,2,-0.500278,3.47382e-06,0.200127,-1.59416e-06,2.00109,-1.36302e-05,32000,32000,32000,32000
7.813,-0.5,0.2,2,-0.500278,3.47378e-06,0.200127,-1.59414e-06,2.00109,-1.363e-05,32000,32000,32000,32000
7.814,-0.5,0.2,2,-0.500278,3.47373e-06,0.200127,-1.59412e-06,2.00109,-1.36299e-05,32000,32000,32000,32000
7.815,-0.5,0.2,2,-0.500278,3.47369e-06,0.200127,-1.5941e-06,2.00109,-1.36297e-05,32000,32000,32000,32000
7.816,-0.5,0.2,2,-0.500278,3.47365e-06,0.200127,-1.59408e-06,2.00109,-1.36295e-05,32000,32000,32000,32000
7.817,-0.5,0.2,2,-0.500278,3.4736e-06,0.200127,-1.59406e-06,2.00109,-1.36294e-05,32000,32000,32000,32000
7.818,-0.5,0.2,2,-0.500278,3.47356e-06,0.200127,-1.59404e-06,2.00109,-1.36292e-05,32000,32000,32000,32000
7.819,-0.5,0.2,2,-0.500278,3.47352e-06,0.200127,-1.59402e-06,2.00109,-1.3629e-05,32000,32000,32000,32000
7.82,-0.5,0.2,2,-0.500278,3.47347e-06,0.200127,-1.594e-06,2.00109,-1.36288e-05,32000,32000,32000,32000
7.821,-0.5,0.2,2,-0.500278,3.47343e-06,0.200127,-1.59398e-06,2.00109,-1.36287e-05,32000,32000,32000,32000
7.822,-0.5,0.2,2,-0.500278,3.47339e-06,0.200127,-1.59396e-06,2.00109,-1.36285e-05,32000,32000,32000,32000
7.823,-0.5,0.2,2,-0.500278,3.47334e-06,0.200127,-1.59394e-06,2.00109,-1.36283e-05,32000,32000,32000,32000
7.824,-0.5,0.2,2,-0.500278,3.4733e-06,0.200127,-1.59392e-06,2.00109,-1.36282e-05,32000,32000,32000,32000
7.825,-0.5,0.2,2,-0.500278,3.47326e-06,0.200127,-1.5939e-06,2.00109,-1.3628e-05,32000,32000,32000,32000
7.826,-0.5,0.2,2,-0.500278,3.47321e-06,0.200127,-1.59388e-06,2.00109,-1.36278e-05,32000,32000,32000,32000
7.827,-0.5,0.2,2,-0.500278,3.47317e-06,0.200127,-1.59386e-06,2.00109,-1.36276e-05,32000,32000,32000,32000
7.828,-0.5,0.2,2,-0.500278,3.47313e-06,0.200127,-1.59384e-06,2.00109,-1.36275e-05,32000,32000,32000,32000
7.829,-0.5,0.2,2,-0.500278,3.47308e-06,0.200127,-1.59382e-06,2.00109,-1.36273e-05,32000,32000,32000,32000
7.83,-0.5,0.2,2,-0.500278,3.47304e-06,0.200127,-1.5938e-06,2.00109,-1.36271e-05,32000,32000,32000,32000
7.831,-0.5,0.2,2,-0.500278,3.473e-06,0.200127,-1.59378e-06,2.00109,-1.3627e-05,32000,32000,32000,32000
7.832,-0.5,0.2,2,-0.500278,3.47295e-06,0.200127,-1.59376e-06,2.00109,-1.36268e-05,32000,32000,32000,32000
7.833,-0.5,0.2,2,-0.500278,3.47291e-06,0.200127,-1.59374e-06,2.00109,-1.36266e-05,32000,32000,32000,32000
7.834,-0.5,0.2,2,-0.500278,3.47287e-06,0.200127,-1.59372e-06,2.00109,-1.36265e-05,32000,32000,32000,32000
7.835,-0.5,0.2,2,-0.500278,3.47282e-06,0.200127,-1.5937e-06,2.00109,-1.36263e-05,32000,32000,32000,32000
7.836,-0.5,0.2,2,-0.500278,3.47278e-06,0.200127,-1.59368e-06,2.00109,-1.36261e-05,32000,32000,32000,32000
7.837,-0.5,0.2,2,-0.500278,3.47273e-06,0.200127,-1.59366e-06,2.00109,-1.36259e-05,32000,32000,32000,32000
7.838,-0.5,0.2,2,-0.500278,3.47269e-06,0.200127,-1.59364e-06,2.00109,-1.36258e-05,32000,32000,32000,32000
7.839,-0.5,0.2,2,-0.500278,3.47265e-06,0.200127,-1.59362e-06,2.00109,-1.36256e-05,32000,32000,32000,32000
7.84,-0.5,0.2,2,-0.500278,3.4726e-06,0.200127,-1.5936e-06,2.00109,-1.36254e-05,32000,32000,32000,32000
7.841,-0.5,0.2,2,-0.500278,3.47256e-06,0.200127,-1.59358e-06,2.00109,-1.36253e-05,32000,32000,32000,32000
7.842,-0.5,0.2,2,-0.500278,3.47252e-06,0.200127,-1.59356e-06,2.00109,-1.36251e-05,32000,32000,32000,32000
7.843,-0.5,0.2,2,-0.500278,3.47247e-06,0.200127,-1.59354e-06,2.00109,-1.36249e-05,32000,32000,32000,32000
7.844,-0.5,0.2,2,-0.500278,3.47243e-06,0.200127,-1.59352e-06,2.00109,-1.36248e-05,32000,32000,32000,32000
7.845,-0.5,0.2,2,-0.500278,3.47239e-06,0.200127,-1.5935e-06,2.00109,-1.36246e-05,32000,32000,32000,32000
7.846,-0.5,0.2,2,-0.500278,3.47234e-06,0.200127,-1.59348e-06,2.00109,-1.36244e-05,32000,32000,32000,32000
7.847,-0.5,0.2,2,-0.500278,3.4723e-06,0.200127,-1.59346e-06,2.00109,-1.36242e-05,32000,32000,32000,32000
7.848,-0.5,0.2,2,-0.500278,3.47226e-06,0.200127,-1.59344e-06,2.00109,-1.36241e-05,32000,32000,32000,32000
7.849,-0.5,0.2,2,-0.500278,3.47221e-06,0.200127,-1.59342e-06,2.00109,-1.36239e-05,32000,32000,32000,32000
7.85,-0.5,0.2,2,-0.500278,3.47217e-06,0.200127,-1.5934e-06,2.00109,-1.36237e-05,32000,32000,32000,32000
7.851,-0.5,0.2,2,-0.500278,3.47213e-06,0.200127,-1.59338e-06,2.00109,-1.36236e-05,32000,32000,32000,32000
7.852,-0.5,0.2,2,-0.500278,3.47208e-06,0.200127,-1.59336e-06,2.00109,-1.36234e-05,32000,32000,32000,32000
7.853,-0.5,0.2,2,-0.500278,3.47204e-06,0.200127,-1.59334e-06,2.00109,-1.36232e-05,32000,32000,32000,32000
7.854,-0.5,0.2,2,-0.500278,3.472e-06,0.200127,-1.59332e-06,2.00109,-1.3623e-05,32000,32000,32000,32000
7.855,-0.5,0.2,2,-0.500278,3.47195e-06,0.200127,-1.5933e-06,2.00109,-1.36229e-05,32000,32000,32000,32000
7.856,-0.5,0.2,2,-0.500278,3.47191e-06,0.200127,-1.59328e-06,2.00109,-1.36227e-05,32000,32000,32000,32000
7.857,-0.5,0.2,2,-0.500278,3.47187e-06,0.200127,-1.59326e-06,2.00109,-1.36225e-05,32000,32000,32000,32000
7.858,-0.5,0.2,2,-0.500278,3.47182e-06,0.200127,-1.59324e-06,2.00109,-1.36224e-05,32000,32000,32000,32000
7.859,-0.5,0.2,2,-0.500278,3.47178e-06,0.200127,-1.59322e-06,2.00109,-1.36222e-05,32000,32000,32000,32000
7.86,-0.5,0.2,2,-0.500278,3.47174e-06,0.200127,-1.5932e-06,2.00109,-1.3622e-05,32000,32000,32000,32000
7.861,-0.5,0.2,2,-0.500278,3.47169e-06,0.200127,-1.59318e-06,2.00109,-1.36219e-05,32000,32000,32000,32000
7.862,-0.5,0.2,2,-0.500278,3.47165e-06,0.200127,-1.59316e-06,2.00109,-1.36217e-05,32000,32000,32000,32000
7.863,-0.5,0.2,2,-0.500278,3.47161e-06,0.200127,-1.59314e-06,2.00109,-1.36215e-05,32000,32000,32000,32000
7.864,-0.5,0.2,2,-0.500278,3.47156e-06,0.200127,-1.59312e-06,2.00109,-1.36213e-05,32000,32000,32000,32000
7.865,-0.5,0.2,2,-0.500278,3.47152e-06,0.200127,-1.5931e-06,2.00109,-1.36212e-05,32000,32000,32000,32000
7.866,-0.5,0.2,2,-0.500278,3.47148e-06,0.200127,-1.59308e-06,2.00109,-1.3621e-05,32000,32000,32000,32000
7.867,-0.5,0.2,2,-0.500278,3.47143e-06,0.200127,-1.59306e-06,2.00109,-1.36208e-05,32000,32000,32000,32000
7.868,-0.5,0.2,2,-0.500278,3.47139e-06,0.200127,-1.59304e-06,2.00109,-1.36207e-05,32000,32000,32000,32000
7.869,-0.5,0.2,2,-0.500278,3.47135e-06,0.200127,-1.59302e-06,2.00109,-1.36205e-05,32000,32000,32000,32000
7.87,-0.5,0.2,2,-0.500278,3.4713e-06,0.200127,-1.593e-06,2.00109,-1.36203e-05,32000,32000,32000,32000
7.871,-0.5,0.2,2,-0.500278,3.47126e-06,0.200127,-1.59298e-06,2.00109,-1.36202e-05,32000,32000,32000,32000
7.872,-0.5,0.2,2,-0.500278,3.47122e-06,0.200127,-1.59296e-06,2.00109,-1.362e-05,32000,32000,32000,32000
7.873,-0.5,0.2,2,-0.500278,3.47117e-06,0.200127,-1.59294e-06,2.00109,-1.36198e-05,32000,32000,32000,32000
7.874,-0.5,0.2,2,-0.500278,3.47113e-06,0.200127,-1.59292e-06,2.00109,-1.36196e-05,32000,32000,32000,32000
7.875,-0.5,0.2,2,-0.500278,3.47109e-06,0.200127,-1.5929e-06,2.00109,-1.36195e-05,32000,32000,32000,32000
7.876,-0.5,0.2,2,-0.500278,3.47104e-06,0.200127,-1.59288e-06,2.00109,-1.36193e-05,32000,32000,32000,32000
7.877,-0.5,0.2,2,-0.500278,3.471e-06,0.200127,-1.59286e-06,2.00109,-1.36191e-05,32000,32000,32000,32000
7.878,-0.5,0.2,2,-0.500278,3.47095e-06,0.200127,-1.59284e-06,2.00109,-1.3619e-05,32000,32000,32000,32000
7.879,-0.5,0.2,2,-0.500278,3.47091e-06,0.200127,-1.59282e-06,2.00109,-1.36188e-05,32000,32000,32000,32000
7.88,-0.5,0.2,2,-0.500278,3.47087e-06,0.200127,-1.5928e-06,2.00109,-1.36186e-05,32000,32000,32000,32000
7.881,-0.5,0.2,2,-0.500278,3.47082e-06,0.200127,-1.59278e-06,2.00109,-1.36184e-05,32000,32000,32000,32000
7.882,-0.5,0.2,2,-0.500278,3.47078e-06,0.200127,-1.59276e-06,2.00109,-1.36183e-05,32000,32000,32000,32000
7.883,-0.5,0.2,2,-0.500278,3.47074e-06,0.200127,-1.59274e-06,2.00109,-1.36181e-05,32000,32000,32000,32000
7.884,-0.5,0.2,2,-0.500278,3.47069e-06,0.200127,-1.59272e-06,2.00109,-1.36179e-05,32000,32000,32000,32000
7.885,-0.5,0.2,2,-0.500278,3.47065e-06,0.200127,-1.5927e-06,2.00109,-1.36178e-05,32000,32000,32000,32000
7.886,-0.5,0.2,2,-0.500278,3.47061e-06,0.200127,-1.59268e-06,2.00109,-1.36176e-05,32000,32000,32000,32000
7.887,-0.5,0.2,2,-0.500278,3.47056e-06,0.200127,-1.59266e-06,2.00109,-1.36174e-05,32000,32000,32000,32000
7.888,-0.5,0.2,2,-0.500278,3.47052e-06,0.200127,-1.59264e-06,2.00109,-1.36173e-05,32000,32000,32000,32000
7.889,-0.5,0.2,2,-0.500278,3.47048e-06,0.200127,-1.59262e-06,2.00109,-1.36171e-05,32000,32000,32000,32000
7.89,-0.5,0.2,2,-0.500278,3.47043e-06,0.200127,-1.5926e-06,2.00109,-1.36169e-05,32000,32000,32000,32000
7.891,-0.5,0.2,2,-0.500278,3.47039e-06,0.200127,-1.59258e-06,2.00109,-1.36167e-05,32000,32000,32000,32000
7.892,-0.5,0.2,2,-0.500277,3.47035e-06,0.200127,-1.59256e-06,2.00109,-1.36166e-05,32000,32000,32000,32000
7.893,-0.5,0.2,2,-0.500277,3.4703e-06,0.200127,-1.59254e-06,2.00109,-1.36164e-05,32000,32000,32000,32000
7.894,-0.5,0.2,2,-0.500277,3.47026e-06,0.200127,-1.59252e-06,2.00109,-1.36162e-05,32000,32000,32000,32000
7.895,-0.5,0.2,2,-0.500277,3.47022e-06,0.200127,-1.5925e-06,2.00109,-1.36161e-05,32000,32000,32000,32000
7.896,-0.5,0.2,2,-0.500277,3.47017e-06,0.200127,-1.59248e-06,2.00109,-1.36159e-05,32000,32000,32000,32000
7.897,-0.5,0.2,2,-0.500277,3.47013e-06,0.200127,-1.59246e-06,2.00109,-1.36157e-05,32000,32000,32000,32000
7.898,-0.5,0.2,2,-0.500277,3.47009e-06,0.200127,-1.59244e-06,2.00109,-1.36156e-05,32000,32000,32000,32000
7.899,-0.5,0.2,2,-0.500277,3.47004e-06,0.200127,-1.59242e-06,2.00109,-1.36154e-05,32000,32000,32000,32000
7.9,-0.5,0.2,2,-0.500277,3.47e-06,0.200127,-1.5924e-06,2.00109,-1.36152e-05,32000,32000,32000,32000
7.901,-0.5,0.2,2,-0.500277,3.46996e-06,0.200127,-1.59238e-06,2.00109,-1.3615e-05,32000,32000,32000,32000
7.902,-0.5,0.2,2,-0.500277,3.46991e-06,0.200127,-1.59236e-06,2.00109,-1.36149e-05,32000,32000,32000,32000
7.903,-0.5,0.2,2,-0.500277,3.46987e-06,0.200127,-1.59234e-06,2.00109,-1.36147e-05,32000,32000,32000,32000
7.904,-0.5,0.2,2,-0.500277,3.46983e-06,0.200127,-1.59232e-06,2.00109,-1.36145e-05,32000,32000,32000,32000
7.905,-0.5,0.2,2,-0.500277,3.46978e-06,0.200127,-1.5923e-06,2.00109,-1.36144e-05,32000,32000,32000,32000
7.906,-0.5,0.2,2,-0.500277,3.46974e-06,0.200127,-1.59228e-06,2.00109,-1.36142e-05,32000,32000,32000,32000
7.907,-0.5,0.2,2,-0.500277,3.4697e-06,0.200127,-1.59226e-06,2.00109,-1.3614e-05,32000,32000,32000,32000
7.908,-0.5,0.2,2,-0.500277,3.46965e-06,0.200127,-1.59224e-06,2.00109,-1.36139e-05,32000,32000,32000,32000
7.909,-0.5,0.2,2,-0.500277,3.46961e-06,0.200127,-1.59222e-06,2.00109,-1.36137e-05,32000,32000,32000,32000
7.91,-0.5,0.2,2,-0.500277,3.46957e-06,0.200127,-1.5922e-06,2.00109,-1.36135e-05,32000,32000,32000,32000
7.911,-0.5,0.2,2,-0.500277,3.46952e-06,0.200127,-1.59218e-06,2.00109,-1.36133e-05,32000,32000,32000,32000
7.912,-0.5,0.2,2,-0.500277,3.46948e-06,0.200127,-1.59216e-06,2.00109,-1.36132e-05,32000,32000,32000,32000
7.913,-0.5,0.2,2,-0.500277,3.46944e-06,0.200127,-1.59214e-06,2.00109,-1.3613e-05,32000,32000,32000,32000
7.914,-0.5,0.2,2,-0.500277,3.46939e-06,0.200127,-1.59212e-06,2.00109,-1.36128e-05,32000,32000,32000,32000
7.915,-0.5,0.2,2,-0.500277,3.46935e-06,0.200127,-1.5921e-06,2.00109,-1.36127e-05,32000,32000,32000,32000
7.916,-0.5,0.2,2,-0.500277,3.46931e-06,0.200127,-1.59208e-06,2.00109,-1.36125e-05,32000,32000,32000,32000
7.917,-0.5,0.2,2,-0.500277,3.46926e-06,0.200127,-1.59206e-06,2.00109,-1.36123e-05,32000,32000,32000,32000
7.918,-0.5,0.2,2,-0.500277,3.46922e-06,0.200127,-1.59204e-06,2.00109,-1.36121e-05,32000,32000,32000,32000
7.919,-0.5,0.2,2,-0.500277,3.46918e-06,0.200127,-1.59202e-06,2.00109,-1.3612e-05,32000,32000,32000,32000
7.92,-0.5,0.2,2,-0.500277,3.46913e-06,0.200127,-1.592e-06,2.00109,-1.36118e-05,32000,32000,32000,32000
7.921,-0.5,0.2,2,-0.500277,3.46909e-06,0.200127,-1.59198e-06,2.00109,-1.36116e-05,32000,32000,32000,32000
7.922,-0.5,0.2,2,-0.500277,3.46905e-06,0.200127,-1.59196e-06,2.00109,-1.36115e-05,32000,32000,32000,32000
7.923,-0.5,0.2,2,-0.500277,3.469e-06,0.200127,-1.59194e-06,2.00109,-1.36113e-05,32000,32000,32000,32000
7.924,-0.5,0.2,2,-0.500277,3.46896e-06,0.200127,-1.59192e-06,2.00109,-1.36111e-05,32000,32000,32000,32000
7.925,-0.5,0.2,2,-0.500277,3.46892e-06,0.200127,-1.5919e-06,2.00109,-1.3611e-05,32000,32000,32000,32000
7.926,-0.5,0.2,2,-0.500277,3.46887e-06,0.200127,-1.59188e-06,2.00109,-1.36108e-05,32000,32000,32000,32000
7.927,-0.5,0.2,2,-0.500277,3.46883e-06,0.200127,-1.59186e-06,2.00109,-1.36106e-05,32000,32000,32000,32000
7.928,-0.5,0.2,2,-0.500277,3.46879e-06,0.200127,-1.59184e-06,2.00109,-1.36104e-05,32000,32000,32000,32000
7.929,-0.5,0.2,2,-0.500277,3.46874e-06,0.200127,-1.59182e-06,2.00109,-1.36103e-05,32000,32000,32000,32000
7.93,-0.5,0.2,2,-0.500277,3.4687e-06,0.200127,-1.5918e-06,2.00109,-1.36101e-05,32000,32000,32000,32000
7.931,-0.5,0.2,2,-0.500277,3.46865e-06,0.200127,-1.59178e-06,2.00109,-1.36099e-05,32000,32000,32000,32000
7.932,-0.5,0.2,2,-0.500277,3.46861e-06,0.200127,-1.59176e-06,2.00109,-1.36098e-05,32000,32000,32000,32000
7.933,-0.5,0.2,2,-0.500277,3.46857e-06,0.200127,-1.59174e-06,2.00109,-1.36096e-05,32000,32000,32000,32000
7.934,-0.5,0.2,2,-0.500277,3.46852e-06,0.200127,-1.59172e-06,2.00109,-1.36094e-05,32000,32000,32000,32000
7.935,-0.5,0.2,2,-0.500277,3.46848e-06,0.200127,-1.5917e-06,2.00109,-1.36093e-05,32000,32000,32000,32000
7.936,-0.5,0.2,2,-0.500277,3.46844e-06,0.200127,-1.59168e-06,2.00109,-1.36091e-05,32000,32000,32000,32000
7.937,-0.5,0.2,2,-0.500277,3.46839e-06,0.200127,-1.59166e-06,2.00109,-1.36089e-05,32000,32000,32000,32000
7.938,-0.5,0.2,2,-0.500277,3.46835e-06,0.200127,-1.59164e-06,2.00109,-1.36087e-05,32000,32000,32000,32000
7.939,-0.5,0.2,2,-0.500277,3.46831e-06,0.200127,-1.59163e-06,2.00109,-1.36086e-05,32000,32000,32000,32000
7.94,-0.5,0.2,2,-0.500277,3.46826e-06,0.200127,-1.59161e-06,2.00109,-1.36084e-05,32000,32000,32000,32000
7.941,-0.5,0.2,2,-0.500277,3.46822e-06,0.200127,-1.59159e-06,2.00109,-1.36082e-05,32000,32000,32000,32000
7.942,-0.5,0.2,2,-0.500277,3.46818e-06,0.200127,-1.59157e-06,2.00109,-1.36081e-05,32000,32000,32000,32000
7.943,-0.5,0.2,2,-0.500277,3.46813e-06,0.200127,-1.59155e-06,2.00109,-1.36079e-05,32000,32000,32000,32000
7.944,-0.5,0.2,2,-0.500277,3.46809e-06,0.200127,-1.59153e-06,2.00109,-1.36077e-05,32000,32000,32000,32000
7.945,-0.5,0.2,2,-0.500277,3.46805e-06,0.200127,-1.59151e-06,2.00109,-1.36076e-05,32000,32000,32000,32000
7.946,-0.5,0.2,2,-0.500277,3.468e-06,0.200127,-1.59149e-06,2.00109,-1.36074e-05,32000,32000,32000,32000
7.947,-0.5,0.2,2,-0.500277,3.46796e-06,0.200127,-1.59147e-06,2.00109,-1.36072e-05,32000,32000,32000,32000
7.948,-0.5,0.2,2,-0.500277,3.46792e-06,0.200127,-1.59145e-06,2.00109,-1.3607e-05,32000,32000,32000,32000
7.949,-0.5,0.2,2,-0.500277,3.46787e-06,0.200127,-1.59143e-06,2.00109,-1.36069e-05,32000,32000,32000,32000
7.95,-0.5,0.2,2,-0.500277,3.46783e-06,0.200127,-1.59141e-06,2.00109,-1.36067e-05,32000,32000,32000,32000
7.951,-0.5,0.2,2,-0.500277,3.46779e-06,0.200127,-1.59139e-06,2.00109,-1.36065e-05,32000,32000,32000,32000
7.952,-0.5,0.2,2,-0.500277,3.46774e-06,0.200127,-1.59137e-06,2.00109,-1.36064e-05,32000,32000,32000,32000
7.953,-0.5,0.2,2,-0.500277,3.4677e-06,0.200127,-1.59135e-06,2.00109,-1.36062e-05,32000,32000,32000,32000
7.954,-0.5,0.2,2,-0.500277,3.46766e-06,0.200127,-1.59133e-06,2.00109,-1.3606e-05,32000,32000,32000,32000
7.955,-0.5,0.2,2,-0.500277,3.46761e-06,0.200127,-1.59131e-06,2.00109,-1.36059e-05,32000,32000,32000,32000
7.956,-0.5,0.2,2,-0.500277,3.46757e-06,0.200127,-1.59129e-06,2.00109,-1.36057e-05,32000,32000,32000,32000
7.957,-0.5,0.2,2,-0.500277,3.46753e-06,0.200127,-1.59127e-06,2.00109,-1.36055e-05,32000,32000,32000,32000
7.958,-0.5,0.2,2,-0.500277,3.46748e-06,0.200127,-1.59125e-06,2.00109,-1.36053e-05,32000,32000,32000,32000
7.959,-0.5,0.2,2,-0.500277,3.46744e-06,0.200127,-1.59123e-06,2.00109,-1.36052e-05,32000,32000,32000,32000
7.96,-0.5,0.2,2,-0.500277,3.4674e-06,0.200127,-1.59121e-06,2.00109,-1.3605e-05,32000,32000,32000,32000
7.961,-0.5,0.2,2,-0.500277,3.46735e-06,0.200127,-1.59119e-06,2.00109,-1.36048e-05,32000,32000,32000,32000
7.962,-0.5,0.2,2,-0.500277,3.46731e-06,0.200127,-1.59117e-06,2.00109,-1.36047e-05,32000,32000,32000,32000
7.963,-0.5,0.2,2,-0.500277,3.46727e-06,0.200127,-1.59115e-06,2.00109,-1.36045e-05,32000,32000,32000,32000
7.964,-0.5,0.2,2,-0.500277,3.46722e-06,0.200127,-1.59113e-06,2.00109,-1.36043e-05,32000,32000,32000,32000
7.965,-0.5,0.2,2,-0.500277,3.46718e-06,0.200127,-1.59111e-06,2.00109,-1.36041e-05,32000,32000,32000,32000
7.966,-0.5,0.2,2,-0.500277,3.46714e-06,0.200127,-1.59109e-06,2.00109,-1.3604e-05,32000,32000,32000,32000
7.967,-0.5,0.2,2,-0.500277,3.46709e-06,0.200127,-1.59107e-06,2.00109,-1.36038e-05,32000,32000,32000,32000
7.968,-0.5,0.2,2,-0.500277,3.46705e-06,0.200127,-1.59105e-06,2.00109,-1.36036e-05,32000,32000,32000,32000
7.969,-0.5,0.2,2,-0.500277,3.46701e-06,0.200127,-1.59103e-06,2.00109,-1.36035e-05,32000,32000,32000,32000
7.97,-0.5,0.2,2,-0.500277,3.46696e-06,0.200127,-1.59101e-06,2.00109,-1.36033e-05,32000,32000,32000,32000
7.971,-0.5,0.2,2,-0.500277,3.46692e-06,0.200127,-1.59099e-06,2.00109,-1.36031e-05,32000,32000,32000,32000
7.972,-0.5,0.2,2,-0.500277,3.46688e-06,0.200127,-1.59097e-06,2.00109,-1.3603e-05,32000,32000,32000,32000
7.973,-0.5,0.2,2,-0.500277,3.46683e-06,0.200127,-1.59095e-06,2.00109,-1.36028e-05,32000,32000,32000,32000
7.974,-0.5,0.2,2,-0.500277,3.46679e-06,0.200127,-1.59093e-06,2.00109,-1.36026e-05,32000,32000,32000,32000
7.975,-0.5,0.2,2,-0.500277,3.46675e-06,0.200127,-1.59091e-06,2.00109,-1.36024e-05,32000,32000,32000,32000
7.976,-0.5,0.2,2,-0.500277,3.4667e-06,0.200127,-1.59089e-06,2.00109,-1.36023e-05,32000,32000,32000,32000
7.977,-0.5,0.2,2,-0.500277,3.46666e-06,0.200127,-1.59087e-06,2.00109,-1.36021e-05,32000,32000,32000,32000
7.978,-0.5,0.2,2,-0.500277,3.46662e-06,0.200127,-1.59085e-06,2.00109,-1.36019e-05,32000,32000,32000,32000
7.979,-0.5,0.2,2,-0.500277,3.46657e-06,0.200127,-1.59083e-06,2.00109,-1.36018e-05,32000,32000,32000,32000
7.98,-0.5,0.2,2,-0.500277,3.46653e-06,0.200127,-1.59081e-06,2.00109,-1.36016e-05,32000,32000,32000,32000
7.981,-0.5,0.2,2,-0.500277,3.46649e-06,0.200127,-1.59079e-06,2.00109,-1.36014e-05,32000,32000,32000,32000
7.982,-0.5,0.2,2,-0.500277,3.46644e-06,0.200127,-1.59077e-06,2.00109,-1.36013e-05,32000,32000,32000,32000
7.983,-0.5,0.2,2,-0.500277,3.4664e-06,0.200127,-1.59075e-06,2.00109,-1.36011e-05,32000,32000,32000,32000
7.984,-0.5,0.2,2,-0.500277,3.46636e-06,0.200127,-1.59073e-06,2.00109,-1.36009e-05,32000,32000,32000,32000
7.985,-0.5,0.2,2,-0.500277,3.46631e-06,0.200127,-1.59071e-06,2.00109,-1.36007e-05,32000,32000,32000,32000
7.986,-0.5,0.2,2,-0.500277,3.46627e-06,0.200127,-1.59069e-06,2.00109,-1.36006e-05,32000,32000,32000,32000
7.987,-0.5,0.2,2,-0.500277,3.46623e-06,0.200127,-1.59067e-06,2.00109,-1.36004e-05,32000,32000,32000,32000
7.988,-0.5,0.2,2,-0.500277,3.46618e-06,0.200127,-1.59065e-06,2.00109,-1.36002e-05,32000,32000,32000,32000
7.989,-0.5,0.2,2,-0.500277,3.46614e-06,0.200127,-1.59063e-06,2.00109,-1.36001e-05,32000,32000,32000,32000
7.99,-0.5,0.2,2,-0.500277,3.4661e-06,0.200127,-1.59061e-06,2.00109,-1.35999e-05,32000,32000,32000,32000
7.991,-0.5,0.2,2,-0.500277,3.46605e-06,0.200127,-1.59059e-06,2.00109,-1.35997e-05,32000,32000,32000,32000
7.992,-0.5,0.2,2,-0.500277,3.46601e-06,0.200127,-1.59057e-06,2.00109,-1.35996e-05,32000,32000,32000,32000
7.993,-0.5,0.2,2,-0.500277,3.46597e-06,0.200127,-1.59055e-06,2.00109,-1.35994e-05,32000,32000,32000,32000
7.994,-0.5,0.2,2,-0.500277,3.46592e-06,0.200127,-1.59053e-06,2.00109,-1.35992e-05,32000,32000,32000,32000
7.995,-0.5,0.2,2,-0.500277,3.46588e-06,0.200127,-1.59051e-06,2.00109,-1.3599e-05,32000,32000,32000,32000
7.996,-0.5,0.2,2,-0.500277,3.46584e-06,0.200127,-1.59049e-06,2.00109,-1.35989e-05,32000,32000,32000,32000
7.997,-0.5,0.2,2,-0.500277,3.46579e-06,0.200127,-1.59047e-06,2.00109,-1.35987e-05,32000,32000,32000,32000
7.998,-0.5,0.2,2,-0.500277,3.46575e-06,0.200127,-1.59045e-06,2.00109,-1.35985e-05,32000,32000,32000,32000
7.999,-0.5,0.2,2,-0.500277,3.46571e-06,0.200127,-1.59043e-06,2.00109,-1.35984e-05,32000,32000,32000,32000
8,0,0,0,-0.500277,3.46571e-06,0.200127,-1.59043e-06,1.99839,-2.69507,0,64000,64000,0
8.001,0,0,0,-0.500277,3.46571e-06,0.200127,-1.59043e-06,1.993,-5.39013,0,64000,64000,0
8.002,0,0,0,-0.500277,3.46571e-06,0.200127,-1.59043e-06,1.98492,-8.08519,0,64000,64000,0
8.003,0,0,0,-0.500268,0.00915405,0.200118,-0.00915218,1.97416,-10.7544,0,63382.4,64000,0
8.004,0,0,0,-0.500199,0.0688214,0.200049,-0.0688195,1.96088,-13.2807,0,59858.3,64000,0
8.005,0,0,0,-0.500026,0.173285,0.199876,-0.173283,1.9452,-15.6803,0,56549.9,64000,0
8.006,0,0,0,-0.499708,0.317647,0.199558,-0.317645,1.92723,-17.967,0,53430.9,64000,0
8.007,0,0,0,-0.49921,0.497953,0.199061,-0.497415,1.90708,-20.1521,1518.32,50479.2,64000,0
8.008,0,0,0,-0.498498,0.712649,0.198354,-0.706787,1.88484,-22.2399,4783.98,47676.6,64000,0
8.009,0,0,0,-0.497537,0.960818,0.197414,-0.940091,1.86061,-24.233,7993.81,45014.4,64000,0
8.01,0,0,0,-0.496295,1.24173,0.196222,-1.19212,1.83448,-26.1336,11141.9,42486.2,64000,0
8.011,0,0,0,-0.49474,1.55476,0.194764,-1.4581,1.80653,-27.9432,14222,40087.1,64000,0
8.012,0,0,0,-0.492841,1.8994,0.19303,-1.73369,1.77687,-29.6635,17227.6,37813.1,64000,0
8.013,0,0,0,-0.490566,2.27493,0.191015,-2.01519,1.74557,-31.2952,20152.4,35660.4,64000,1368.43
8.014,0,0,0,-0.487887,2.679,0.188714,-2.30091,1.71274,-32.8343,22990.1,33627.1,64000,4448.21
8.015,0,0,0,-0.484792,3.09487,0.186138,-2.57581,1.6785,-34.2368,25733.1,31717,63050.7,7499.21
8.016,0,0,0,-0.481312,3.47963,0.183339,-2.7994,1.64312,-35.3873,28325.3,29949.3,59262.7,10462.7
8.017,0,0,0,-0.477475,3.83728,0.180359,-2.97938,1.6068,-36.3114,30622.6,28367.6,55819.7,13190.1
8.018,0,0,0,-0.473304,4.17095,0.177237,-3.12237,1.56977,-37.0319,32652.3,26960.4,52686.4,15700.9
8.019,0,0,0,-0.468821,4.48308,0.174003,-3.23407,1.5322,-37.5695,34439,25716.5,49832.3,18012.1
8.02,0,0,0,-0.464046,4.77563,0.170684,-3.31938,1.49426,-37.9429,36005.4,24625.1,47230.3,20139.2
8.021,0,0,0,-0.458995,5.05013,0.167301,-3.38256,1.45609,-38.1692,37371.9,23675.6,44856.4,22096.1
8.022,0,0,0,-0.453688,5.30783,0.163874,-3.42725,1.41783,-38.2637,38557.4,22858.1,42689.2,23895.3
8.023,0,0,0,-0.448138,5.54975,0.160417,-3.45659,1.37959,-38.2404,39579,22162.9,40709.9,25548.2
8.024,0,0,0,-0.442361,5.77673,0.156944,-3.47331,1.34147,-38.1121,40452.3,21581.2,38901.2,27065.4
8.025,0,0,0,-0.436372,5.98946,0.153464,-3.47971,1.30358,-37.8905,41191.5,21104.3,37247.8,28456.4
8.026,0,0,0,-0.430183,6.18856,0.149986,-3.47778,1.266,-37.586,41809.7,20724,35736.1,29730.2
8.027,0,0,0,-0.423809,6.37456,0.146517,-3.46921,1.22879,-37.2085,42318.8,20432.8,34353.5,30895
8.028,0,0,0,-0.417261,6.5479,0.143062,-3.45541,1.19202,-36.7665,42729.5,20223.4,33088.7,31958.4
8.029,0,0,0,-0.410552,6.70903,0.139624,-3.4376,1.15576,-36.2683,43051.8,20089,31931.6,32927.6
8.03,0,0,0,-0.403693,6.85833,0.136207,-3.41676,1.12003,-35.721,43294.7,20023.2,30873,33809.1
8.031,0,0,0,-0.396697,6.99617,0.132814,-3.39372,1.0849,-35.1315,43466.5,20020,29904.3,34609.2
8.032,0,0,0,-0.389574,7.12287,0.129445,-3.36915,1.0504,-34.5057,43574.5,20073.7,29018,35333.8
8.033,0,0,0,-0.382335,7.23878,0.126101,-3.34361,1.01655,-33.8492,43625.8,20179.1,28207.1,35988.1
8.034,0,0,0,-0.374991,7.34421,0.122783,-3.31751,0.983381,-33.167,43626.5,20331,27465.2,36577.3
8.035,0,0,0,-0.367552,7.43944,0.119492,-3.29119,0.950917,-32.4638,43582.3,20524.7,26786.7,37106.3
8.036,0,0,0,-0.360027,7.52479,0.116227,-3.2649,0.919173,-31.7437,43498.4,20756,26166.2,37579.4
8.037,0,0,0,-0.352426,7.60053,0.112989,-3.23881,0.888163,-31.0105,43379.5,21020.7,25598.9,38000.9
8.038,0,0,0,-0.34476,7.66693,0.109775,-3.21305,0.857895,-30.2676,43230,21314.8,25080.5,38374.7
8.039,0,0,0,-0.337035,7.72428,0.106588,-3.18768,0.828377,-29.5182,43053.7,21634.8,24607,38704.5
8.04,0,0,0,-0.329262,7.77283,0.103425,-3.16272,0.799612,-28.7649,42854.2,21977.2,24174.8,38993.7
8.041,0,0,0,-0.32145,7.81284,0.100287,-3.13818,0.771602,-28.0104,42634.9,22339.1,23780.4,39245.7
8.042,0,0,0,-0.313605,7.84456,0.0971729,-3.114,0.744345,-27.2569,42398.5,22717.3,23421,39463.2
8.043,0,0,0,-0.305737,7.86825,0.0940827,-3.09015,0.717838,-26.5064,42147.9,23109.1,23093.7,39649.3
8.044,0,0,0,-0.297853,7.88415,0.0910162,-3.06654,0.692077,-25.7608,41885.4,23512.1,22796,39806.6
8.045,0,0,0,-0.28996,7.89249,0.0879731,-3.04309,0.667056,-25.0216,41613.2,23923.8,22525.7,39937.3
8.046,0,0,0,-0.282067,7.89352,0.0849534,-3.01971,0.642766,-24.2903,41333.3,24342,22280.7,40044
8.047,0,0,0,-0.274179,7.88746,0.0819571,-2.99629,0.619198,-23.568,41047.6,24764.9,22059,40128.6
8.048,0,0,0,-0.266305,7.87454,0.0789843,-2.97275,0.596342,-22.856,40757.6,25190.4,21859,40193.1
8.049,0,0,0,-0.25845,7.85499,0.0760354,-2.94897,0.574186,-22.1551,40464.7,25616.9,21679,40239.4
8.05,0,0,0,-0.250621,7.82904,0.0731105,-2.92486,0.55272,-21.4662,40170.4,26042.8,21517.7,40269
8.051,0,0,0,-0.242824,7.7969,0.0702102,-2.90032,0.53193,-20.79,39875.8,26466.7,21373.8,40283.7
8.052,0,0,0,-0.235065,7.75878,0.0673349,-2.87527,0.511803,-20.127,39581.9,26887.3,21246.1,40284.8
8.053,0,0,0,-0.22735,7.71492,0.0644853,-2.84961,0.492325,-19.4777,39289.6,27303.4,21133.4,40273.6
8.054,0,0,0,-0.219684,7.66551,0.061662,-2.82328,0.473483,-18.8426,38999.8,27713.9,21034.9,40251.3
8.055,0,0,0,-0.212074,7.61077,0.0588658,-2.79619,0.455261,-18.2219,38713.2,28118,20949.7,40219.1
8.056,0,0,0,-0.204523,7.55091,0.0560975,-2.76829,0.437645,-17.6158,38430.4,28514.7,20876.9,40178
8.057,0,0,0,-0.197037,7.48615,0.053358,-2.73952,0.420621,-17.0245,38152,28903.2,20815.9,40128.9
8.058,0,0,0,-0.18962,7.41667,0.0506482,-2.70984,0.404173,-16.4482,37878.5,29283,20765.9,40072.6
8.059,0,0,0,-0.182277,7.34269,0.047969,-2.67919,0.388286,-15.8868,37610.3,29653.4,20726.4,40010
8.06,0,0,0,-0.175013,7.26442,0.0453214,-2.64755,0.372945,-15.3403,37347.6,30013.9,20696.8,39941.7
8.061,0,0,0,-0.167831,7.18204,0.0427065,-2.61491,0.358137,-14.8088,37090.9,30364.1,20676.6,39868.4
8.062,0,0,0,-0.160735,7.09577,0.0401253,-2.58122,0.343845,-14.292,36840.4,30703.6,20665.3,39790.7
8.063,0,0,0,-0.153729,7.00579,0.0375788,-2.5465,0.330055,-13.7899,36596.2,31032.1,20662.6,39709.2
8.064,0,0,0,-0.146817,6.9123,0.0350681,-2.51074,0.316752,-13.3024,36358.5,31349.4,20668,39624.1
8.065,0,0,0,-0.140001,6.81549,0.0325941,-2.47393,0.303923,-12.8291,36127.4,31655.4,20681.1,39536.1
8.066,0,0,0,-0.133286,6.71556,0.030158,-2.4361,0.291553,-12.37,35903,31949.7,20701.8,39445.5
8.067,0,0,0,-0.126673,6.61269,0.0277608,-2.39724,0.279628,-11.9247,35685.4,32232.4,20729.6,39352.7
8.068,0,0,0,-0.120166,6.50707,0.0254034,-2.3574,0.268135,-11.4931,35474.5,32503.4,20764.2,39257.9
8.069,0,0,0,-0.113767,6.39888,0.0230868,-2.31658,0.257061,-11.0748,35270.4,32762.8,20805.4,39161.4
8.07,0,0,0,-0.107479,6.2883,0.020812,-2.27482,0.246391,-10.6697,35073,33010.4,20853,39063.5
8.071,0,0,0,-0.101303,6.17552,0.0185798,-2.23216,0.236114,-10.2773,34882.3,33246.5,20906.7,38964.5
8.072,0,0,0,-0.0952428,6.06069,0.0163912,-2.18863,0.226216,-9.89749,34698.3,33470.9,20966.3,38864.4
8.073,0,0,0,-0.0892988,5.944,0.0142469,-2.14427,0.216686,-9.5299,34520.8,33684,21031.6,38763.6
8.074,0,0,0,-0.0834731,5.82562,0.0121478,-2.09913,0.207512,-9.17422,34349.8,33885.8,21102.3,38662.1
8.075,0,0,0,-0.0777674,5.70571,0.0100945,-2.05326,0.198682,-8.83017,34185.2,34076.4,21178.3,38560.1
8.076,0,0,0,-0.072183,5.58442,0.00808785,-2.00669,0.190184,-8.49744,34026.8,34256.1,21259.3,38457.8
8.077,0,0,0,-0.0667211,5.46193,0.00612836,-1.95949,0.182009,-8.17572,33874.5,34425,21345.3,38355.1
8.078,0,0,0,-0.0613827,5.33839,0.00421667,-1.9117,0.174144,-7.86472,33728.3,34583.3,21436,38252.3
8.079,0,0,0,-0.0561687,5.21395,0.00235329,-1.86337,0.16658,-7.56413,33588,34731.3,21531.2,38149.5
8.08,0,0,0,-0.05108,5.08875,0.000538716,-1.81457,0.159306,-7.27366,33453.4,34869.2,21630.8,38046.6
8.081,0,0,0,-0.046117,4.96294,-0.00122663,-1.76535,0.152313,-6.99302,33324.5,34997.1,21734.6,37943.8
8.082,0,0,0,-0.0412804,4.83666,-0.00294239,-1.71576,0.145591,-6.72191,33201,35115.4,21842.4,37841.1
8.083,0,0,0,-0.0365703,4.71006,-0.00460825,-1.66585,0.139131,-6.46005,33082.9,35224.4,21954.1,37738.7
8.084,0,0,0,-0.0319871,4.58325,-0.00622394,-1.61569,0.132924,-6.20717,32970,35324.1,22069.4,37636.5
8.085,0,0,0,-0.0275307,4.45637,-0.00778927,-1.56533,0.126961,-5.96299,32862.1,35415,22188.3,37534.6
8.086,0,0,0,-0.0232012,4.32954,-0.0093041,-1.51483,0.121234,-5.72724,32759.2,35497.2,22310.6,37433
8.087,0,0,0,-0.0189983,4.2029,-0.0107683,-1.46423,0.115734,-5.49967,32661.1,35571.1,22436,37331.8
8.088,0,0,0,-0.0149217,4.07654,-0.0121819,-1.41359,0.110454,-5.28003,32567.6,35636.9,22564.5,37231
8.089,0,0,0,-0.0109711,3.95059,-0.0135449,-1.36297,0.105386,-5.06805,32478.6,35694.9,22695.9,37130.7
8.09,0,0,0,-0.007146,3.82515,-0.0148573,-1.31242,0.100522,-4.86352,32393.9,35745.3,22830,37030.9
8.091,0,0,0,-0.00344566,3.70033,-0.0161193,-1.26199,0.0958563,-4.66618,32313.5,35788.3,22966.6,36931.5
8.092,0,0,0,0.00013057,3.57623,-0.017331,-1.21173,0.0913805,-4.47581,32237.3,35824.4,23105.6,36832.8
8.093,0,0,0,0.00358352,3.45295,-0.0184927,-1.16169,0.0870883,-4.2922,32165,35853.6,23246.9,36734.6
8.094,0,0,0,0.0069141,3.33058,-0.0196047,-1.11192,0.0829731,-4.11513,32096.5,35876.3,23390.2,36637
8.095,0,0,0,0.0101233,3.2092,-0.0206671,-1.06246,0.0790288,-3.94438,32031.8,35892.7,23535.4,36540
8.096,0,0,0,0.0132122,3.08891,-0.0216805,-1.01336,0.075249,-3.77976,31970.7,35903.1,23682.5,36443.7
8.097,0,0,0,0.016182,2.96978,-0.0226451,-0.964653,0.0716279,-3.62108,31913.1,35907.8,23831.1,36348.1
8.098,0,0,0,0.0190339,2.8519,-0.0235615,-0.916393,0.0681598,-3.46814,31858.9,35906.9,23981.1,36253.1
8.099,0,0,0,0.0217692,2.73533,-0.0244301,-0.868616,0.064839,-3.32076,31807.9,35900.7,24132.5,36159
8.1,0,0,0,0.0243894,2.62014,-0.0252515,-0.821361,0.0616603,-3.17876,31760.1,35889.4,24284.9,36065.5
8.101,0,0,0,0.0268958,2.5064,-0.0260262,-0.774663,0.0586183,-3.04198,31715.4,35873.3,24438.4,35972.9
8.102,0,0,0,0.0292899,2.39418,-0.0267547,-0.728559,0.055708,-2.91024,31673.6,35852.6,24592.8,35881
8.103,0,0,0,0.0315735,2.28352,-0.0274378,-0.683081,0.0529247,-2.78338,31634.6,35827.6,24747.8,35790
8.104,0,0,0,0.033748,2.1745,-0.0280761,-0.638261,0.0502634,-2.66125,31598.5,35798.4,24903.4,35699.8
8.105,0,0,0,0.0358151,2.06714,-0.0286702,-0.59413,0.0477197,-2.54369,31564.9,35765.2,25059.4,35610.5
8.106,0,0,0,0.0377766,1.96152,-0.0292209,-0.550715,0.0452892,-2.43056,31534,35728.3,25215.7,35522.1
8.107,0,0,0,0.0396343,1.85766,-0.0297289,-0.508043,0.0429674,-2.32172,31505.5,35687.9,25372.1,35434.6
8.108,0,0,0,0.0413899,1.75562,-0.0301951,-0.466139,0.0407504,-2.21703,31479.4,35644.1,25528.5,35348
8.109,0,0,0,0.0430453,1.65542,-0.0306201,-0.425026,0.0386341,-2.11635,31455.6,35597.2,25684.8,35262.4
8.11,0,0,0,0.0446024,1.55711,-0.0310048,-0.384726,0.0366145,-2.01956,31434,35547.3,25840.9,35177.8
8.111,0,0,0,0.0460631,1.46071,-0.0313501,-0.345258,0.034688,-1.92653,31414.5,35494.7,25996.6,35094.2
8.112,0,0,0,0.0474294,1.36625,-0.0316567,-0.30664,0.0328508,-1.83714,31397.2,35439.5,26151.8,35011.5
8.113,0,0,0,0.0487031,1.27377,-0.0319256,-0.268889,0.0310996,-1.75127,31381.8,35381.8,26306.5,34930
8.114,0,0,0,0.0498864,1.18327,-0.0321576,-0.23202,0.0294308,-1.66881,31368.3,35322,26460.4,34849.4
8.115,0,0,0,0.0509812,1.09479,-0.0323537,-0.196046,0.0278411,-1.58964,31356.6,35260,26613.4,34770
8.116,0,0,0,0.0519896,1.00834,-0.0325147,-0.160979,0.0263275,-1.51366,31346.7,35196.2,26765.6,34691.6
8.117,0,0,0,0.0529135,0.923932,-0.0326415,-0.12683,0.0248867,-1.44076,31338.5,35130.5,26916.7,34614.3
8.118,0,0,0,0.0537551,0.841578,-0.0327351,-0.0936061,0.0235159,-1.37084,31331.9,35063.3,27066.7,34538.1
8.119,0,0,0,0.0545164,0.76129,-0.0327964,-0.0613157,0.022212,-1.3038,31326.9,34994.6,27215.5,34463
8.12,0,0,0,0.0551994,0.683073,-0.0328264,-0.0299646,0.0209725,-1.23955,31323.3,34924.6,27362.9,34389.1
8.121,0,0,0,0.0558064,0.606933,-0.0328259,0.00044256,0.0197945,-1.17799,31321.2,34853.4,27509,34316.3
8.122,0,0,0,0.0563392,0.532871,-0.032796,0.0299026,0.0186755,-1.11903,31320.5,34781.2,27653.6,34244.7
8.123,0,0,0,0.0568001,0.460887,-0.0327376,0.0584136,0.0176129,-1.06258,31321,34708.1,27796.7,34174.3
8.124,0,0,0,0.0571911,0.39098,-0.0326517,0.0859748,0.0166043,-1.00856,31322.8,34634.1,27938.1,34105
8.125,0,0,0,0.0575142,0.323146,-0.0325391,0.112587,0.0156474,-0.95688,31325.8,34559.5,28077.8,34036.9
8.126,0,0,0,0.0577716,0.257377,-0.0324008,0.138251,0.01474,-0.907459,31329.9,34484.4,28215.8,33970
8.127,0,0,0,0.0579653,0.193667,-0.0322378,0.16297,0.0138798,-0.86022,31335.1,34408.8,28351.9,33904.2
8.128,0,0,0,0.0580973,0.132005,-0.0320511,0.186748,0.0130647,-0.815084,31341.3,34332.8,28486.2,33839.7
8.129,0,0,0,0.0581697,0.0723801,-0.0318415,0.209591,0.0122927,-0.771977,31348.4,34256.7,28618.5,33776.4
8.13,0,0,0,0.0581845,0.0147788,-0.03161,0.231502,0.0115619,-0.730825,31356.5,34180.4,28748.9,33714.2
8.131,0,0,0,0.0581436,-0.0408136,-0.0313575,0.252491,0.0108703,-0.691558,31365.5,34104.1,28877.2,33653.3
8.132,0,0,0,0.0580492,-0.0944134,-0.0310849,0.272563,0.0102162,-0.654106,31375.2,34027.8,29003.4,33593.6
8.133,0,0,0,0.0579032,-0.146039,-0.0307932,0.291728,0.00959782,-0.618401,31385.7,33951.7,29127.5,33535
8.134,0,0,0,0.0577075,-0.195708,-0.0304832,0.309995,0.00901344,-0.584379,31396.9,33875.9,29249.5,33477.7
8.135,0,0,0,0.057464,-0.243442,-0.0301559,0.327375,0.00846146,-0.551976,31408.8,33800.3,29369.3,33421.5
8.136,0,0,0,0.0571748,-0.289263,-0.029812,0.343878,0.00794033,-0.521129,31421.3,33725.2,29486.9,33366.6
8.137,0,0,0,0.0568416,-0.333193,-0.0294525,0.359515,0.00744855,-0.491779,31434.4,33650.5,29602.3,33312.8
8.138,0,0,0,0.0564663,-0.375257,-0.0290782,0.374299,0.00698469,-0.463866,31448,33576.4,29715.4,33260.2
8.139,0,0,0,0.0560508,-0.415479,-0.0286899,0.388242,0.00654735,-0.437334,31462.1,33502.9,29826.2,33208.8
8.14,0,0,0,0.055597,-0.453885,-0.0282886,0.401359,0.00613523,-0.412128,31476.7,33430,29934.7,33158.6
8.141,0,0,0,0.0551065,-0.490502,-0.0278749,0.413662,0.00574703,-0.388193,31491.6,33357.9,30040.9,33109.5
8.142,0,0,0,0.0545811,-0.525357,-0.0274497,0.425166,0.00538155,-0.365479,31506.9,33286.6,30144.9,33061.6
8.143,0,0,0,0.0540226,-0.55848,-0.0270138,0.435886,0.00503762,-0.343933,31522.6,33216.2,30246.4,33014.8
8.144,0,0,0,0.0534327,-0.5899,-0.026568,0.445837,0.00471411,-0.323508,31538.5,33146.6,30345.7,32969.2
8.145,0,0,0,0.0528131,-0.619645,-0.026113,0.455034,0.00440996,-0.304155,31554.7,33078,30442.6,32924.6
8.146,0,0,0,0.0521653,-0.647747,-0.0256495,0.463494,0.00412413,-0.285829,31571.2,33010.4,30537.2,32881.2
8.147,0,0,0,0.0514911,-0.674237,-0.0251782,0.471232,0.00385564,-0.268484,31587.8,32943.9,30629.4,32838.9
8.148,0,0,0,0.0507919,-0.699147,-0.0247,0.478266,0.00360356,-0.252078,31604.5,32878.4,30719.4,32797.7
8.149,0,0,0,0.0500694,-0.722507,-0.0242154,0.48461,0.003367,-0.236568,31621.4,32814,30807,32757.6
8.15,0,0,0,0.0493251,-0.744351,-0.0237251,0.490284,0.00314508,-0.221915,31638.4,32750.8,30892.2,32718.5
8.151,0,0,0,0.0485604,-0.764711,-0.0232298,0.495302,0.002937,-0.208078,31655.4,32688.8,30975.2,32680.5
8.152,0,0,0,0.0477768,-0.78362,-0.0227301,0.499683,0.00274198,-0.19502,31672.5,32628,31055.9,32643.5
8.153,0,0,0,0.0469756,-0.801112,-0.0222267,0.503444,0.00255928,-0.182705,31689.6,32568.5,31134.3,32607.6
8.154,0,0,0,0.0461584,-0.81722,-0.0217201,0.506602,0.00238818,-0.171097,31706.7,32510.2,31210.5,32572.7
8.155,0,0,0,0.0453264,-0.831977,-0.0212109,0.509174,0.00222802,-0.160162,31723.7,32453.2,31284.4,32538.8
8.156,0,0,0,0.044481,-0.845418,-0.0206997,0.511179,0.00207815,-0.149867,31740.6,32397.5,31356.1,32505.8
8.157,0,0,0,0.0436235,-0.857576,-0.0201871,0.512633,0.00193797,-0.140181,31757.5,32343.1,31425.6,32473.8
8.158,0,0,0,0.042755,-0.868485,-0.0196735,0.513553,0.0018069,-0.131072,31774.2,32290.1,31492.9,32442.8
8.159,0,0,0,0.0418768,-0.878179,-0.0191596,0.513958,0.00168439,-0.122513,31790.8,32238.5,31558,32412.8
8.16,0,0,0,0.0409901,-0.886693,-0.0186457,0.513864,0.00156991,-0.114474,31807.2,32188.2,31621,32383.6
8.161,0,0,0,0.040096,-0.894058,-0.0181324,0.513289,0.00146298,-0.106929,31823.5,32139.3,31681.9,32355.4
8.162,0,0,0,0.0391957,-0.900311,-0.0176202,0.51225,0.00136313,-0.0998519,31839.6,32091.7,31740.7,32328
8.163,0,0,0,0.0382902,-0.905483,-0.0171094,0.510764,0.00126991,-0.093217,31855.4,32045.6,31797.4,32301.6
8.164,0,0,0,0.0373806,-0.909609,-0.0166005,0.508847,0.00118291,-0.0870007,31871.1,32000.8,31852.1,32276
8.165,0,0,0,0.0364679,-0.912722,-0.016094,0.506518,0.00110173,-0.0811802,31886.5,31957.5,31904.8,32251.3
8.166,0,0,0,0.0355531,-0.914855,-0.0155902,0.503791,0.001026,-0.0757334,31901.6,31915.6,31955.5,32227.3
8.167,0,0,0,0.034637,-0.916041,-0.0150896,0.500684,0.00095536,-0.0706393,31916.5,31875,32004.3,32204.3
8.168,0,0,0,0.0337207,-0.916312,-0.0145923,0.497213,0.000889482,-0.0658778,31931,31835.8,32051.1,32182
8.169,0,0,0,0.032805,-0.915702,-0.0140989,0.493394,0.000828053,-0.0614298,31945.3,31798.1,32096.1,32160.5
8.17,0,0,0,0.0318908,-0.914241,-0.0136097,0.489243,0.000770776,-0.0572769,31959.3,31761.7,32139.3,32139.7
8.171,0,0,0,0.0309788,-0.911961,-0.0131249,0.484775,0.000717374,-0.0534016,31973,31726.7,32180.6,32119.8
8.172,0,0,0,0.0300699,-0.908894,-0.0126449,0.480005,0.000667587,-0.0497873,31986.3,31693.1,32220.1,32100.5
8.173,0,0,0,0.0291648,-0.905071,-0.01217,0.47495,0.000621169,-0.046418,31999.3,31660.8,32257.9,32082
8.174,0,0,0,0.0282643,-0.900523,-0.0117003,0.469624,0.00057789,-0.0432788,32012,31629.8,32293.9,32064.2
8.175,0,0,0,0.027369,-0.895279,-0.0112363,0.46404,0.000537535,-0.0403552,32024.4,31600.2,32328.3,32047.1
8.176,0,0,0,0.0264797,-0.88937,-0.0107781,0.458215,0.000499901,-0.0376337,32036.3,31572,32361,32030.7
8.177,0,0,0,0.0255968,-0.882825,-0.0103259,0.452162,0.0004648,-0.0351012,32048,31545,32392.1,32015
8.178,0,0,0,0.0247212,-0.875672,-0.00988004,0.445894,0.000432054,-0.0327456,32059.2,31519.3,32421.6,31999.9
8.179,0,0,0,0.0238532,-0.867941,-0.00944061,0.439426,0.000401499,-0.0305552,32070.1,31494.9,32449.5,31985.4
8.18,0,0,0,0.0229936,-0.859659,-0.00900784,0.43277,0.00037298,-0.028519,32080.7,31471.8,32475.9,31971.6
8.181,0,0,0,0.0221427,-0.850854,-0.0085819,0.42594,0.000346353,-0.0266267,32090.9,31449.9,32500.9,31958.3
8.182,0,0,0,0.0213012,-0.841553,-0.00816296,0.418948,0.000321485,-0.0248684,32100.7,31429.3,32524.4,31945.7
8.183,0,0,0,0.0204694,-0.831783,-0.00775115,0.411806,0.00029825,-0.0232349,32110.1,31409.8,32546.5,31933.6
8.184,0,0,0,0.0196478,-0.821569,-0.00734662,0.404528,0.000276533,-0.0217174,32119.2,31391.5,32567.2,31922.1
8.185,0,0,0,0.0188369,-0.810937,-0.0069495,0.397124,0.000256225,-0.0203077,32127.9,31374.4,32586.6,31911.2
8.186,0,0,0,0.018037,-0.799913,-0.00655989,0.389606,0.000237227,-0.0189982,32136.2,31358.5,32604.6,31900.8
8.187,0,0,0,0.0172484,-0.78852,-0.00617791,0.381986,0.000219445,-0.0177815,32144.1,31343.6,32621.4,31890.9
8.188,0,0,0,0.0164716,-0.776783,-0.00580363,0.374274,0.000202794,-0.0166508,32151.7,31329.9,32636.9,31881.5
8.189,0,0,0,0.0157069,-0.764726,-0.00543715,0.36648,0.000187195,-0.0155998,32158.9,31317.2,32651.2,31872.7
8.19,0,0,0,0.0149546,-0.75237,-0.00507854,0.358616,0.000172572,-0.0146224,32165.8,31305.6,32664.3,31864.3
8.191,0,0,0,0.0142148,-0.739739,-0.00472784,0.350691,0.000158859,-0.0137131,32172.3,31295,32676.3,31856.4
8.192,0,0,0,0.013488,-0.726855,-0.00438513,0.342715,0.000145992,-0.0128667,32178.4,31285.5,32687.2,31848.9
8.193,0,0,0,0.0127742,-0.713739,-0.00405043,0.334698,0.000133914,-0.0120783,32184.2,31276.9,32697,31841.9
8.194,0,0,0,0.0120738,-0.700411,-0.00372378,0.326647,0.000122571,-0.0113433,32189.7,31269.3,32705.7,31835.3
8.195,0,0,0,0.0113869,-0.686892,-0.00340521,0.318574,0.000111913,-0.0106575,32194.8,31262.6,32713.4,31829.2
8.196,0,0,0,0.0107137,-0.673201,-0.00309473,0.310485,0.000101896,-0.0100171,32199.6,31256.8,32720.2,31823.5
8.197,0,0,0,0.0100544,-0.659359,-0.00279234,0.302389,9.24779e-05,-0.0094183,32204,31251.9,32726,31818.1
8.198,0,0,0,0.00940897,-0.645382,-0.00249804,0.294294,8.36201e-05,-0.00885781,32208.1,31247.9,32730.8,31813.2
8.199,0,0,0,0.00877768,-0.631291,-0.00221184,0.286207,7.52876e-05,-0.00833251,32211.9,31244.7,32734.8,31808.6
8.2,0,0,0,0.00816058,-0.617101,-0.0019337,0.278137,6.74481e-05,-0.0078395,32215.4,31242.3,32737.9,31804.4
8.201,0,0,0,0.00755775,-0.60283,-0.00166361,0.270091,6.00719e-05,-0.00737615,32218.5,31240.7,32740.2,31800.6
8.202,0,0,0,0.00696926,-0.588495,-0.00140153,0.262074,5.31319e-05,-0.00694,32221.4,31239.9,32741.6,31797.1
8.203,0,0,0,0.00639515,-0.574111,-0.00114744,0.254094,4.66031e-05,-0.00652881,32223.9,31239.8,32742.3,31793.9
8.204,0,0,0,0.00583545,-0.559694,-0.000901284,0.246157,4.04626e-05,-0.00614052,32226.2,31240.4,32742.3,31791.1
8.205,0,0,0,0.0052902,-0.545259,-0.000663015,0.238268,3.46893e-05,-0.00577325,32228.2,31241.7,32741.5,31788.6
8.206,0,0,0,0.00475938,-0.53082,-0.000432581,0.230435,2.92641e-05,-0.00542528,32229.9,31243.7,32740.1,31786.3
8.207,0,0,0,0.00424298,-0.516391,-0.000209919,0.222661,2.4169e-05,-0.00509503,32231.3,31246.3,32737.9,31784.4
8.208,0,0,0,0.003741,-0.501986,5.03464e-06,0.214954,1.93879e-05,-0.00478108,32232.5,31249.5,32735.2,31782.8
8.209,0,0,0,0.00325338,-0.487617,0.000212351,0.207316,1.49058e-05,-0.00448213,32233.4,31253.4,32731.8,31781.4
8.21,0,0,0,0.00278008,-0.473297,0.000412105,0.199754,1.07088e-05,-0.004197,32234.1,31257.7,32727.8,31780.3
8.211,0,0,0,0.00232105,-0.459038,0.000604377,0.192272,6.78418e-06,-0.00392463,32234.5,31262.7,32723.3,31779.4
8.212,0,0,0,0.0018762,-0.44485,0.000789251,0.184874,3.12011e-06,-0.00366407,32234.7,31268.1,32718.3,31778.8
8.213,0,0,0,0.00144545,-0.430746,0.000966814,0.177563,-2.94333e-07,-0.00341445,32234.7,31274.1,32712.7,31778.5
8.214,0,0,0,0.00102872,-0.416735,0.00113716,0.170345,-3.46932e-06,-0.00317499,32234.5,31280.5,32706.7,31778.3
8.215,0,0,0,0.000625887,-0.402828,0.00130038,0.163222,-6.41433e-06,-0.00294501,32234,31287.4,32700.2,31778.4
8.216,0,0,0,0.000236854,-0.389034,0.00145658,0.156198,-9.13823e-06,-0.00272389,32233.4,31294.7,32693.2,31778.7
8.217,0,0,0,-0.000138508,-0.375362,0.00160586,0.149277,-1.16493e-05,-0.00251109,32232.5,31302.4,32685.9,31779.2
8.218,0,0,0,-0.000500328,-0.36182,0.00174832,0.14246,-1.39554e-05,-0.00230611,32231.5,31310.5,32678.1,31779.9
8.219,0,0,0,-0.000848746,-0.348418,0.00188407,0.13575,-1.60639e-05,-0.00210852,32230.3,31319,32670,31780.8
8.22,0,0,0,-0.00118391,-0.335162,0.00201322,0.129151,-1.79819e-05,-0.00191795,32228.9,31327.8,32661.5,31781.8
8.221,0,0,0,-0.00150597,-0.322061,0.00213588,0.122665,-1.9716e-05,-0.00173407,32227.3,31336.9,32652.7,31783.1
8.222,0,0,0,-0.00181509,-0.309121,0.00225218,0.116294,-2.12725e-05,-0.00155657,32225.6,31346.3,32643.6,31784.5
8.223,0,0,0,-0.00211144,-0.296349,0.00236222,0.110039,-2.26578e-05,-0.00138522,32223.7,31356.1,32634.2,31786
8.224,0,0,0,-0.00239519,-0.283751,0.00246612,0.103902,-2.38775e-05,-0.00121978,32221.7,31366,32624.6,31787.7
8.225,0,0,0,-0.00266652,-0.271332,0.002564,0.0978863,-2.49376e-05,-0.00106007,32219.5,31376.3,32614.7,31789.5
8.226,0,0,0,-0.00292562,-0.259098,0.002656,0.0919917,-2.58435e-05,-0.000905911,32217.2,31386.7,32604.5,31791.5
8.227,0,0,0,-0.00317268,-0.247055,0.00274222,0.08622,-2.66007e-05,-0.000757168,32214.8,31397.4,32594.2,31793.6
8.228,0,0,0,-0.00340788,-0.235207,0.00282279,0.0805723,-2.72144e-05,-0.000613713,32212.3,31408.3,32583.6,31795.8
8.229,0,0,0,-0.00363144,-0.223557,0.00289784,0.0750494,-2.76898e-05,-0.000475438,32209.6,31419.3,32572.9,31798.2
8.23,0,0,0,-0.00384355,-0.212111,0.00296749,0.0696523,-2.80321e-05,-0.000342249,32206.9,31430.5,32562,31800.6
8.231,0,0,0,-0.00404442,-0.200872,0.00303187,0.0643815,-2.82461e-05,-0.000214064,32204,31441.9,32550.9,31803.2
8.232,0,0,0,-0.00423426,-0.189842,0.00309111,0.0592377,-2.8337e-05,-9.08105e-05,32201.1,31453.3,32539.7,31805.8
8.233,0,0,0,-0.00441329,-0.179026,0.00314533,0.054221,-2.83094e-05,2.75752e-05,32198.1,31464.9,32528.5,31808.6
8.234,0,0,0,-0.00458172,-0.168426,0.00319466,0.0493319,-2.81682e-05,0.000141152,32195,31476.6,32517.1,31811.4
8.235,0,0,0,-0.00473976,-0.158044,0.00323923,0.0445703,-2.79183e-05,0.000249972,32191.8,31488.3,32505.6,31814.3
8.236,0,0,0,-0.00488764,-0.147882,0.00327917,0.0399363,-2.75642e-05,0.000354087,32188.5,31500.2,32494,31817.3
8.237,0,0,0,-0.00502558,-0.137942,0.0033146,0.0354297,-2.71106e-05,0.000453544,32185.2,31512,32482.4,31820.3
8.238,0,0,0,-0.00515381,-0.128226,0.00334565,0.0310503,-2.65622e-05,0.00054839,32181.8,31524,32470.8,31823.4
8.239,0,0,0,-0.00527254,-0.118735,0.00337245,0.0267977,-2.59236e-05,0.000638672,32178.4,31535.9,32459.1,31826.6
8.24,0,0,0,-0.00538201,-0.109469,0.00339512,0.0226715,-2.51991e-05,0.000724438,32174.9,31547.9,32447.4,31829.8
8.241,0,0,0,-0.00548245,-0.100431,0.00341379,0.0186709,-2.43934e-05,0.000805737,32171.4,31559.8,32435.7,31833.1
8.242,0,0,0,-0.00557406,-0.0916194,0.00342858,0.0147955,-2.35108e-05,0.00088262,32167.9,31571.8,32424,31836.4
8.243,0,0,0,-0.0056571,-0.0830354,0.00343963,0.0110443,-2.25556e-05,0.00095514,32164.3,31583.7,32412.3,31839.7
8.244,0,0,0,-0.00573178,-0.0746789,0.00344705,0.00741655,-2.15323e-05,0.00102335,32160.7,31595.6,32400.6,31843.1
8.245,0,0,0,-0.00579833,-0.0665498,0.00345096,0.00391127,-2.0445e-05,0.00108732,32157,31607.5,32389,31846.5
8.246,0,0,0,-0.00585698,-0.0586476,0.00345148,0.000527442,-1.92978e-05,0.00114711,32153.4,31619.3,32377.4,31849.9
8.247,0,0,0,-0.00590795,-0.0509718,0.00344875,-0.00273606,-1.80951e-05,0.00120278,32149.7,31631.1,32365.9,31853.4
8.248,0,0,0,-0.00595147,-0.0435217,0.00344287,-0.00588042,-1.68407e-05,0.0012544,32146,31642.7,32354.4,31856.8
8.249,0,0,0,-0.00598777,-0.0362962,0.00343396,-0.0089069,-1.55386e-05,0.00130205,32142.3,31654.4,32343,31860.3
8.25,0,0,0,-0.00601706,-0.0292942,0.00342214,-0.0118168,-1.41928e-05,0.00134581,32138.7,31665.9,32331.7,31863.8
8.251,0,0,0,-0.00603957,-0.0225144,0.00340753,-0.0146116,-1.2807e-05,0.00138576,32135,31677.3,32320.4,31867.3
8.252,0,0,0,-0.00605553,-0.0159553,0.00339024,-0.0172926,-1.1385e-05,0.00142199,32131.3,31688.6,32309.3,31870.8
8.253,0,0,0,-0.00606515,-0.00961531,0.00337038,-0.0198614,-9.93047e-06,0.00145457,32127.6,31699.8,32298.2,31874.3
8.254,0,0,0,-0.00606864,-0.0034926,0.00334806,-0.0223196,-8.44686e-06,0.00148361,32123.9,31710.9,32287.3,31877.8
8.255,0,0,0,-0.00606622,0.00241473,0.00332339,-0.0246688,-6.93765e-06,0.00150921,32120.3,31721.9,32276.5,31881.3
8.256,0,0,0,-0.00605811,0.00810877,0.00329648,-0.0269105,-5.40621e-06,0.00153145,32116.7,31732.8,32265.8,31884.8
8.257,0,0,0,-0.00604452,0.0135917,0.00326743,-0.0290466,-3.85577e-06,0.00155044,32113,31743.5,32255.2,31888.2
8.258,0,0,0,-0.00602566,0.0188659,0.00323635,-0.0310787,-2.28948e-06,0.00156628,32109.4,31754.1,32244.8,31891.7
8.259,0,0,0,-0.00600172,0.0239336,0.00320335,-0.0330086,-7.10393e-07,0.00157909,32105.9,31764.5,32234.5,31895.1
8.26,0,0,0,-0.00597293,0.0287976,0.00316851,-0.0348382,8.78569e-07,0.00158896,32102.3,31774.8,32224.4,31898.5
8.261,0,0,0,-0.00593947,0.0334604,0.00313194,-0.0365693,2.47458e-06,0.00159601,32098.8,31784.9,32214.4,31901.9
8.262,0,0,0,-0.00590154,0.0379248,0.00309373,-0.0382037,4.07493e-06,0.00160035,32095.3,31794.9,32204.5,31905.3
8.263,0,0,0,-0.00585935,0.0421937,0.00305399,-0.0397434,5.67701e-06,0.00160208,32091.9,31804.7,32194.8,31908.6
8.264,0,0,0,-0.00581308,0.0462698,0.0030128,-0.0411902,7.27833e-06,0.00160132,32088.5,31814.3,32185.3,31911.9
8.265,0,0,0,-0.00576292,0.0501563,0.00297025,-0.0425461,8.87652e-06,0.00159819,32085.1,31823.8,32175.9,31915.2
8.266,0,0,0,-0.00570906,0.0538562,0.00292644,-0.0438131,1.04693e-05,0.0015928,32081.8,31833.1,32166.7,31918.4
8.267,0,0,0,-0.00565169,0.0573727,0.00288145,-0.0449931,1.20546e-05,0.00158525,32078.5,31842.2,32157.7,31921.6
8.268,0,0,0,-0.00559098,0.0607089,0.00283536,-0.046088,1.36302e-05,0.00157567,32075.3,31851.2,32148.8,31924.7
8.269,0,0,0,-0.00552711,0.0638681,0.00278826,-0.0471,1.51944e-05,0.00156417,32072.1,31859.9,32140.1,31927.9
8.27,0,0,0,-0.00546026,0.0668536,0.00274023,-0.048031,1.67453e-05,0.00155085,32068.9,31868.5,32131.6,31930.9
8.271,0,0,0,-0.00539059,0.0696688,0.00269135,-0.048883,1.82811e-05,0.00153582,32065.8,31876.9,32123.3,31934
8.272,0,0,0,-0.00531827,0.0723172,0.00264169,-0.049658,1.98003e-05,0.0015192,32062.8,31885.2,32115.1,31937
8.273,0,0,0,-0.00524347,0.074802,0.00259133,-0.0503581,2.13014e-05,0.0015011,32059.8,31893.2,32107.1,31939.9
8.274,0,0,0,-0.00516635,0.0771268,0.00254035,-0.0509851,2.2783e-05,0.00148162,32056.8,31901,32099.3,31942.8
8.275,0,0,0,-0.00508705,0.0792952,0.0024888,-0.0515412,2.42439e-05,0.00146086,32053.9,31908.7,32091.7,31945.7
8.276,0,0,0,-0.00500574,0.0813105,0.00243678,-0.0520284,2.56828e-05,0.00143892,32051.1,31916.2,32084.3,31948.5
8.277,0,0,0,-0.00492256,0.0831765,0.00238433,-0.0524486,2.70987e-05,0.00141591,32048.3,31923.5,32077,31951.2
8.278,0,0,0,-0.00483767,0.0848965,0.00233152,-0.0528038,2.84906e-05,0.00139192,32045.6,31930.6,32070,31953.9
8.279,0,0,0,-0.00475119,0.0864743,0.00227843,-0.0530961,2.98577e-05,0.00136705,32042.9,31937.5,32063.1,31956.5
8.28,0,0,0,-0.00466328,0.0879134,0.0022251,-0.0533273,3.1199e-05,0.00134139,32040.3,31944.2,32056.4,31959.1
8.281,0,0,0,-0.00457406,0.0892173,0.0021716,-0.0534995,3.25141e-05,0.00131502,32037.7,31950.7,32049.9,31961.7
8.282,0,0,0,-0.00448367,0.0903897,0.00211799,-0.0536146,3.38021e-05,0.00128805,32035.2,31957.1,32043.6,31964.2
8.283,0,0,0,-0.00439224,0.0914341,0.00206431,-0.0536746,3.50627e-05,0.00126054,32032.7,31963.2,32037.4,31966.6
8.284,0,0,0,-0.00429988,0.0923541,0.00201063,-0.0536812,3.62952e-05,0.00123258,32030.3,31969.2,32031.5,31969
8.285,0,0,0,-0.00420673,0.0931533,0.00195699,-0.0536365,3.74995e-05,0.00120424,32028,31975,32025.7,31971.3
8.286,0,0,0,-0.0041129,0.0938352,0.00190345,-0.0535423,3.86751e-05,0.00117561,32025.7,31980.6,32020.1,31973.6
8.287,0,0,0,-0.00401849,0.0944034,0.00185005,-0.0534005,3.98218e-05,0.00114675,32023.5,31986,32014.7,31975.8
8.288,0,0,0,-0.00392363,0.0948614,0.00179684,-0.0532129,4.09396e-05,0.00111773,32021.3,31991.3,32009.4,31978
8.289,0,0,0,-0.00382842,0.0952127,0.00174386,-0.0529813,4.20282e-05,0.00108862,32019.2,31996.3,32004.4,31980.1
8.29,0,0,0,-0.00373296,0.0954607,0.00169115,-0.0527075,4.30877e-05,0.00105947,32017.2,32001.2,31999.5,31982.1
8.291,0,0,0,-0.00363735,0.095609,0.00163876,-0.0523933,4.4118e-05,0.00103035,32015.2,32005.9,31994.8,31984.1
8.292,0,0,0,-0.00354169,0.0956609,0.00158672,-0.0520404,4.51193e-05,0.00100131,32013.2,32010.5,31990.2,31986.1
8.293,0,0,0,-0.00344607,0.0956199,0.00153506,-0.0516506,4.60917e-05,0.000972408,32011.4,32014.8,31985.9,31987.9
8.294,0,0,0,-0.00335058,0.0954892,0.00148384,-0.0512255,4.70354e-05,0.000943683,32009.6,32019,31981.7,31989.8
8.295,0,0,0,-0.00325531,0.0952723,0.00143307,-0.0507668,4.79506e-05,0.000915186,32007.8,32023,31977.6,31991.5
8.296,0,0,0,-0.00316033,0.0949724,0.0013828,-0.0502761,4.88376e-05,0.000886959,32006.1,32026.9,31973.8,31993.3
8.297,0,0,0,-0.00306574,0.0945927,0.00133304,-0.049755,4.96966e-05,0.000859042,32004.4,32030.6,31970.1,31994.9
8.298,0,0,0,-0.0029716,0.0941365,0.00128384,-0.0492052,5.05281e-05,0.000831473,32002.8,32034.1,31966.5,31996.5
8.299,0,0,0,-0.002878,0.093607,0.00123521,-0.0486282,5.13324e-05,0.000804285,32001.3,32037.5,31963.1,31998.1
8.3,0,0,0,-0.00278499,0.0930072,0.00118718,-0.0480254,5.21099e-05,0.000777509,31999.8,32040.7,31959.9,31999.6
8.301,0,0,0,-0.00269265,0.0923403,0.00113978,-0.0473985,5.28611e-05,0.000751175,31998.4,32043.8,31956.8,32001
8.302,0,0,0,-0.00260104,0.0916092,0.00109304,-0.0467488,5.35864e-05,0.000725306,31997,32046.7,31953.9,32002.4
8.303,0,0,0,-0.00251022,0.090817,0.00104696,-0.0460778,5.42863e-05,0.000699928,31995.6,32049.4,31951.1,32003.8
8.304,0,0,0,-0.00242026,0.0899666,0.00100157,-0.0453869,5.49613e-05,0.00067506,31994.4,32052,31948.5,32005.1
8.305,0,0,0,-0.0023312,0.0890609,0.000956893,-0.0446774,5.56121e-05,0.000650721,31993.1,32054.5,31946,32006.3
8.306,0,0,0,-0.00224309,0.0881027,0.000912943,-0.0439507,5.6239e-05,0.000626926,31992,32056.8,31943.7,32007.5
8.307,0,0,0,-0.002156,0.0870948,0.000869734,-0.0432081,5.68427e-05,0.00060369,31990.8,32059,31941.5,32008.7
8.308,0,0,0,-0.00206996,0.08604,0.000827284,-0.0424509,5.74237e-05,0.000581024,31989.8,32061.1,31939.4,32009.8
8.309,0,0,0,-0.00198502,0.0849409,0.000785603,-0.0416803,5.79826e-05,0.000558938,31988.7,32063,31937.4,32010.8
8.31,0,0,0,-0.00190122,0.0838002,0.000744706,-0.0408975,5.85201e-05,0.00053744,31987.8,32064.8,31935.6,32011.8
8.311,0,0,0,-0.0018186,0.0826204,0.000704602,-0.0401038,5.90366e-05,0.000516534,31986.8,32066.5,31933.9,32012.7
8.312,0,0,0,-0.00173719,0.0814041,0.000665302,-0.0393002,5.95328e-05,0.000496226,31985.9,32068,31932.4,32013.7
8.313,0,0,0,-0.00165704,0.0801537,0.000626814,-0.0384878,6.00094e-05,0.000476517,31985.1,32069.5,31930.9,32014.5
8.314,0,0,0,-0.00157817,0.0788716,0.000589146,-0.0376679,6.04668e-05,0.000457408,31984.3,32070.8,31929.6,32015.3
8.315,0,0,0,-0.00150061,0.0775602,0.000552305,-0.0368413,6.09057e-05,0.000438898,31983.5,32072,31928.4,32016.1
8.316,0,0,0,-0.00142439,0.0762217,0.000516296,-0.0360092,6.13267e-05,0.000420986,31982.8,32073.1,31927.3,32016.8
8.317,0,0,0,-0.00134953,0.0748585,0.000481123,-0.0351725,6.17303e-05,0.000403668,31982.2,32074,31926.3,32017.5
8.318,0,0,0,-0.00127606,0.0734727,0.000446791,-0.0343322,6.21173e-05,0.000386939,31981.5,32074.9,31925.4,32018.2
8.319,0,0,0,-0.00120399,0.0720664,0.000413302,-0.0334892,6.24881e-05,0.000370794,31980.9,32075.7,31924.6,32018.8
8.32,0,0,0,-0.00113335,0.0706416,0.000380657,-0.0326445,6.28433e-05,0.000355225,31980.4,32076.4,31923.9,32019.3
8.321,0,0,0,-0.00106415,0.0692005,0.000348858,-0.0317988,6.31835e-05,0.000340225,31979.9,32076.9,31923.3,32019.9
8.322,0,0,0,-0.000996402,0.067745,0.000317905,-0.030953,6.35093e-05,0.000325786,31979.4,32077.4,31922.8,32020.4
8.323,0,0,0,-0.000930125,0.066277,0.000287797,-0.030108,6.38212e-05,0.000311897,31979,32077.8,31922.4,32020.8
8.324,0,0,0,-0.000865327,0.0647982,0.000258533,-0.0292645,6.41197e-05,0.000298549,31978.6,32078.1,31922.1,32021.2
8.325,0,0,0,-0.000802016,0.0633106,0.00023011,-0.0284232,6.44055e-05,0.000285732,31978.2,32078.3,31921.9,32021.6
8.326,0,0,0,-0.0007402,0.0618158,0.000202525,-0.027585,6.46789e-05,0.000273432,31977.8,32078.5,31921.7,32021.9
8.327,0,0,0,-0.000679885,0.0603155,0.000175774,-0.0267504,6.49405e-05,0.00026164,31977.5,32078.5,31921.7,32022.3
8.328,0,0,0,-0.000621073,0.0588114,0.000149854,-0.0259201,6.51909e-05,0.000250341,31977.3,32078.5,31921.7,32022.5
8.329,0,0,0,-0.000563768,0.057305,0.000124759,-0.0250948,6.54304e-05,0.000239524,31977,32078.4,31921.8,32022.8
8.33,0,0,0,-0.000507971,0.0557978,0.000100484,-0.0242751,6.56596e-05,0.000229176,31976.8,32078.2,31921.9,32023
8.331,0,0,0,-0.000453679,0.0542913,7.70229e-05,-0.0234615,6.58789e-05,0.000219283,31976.7,32078,31922.2,32023.2
8.332,0,0,0,-0.000400892,0.0527869,5.43682e-05,-0.0226547,6.60887e-05,0.000209832,31976.5,32077.7,31922.5,32023.4
8.333,0,0,0,-0.000349606,0.051286,3.25132e-05,-0.0218551,6.62895e-05,0.000200809,31976.4,32077.3,31922.8,32023.5
8.334,0,0,0,-0.000299817,0.0497898,1.145e-05,-0.0210632,6.64817e-05,0.0001922,31976.3,32076.9,31923.2,32023.6
8.335,0,0,0,-0.000251517,0.0482997,-8.82962e-06,-0.0202796,6.66657e-05,0.000183991,31976.2,32076.4,31923.7,32023.7
8.336,0,0,0,-0.0002047,0.0468167,-2.83343e-05,-0.0195046,6.68419e-05,0.000176169,31976.2,32075.9,31924.2,32023.7
8.337,0,0,0,-0.000159358,0.0453422,-4.7073e-05,-0.0187388,6.70106e-05,0.000168719,31976.2,32075.3,31924.8,32023.8
8.338,0,0,0,-0.000115481,0.0438772,-6.50555e-05,-0.0179825,6.71722e-05,0.000161628,31976.2,32074.6,31925.4,32023.8
8.339,0,0,0,-7.30582e-05,0.0424227,-8.22915e-05,-0.017236,6.73271e-05,0.000154883,31976.2,32074,31926.1,32023.7
8.34,0,0,0,-3.20785e-05,0.0409797,-9.87913e-05,-0.0164998,6.74756e-05,0.000148469,31976.2,32073.2,31926.9,32023.7
8.341,0,0,0,7.47077e-06,0.0395493,-0.000114565,-0.0157742,6.76179e-05,0.000142373,31976.3,32072.4,31927.6,32023.6
8.342,0,0,0,4.5603e-05,0.0381323,-0.000129625,-0.0150595,6.77545e-05,0.000136582,31976.4,32071.6,31928.4,32023.6
8.343,0,0,0,8.23326e-05,0.0367295,-0.000143981,-0.0143559,6.78856e-05,0.000131083,31976.5,32070.8,31929.3,32023.5
8.344,0,0,0,0.000117675,0.0353419,-0.000157645,-0.0136639,6.80115e-05,0.000125862,31976.6,32069.9,31930.2,32023.3
8.345,0,0,0,0.000151645,0.0339703,-0.000170628,-0.0129835,6.81324e-05,0.000120908,31976.8,32068.9,31931.1,32023.2
8.346,0,0,0,0.00018426,0.0326152,-0.000182943,-0.0123151,6.82486e-05,0.000116209,31976.9,32068,31932.1,32023
8.347,0,0,0,0.000215537,0.0312775,-0.000194602,-0.0116588,6.83603e-05,0.000111751,31977.1,32067,31933.1,32022.9
8.348,0,0,0,0.000245495,0.0299578,-0.000205617,-0.0110149,6.84679e-05,0.000107524,31977.3,32066,31934.1,32022.7
8.349,0,0,0,0.000274152,0.0286567,-0.000216,-0.0103834,6.85714e-05,0.000103516,31977.5,32064.9,31935.1,32022.5
8.35,0,0,0,0.000301527,0.0273748,-0.000225765,-0.00976466,6.86711e-05,9.97156e-05,31977.7,32063.8,31936.2,32022.3
8.351,0,0,0,0.000327639,0.0261126,-0.000234924,-0.00915869,6.87672e-05,9.61126e-05,31977.9,32062.8,31937.3,32022
8.352,0,0,0,0.00035251,0.0248706,-0.000243489,-0.00856566,6.88599e-05,9.26964e-05,31978.2,32061.6,31938.4,32021.8
8.353,0,0,0,0.000376159,0.0236492,-0.000251475,-0.00798564,6.89494e-05,8.94569e-05,31978.4,32060.5,31939.5,32021.5
8.354,0,0,0,0.000398608,0.022449,-0.000258894,-0.00741874,6.90357e-05,8.63844e-05,31978.7,32059.4,31940.7,32021.3
8.355,0,0,0,0.000419878,0.0212703,-0.000265759,-0.00686502,6.91192e-05,8.34697e-05,31979,32058.2,31941.8,32021
8.356,0,0,0,0.000439992,0.0201134,-0.000272083,-0.00632455,6.91999e-05,8.07036e-05,31979.3,32057,31943,32020.7
8.357,0,0,0,0.000458971,0.0189787,-0.000277881,-0.00579735,6.9278e-05,7.80775e-05,31979.6,32055.8,31944.2,32020.4
8.358,0,0,0,0.000476837,0.0178665,-0.000283164,-0.00528347,6.93536e-05,7.55831e-05,31979.9,32054.6,31945.4,32020.1
8.359,0,0,0,0.000493614,0.0167769,-0.000287947,-0.00478291,6.94268e-05,7.32126e-05,31980.2,32053.4,31946.6,32019.8
8.36,0,0,0,0.000509324,0.0157103,-0.000292243,-0.00429568,6.94977e-05,7.09582e-05,31980.5,32052.2,31947.8,32019.4
8.361,0,0,0,0.000523991,0.0146669,-0.000296065,-0.00382176,6.95666e-05,6.88129e-05,31980.9,32051,31949,32019.1
8.362,0,0,0,0.000537638,0.0136467,-0.000299426,-0.00336113,6.96333e-05,6.67695e-05,31981.2,32049.7,31950.3,32018.8
8.363,0,0,0,0.000550288,0.01265,-0.000302339,-0.00291375,6.96981e-05,6.48216e-05,31981.5,32048.5,31951.5,32018.4
8.364,0,0,0,0.000561965,0.0116768,-0.000304819,-0.00247958,6.97611e-05,6.2963e-05,31981.9,32047.3,31952.7,32018.1
8.365,0,0,0,0.000572692,0.0107273,-0.000306878,-0.00205855,6.98223e-05,6.11877e-05,31982.2,32046,31954,32017.7
8.366,0,0,0,0.000582493,0.00980147,-0.000308528,-0.0016506,6.98818e-05,5.94902e-05,31982.6,32044.8,31955.2,32017.4
8.367,0,0,0,0.000591393,0.00889938,-0.000309784,-0.00125566,6.99397e-05,5.7865e-05,31983,32043.6,31956.4,32017
8.368,0,0,0,0.000599414,0.00802104,-0.000310657,-0.000873624,6.9996e-05,5.63073e-05,31983.3,32042.3,31957.7,32016.7
8.369,0,0,0,0.00060658,0.00716643,-0.000311162,-0.000504404,7.00508e-05,5.48124e-05,31983.7,32041.1,31958.9,32016.3
8.37,0,0,0,0.000612916,0.00633552,-0.00031131,-0.000147893,7.01042e-05,5.33758e-05,31984.1,32039.9,31960.1,32015.9
8.371,0,0,0,0.000618444,0.00552826,-0.000311114,0.000196024,7.01561e-05,5.19933e-05,31984.4,32038.7,31961.3,32015.6
8.372,0,0,0,0.000623189,0.00474457,-0.000310586,0.000527469,7.02068e-05,5.06612e-05,31984.8,32037.5,31962.6,32015.2
8.373,0,0,0,0.000627173,0.00398435,-0.00030974,0.000846572,7.02562e-05,4.93757e-05,31985.2,32036.3,31963.8,32014.8
8.374,0,0,0,0.00063042,0.00324749,-0.000308586,0.00115347,7.03043e-05,4.81336e-05,31985.6,32035.1,31965,32014.4
8.375,0,0,0,0.000632954,0.00253386,-0.000307138,0.00144831,7.03512e-05,4.69316e-05,31985.9,32033.9,31966.1,32014.1
8.376,0,0,0,0.000634798,0.00184331,-0.000305407,0.00173123,7.0397e-05,4.57668e-05,31986.3,32032.7,31967.3,32013.7
8.377,0,0,0,0.000635973,0.00117567,-0.000303404,0.0020024,7.04416e-05,4.46366e-05,31986.7,32031.5,31968.5,32013.3
8.378,0,0,0,0.000636504,0.000530753,-0.000301142,0.00226198,7.04852e-05,4.35384e-05,31987.1,32030.4,31969.6,32012.9
8.379,0,0,0,0.000636412,-9.16302e-05,-0.000298632,0.00251013,7.05277e-05,4.247e-05,31987.4,32029.2,31970.8,32012.6
8.38,0,0,0,0.000635721,-0.000691695,-0.000295885,0.00274702,7.05691e-05,4.14292e-05,31987.8,32028.1,31971.9,32012.2
8.381,0,0,0,0.000634451,-0.00126967,-0.000292912,0.00297284,7.06095e-05,4.04141e-05,31988.2,32027,31973,32011.8
8.382,0,0,0,0.000632625,-0.00182578,-0.000289725,0.00318775,7.06489e-05,3.94229e-05,31988.5,32025.9,31974.1,32011.5
8.383,0,0,0,0.000630265,-0.0023603,-0.000286333,0.00339196,7.06874e-05,3.8454e-05,31988.9,32024.8,31975.2,32011.1
8.384,0,0,0,0.000627392,-0.00287347,-0.000282747,0.00358564,7.07249e-05,3.75061e-05,31989.3,32023.7,31976.3,32010.7
8.385,0,0,0,0.000624026,-0.00336558,-0.000278978,0.00376898,7.07615e-05,3.65776e-05,31989.6,32022.7,31977.3,32010.4
8.386,0,0,0,0.000620189,-0.0038369,-0.000275036,0.00394219,7.07971e-05,3.56676e-05,31990,32021.7,31978.4,32010
8.387,0,0,0,0.000615901,-0.00428774,-0.00027093,0.00410545,7.08319e-05,3.47748e-05,31990.3,32020.6,31979.4,32009.6
8.388,0,0,0,0.000611183,-0.00471838,-0.000266671,0.00425897,7.08658e-05,3.38984e-05,31990.7,32019.6,31980.4,32009.3
8.389,0,0,0,0.000606054,-0.00512915,-0.000262268,0.00440296,7.08988e-05,3.30375e-05,31991,32018.6,31981.4,32009
8.39,0,0,0,0.000600533,-0.00552036,-0.000257731,0.0045376,7.0931e-05,3.21914e-05,31991.4,32017.7,31982.3,32008.6
8.391,0,0,0,0.000594641,-0.00589234,-0.000253068,0.00466311,7.09624e-05,3.13595e-05,31991.7,32016.7,31983.3,32008.3
8.392,0,0,0,0.000588396,-0.00624543,-0.000248288,0.0047797,7.09929e-05,3.05411e-05,31992,32015.8,31984.2,32007.9
8.393,0,0,0,0.000581816,-0.00657995,-0.0002434,0.00488757,7.10227e-05,2.97358e-05,31992.4,32014.9,31985.2,32007.6
8.394,0,0,0,0.000574919,-0.00689625,-0.000238414,0.00498693,7.10516e-05,2.89431e-05,31992.7,32014,31986,32007.3
8.395,0,0,0,0.000567725,-0.00719469,-0.000233336,0.00507799,7.10798e-05,2.81628e-05,31993,32013.1,31986.9,32007
8.396,0,0,0,0.000560249,-0.00747562,-0.000228175,0.00516097,7.11072e-05,2.73946e-05,31993.3,32012.2,31987.8,32006.6
8.397,0,0,0,0.00055251,-0.00773939,-0.000222938,0.00523606,7.11338e-05,2.66381e-05,31993.7,32011.4,31988.6,32006.3
8.398,0,0,0,0.000544523,-0.00798637,-0.000217635,0.00530348,7.11597e-05,2.58933e-05,31994,32010.6,31989.4,32006
8.399,0,0,0,0.000536306,-0.00821692,-0.000212272,0.00536345,7.11849e-05,2.516e-05,31994.3,32009.8,31990.3,32005.7
8.4,0,0,0,0.000527875,-0.00843141,-0.000206855,0.00541616,7.12093e-05,2.44381e-05,31994.6,32009,31991,32005.4
8.401,0,0,0,0.000519245,-0.00863021,-0.000201394,0.00546183,7.1233e-05,2.37274e-05,31994.8,32008.2,31991.8,32005.1
8.402,0,0,0,0.000510431,-0.00881369,-0.000195893,0.00550067,7.12561e-05,2.30281e-05,31995.1,32007.5,31992.5,32004.8
8.403,0,0,0,0.000501449,-0.00898222,-0.00019036,0.00553288,7.12784e-05,2.234e-05,31995.4,32006.7,31993.3,32004.6
8.404,0,0,0,0.000492313,-0.00913617,-0.000184801,0.00555867,7.13001e-05,2.16631e-05,31995.7,32006,31994,32004.3
8.405,0,0,0,0.000483037,-0.00927593,-0.000179223,0.00557824,7.13211e-05,2.09976e-05,31996,32005.4,31994.7,32004
8.406,0,0,0,0.000473635,-0.00940185,-0.000173631,0.0055918,7.13414e-05,2.03433e-05,31996.2,32004.7,31995.3,32003.8
8.407,0,0,0,0.000464121,-0.00951433,-0.000168032,0.00559955,7.13611e-05,1.97005e-05,31996.5,32004,31996,32003.5
8.408,0,0,0,0.000454507,-0.00961373,-0.00016243,0.00560169,7.13802e-05,1.9069e-05,31996.7,32003.4,31996.6,32003.3
8.409,0,0,0,0.000444807,-0.00970042,-0.000156832,0.00559842,7.13986e-05,1.84491e-05,31997,32002.8,31997.2,32003
8.41,0,0,0,0.000435032,-0.00977477,-0.000151242,0.00558993,7.14165e-05,1.78407e-05,31997.2,32002.2,31997.8,32002.8
8.411,0,0,0,0.000425195,-0.00983716,-0.000145665,0.00557643,7.14337e-05,1.7244e-05,31997.4,32001.6,31998.4,32002.5
8.412,0,0,0,0.000415307,-0.00988795,-0.000140107,0.00555809,7.14504e-05,1.66589e-05,31997.7,32001.1,31998.9,32002.3
8.413,0,0,0,0.000405379,-0.00992751,-0.000134572,0.00553511,7.14664e-05,1.60856e-05,31997.9,32000.6,31999.4,32002.1
8.414,0,0,0,0.000395423,-0.0099562,-0.000129064,0.00550768,7.1482e-05,1.55241e-05,31998.1,32000,32000,32001.9
8.415,0,0,0,0.000385449,-0.00997439,-0.000123588,0.00547599,7.14969e-05,1.49745e-05,31998.3,31999.6,32000.5,32001.7
8.416,0,0,0,0.000375466,-0.00998242,-0.000118148,0.00544021,7.15114e-05,1.44368e-05,31998.5,31999.1,32000.9,32001.5
8.417,0,0,0,0.000365485,-0.00998066,-0.000112748,0.00540053,7.15253e-05,1.39111e-05,31998.7,31998.6,32001.4,32001.3
8.418,0,0,0,0.000355516,-0.00996946,-0.000107391,0.00535712,7.15387e-05,1.33974e-05,31998.9,31998.2,32001.8,32001.1
8.419,0,0,0,0.000345567,-0.00994916,-0.00010208,0.00531016,7.15516e-05,1.28957e-05,31999.1,31997.7,32002.3,32000.9
8.42,0,0,0,0.000335647,-0.00992012,-9.68206e-05,0.00525981,7.1564e-05,1.2406e-05,31999.3,31997.3,32002.7,32000.7
8.421,0,0,0,0.000325764,-0.00988266,-9.16143e-05,0.00520626,7.15759e-05,1.19283e-05,31999.5,31996.9,32003.1,32000.5
8.422,0,0,0,0.000315927,-0.00983713,-8.64647e-05,0.00514966,7.15874e-05,1.14627e-05,31999.6,31996.6,32003.4,32000.4
8.423,0,0,0,0.000306143,-0.00978385,-8.13745e-05,0.00509018,7.15984e-05,1.10091e-05,31999.8,31996.2,32003.8,32000.2
8.424,0,0,0,0.00029642,-0.00972316,-7.63465e-05,0.00502797,7.1609e-05,1.05674e-05,31999.9,31995.9,32004.1,32000
8.425,0,0,0,0.000286765,-0.00965538,-7.13833e-05,0.0049632,7.16191e-05,1.01376e-05,32000.1,31995.6,32004.5,31999.9
8.426,0,0,0,0.000277184,-0.00958082,-6.64873e-05,0.00489601,7.16288e-05,9.71976e-06,32000.2,31995.2,32004.8,31999.7
8.427,0,0,0,0.000267684,-0.0094998,-6.16608e-05,0.00482656,7.16381e-05,9.31366e-06,32000.4,31995,32005.1,31999.6
8.428,0,0,0,0.000258271,-0.00941263,-5.69058e-05,0.00475499,7.1647e-05,8.91928e-06,32000.5,31994.7,32005.3,31999.5
8.429,0,0,0,0.000248952,-0.00931961,-5.22243e-05,0.00468145,7.16556e-05,8.53651e-06,32000.6,31994.4,32005.6,31999.3
8.43,0,0,0,0.000239731,-0.00922103,-4.76182e-05,0.00460608,7.16638e-05,8.16526e-06,32000.8,31994.2,32005.8,31999.2
8.431,0,0,0,0.000230613,-0.00911719,-4.30892e-05,0.00452901,7.16716e-05,7.80541e-06,32000.9,31993.9,32006.1,31999.1
8.432,0,0,0,0.000221605,-0.00900838,-3.86389e-05,0.00445038,7.1679e-05,7.45683e-06,32001,31993.7,32006.3,31999
8.433,0,0,0,0.00021271,-0.00889487,-3.42685e-05,0.00437032,7.16861e-05,7.1194e-06,32001.1,31993.5,32006.5,31998.9
8.434,0,0,0,0.000203933,-0.00877695,-2.99796e-05,0.00428895,7.16929e-05,6.79296e-06,32001.2,31993.3,32006.7,31998.8
8.435,0,0,0,0.000195278,-0.00865488,-2.57732e-05,0.00420641,7.16994e-05,6.47736e-06,32001.3,31993.1,32006.9,31998.7
8.436,0,0,0,0.000186749,-0.00852893,-2.16504e-05,0.00412281,7.17056e-05,6.17243e-06,32001.4,31993,32007,31998.6
8.437,0,0,0,0.00017835,-0.00839935,-1.76121e-05,0.00403827,7.17115e-05,5.87802e-06,32001.5,31992.8,32007.2,31998.5
8.438,0,0,0,0.000170084,-0.00826641,-1.36592e-05,0.0039529,7.1717e-05,5.59392e-06,32001.6,31992.7,32007.3,31998.4
8.439,0,0,0,0.000161953,-0.00813033,-9.79238e-06,0.00386682,7.17224e-05,5.31997e-06,32001.7,31992.5,32007.5,31998.3
8.44,0,0,0,0.000153962,-0.00799138,-6.01225e-06,0.00378012,7.17274e-05,5.05596e-06,32001.8,31992.4,32007.6,31998.2
8.441,0,0,0,0.000146112,-0.00784978,-2.31933e-06,0.00369293,7.17322e-05,4.8017e-06,32001.8,31992.3,32007.7,31998.2
8.442,0,0,0,0.000138406,-0.00770576,1.286e-06,0.00360533,7.17368e-05,4.55698e-06,32001.9,31992.2,32007.8,31998.1
8.443,0,0,0,0.000130847,-0.00755954,4.80342e-06,0.00351742,7.17411e-05,4.32159e-06,32002,31992.1,32007.9,31998
8.444,0,0,0,0.000123436,-0.00741135,8.23272e-06,0.00342931,7.17452e-05,4.09532e-06,32002,31992.1,32007.9,31998
8.445,0,0,0,0.000116174,-0.00726139,1.15738e-05,0.00334107,7.17491e-05,3.87794e-06,32002.1,31992,32008,31997.9
8.446,0,0,0,0.000109064,-0.00710988,1.48266e-05,0.0032528,7.17527e-05,3.66925e-06,32002.1,31991.9,32008.1,31997.9
8.447,0,0,0,0.000102107,-0.006957,1.79912e-05,0.00316459,7.17562e-05,3.46901e-06,32002.2,31991.9,32008.1,31997.8
8.448,0,0,0,9.53043e-05,-0.00680296,2.10677e-05,0.00307652,7.17595e-05,3.277e-06,32002.2,31991.9,32008.1,31997.8
8.449,0,0,0,8.86563e-05,-0.00664794,2.40564e-05,0.00298866,7.17626e-05,3.09298e-06,32002.3,31991.8,32008.2,31997.7
8.45,0,0,0,8.21642e-05,-0.00649213,2.69575e-05,0.00290109,7.17655e-05,2.91674e-06,32002.3,31991.8,32008.2,31997.7
8.451,0,0,0,7.58285e-05,-0.0063357,2.97713e-05,0.00281388,7.17682e-05,2.74804e-06,32002.3,31991.8,32008.2,31997.7
8.452,0,0,0,6.96497e-05,-0.00617882,3.24985e-05,0.00272711,7.17708e-05,2.58666e-06,32002.4,31991.8,32008.2,31997.6
8.453,0,0,0,6.3628e-05,-0.00602166,3.51393e-05,0.00264085,7.17733e-05,2.43235e-06,32002.4,31991.8,32008.2,31997.6
8.454,0,0,0,5.77636e-05,-0.00586439,3.76944e-05,0.00255514,7.17756e-05,2.2849e-06,32002.4,31991.8,32008.2,31997.6
8.455,0,0,0,5.20565e-05,-0.00570714,4.01645e-05,0.00247007,7.17777e-05,2.14408e-06,32002.4,31991.9,32008.1,31997.6
8.456,0,0,0,4.65064e-05,-0.00555007,4.25502e-05,0.00238568,7.17797e-05,2.00966e-06,32002.4,31991.9,32008.1,31997.6
8.457,0,0,0,4.11131e-05,-0.00539333,4.48522e-05,0.00230203,7.17816e-05,1.88142e-06,32002.5,31991.9,32008.1,31997.5
8.458,0,0,0,3.5876e-05,-0.00523705,4.70714e-05,0.00221918,7.17833e-05,1.75913e-06,32002.5,31992,32008,31997.5
8.459,0,0,0,3.07947e-05,-0.00508137,4.92086e-05,0.00213717,7.1785e-05,1.64258e-06,32002.5,31992,32008,31997.5
8.46,0,0,0,2.58683e-05,-0.00492641,5.12646e-05,0.00205606,7.17865e-05,1.53155e-06,32002.5,31992.1,32007.9,31997.5
8.461,0,0,0,2.1096e-05,-0.00477229,5.32405e-05,0.00197588,7.17879e-05,1.42582e-06,32002.5,31992.1,32007.9,31997.5
8.462,0,0,0,1.64768e-05,-0.00461913,5.51372e-05,0.00189669,7.17893e-05,1.3252e-06,32002.5,31992.2,32007.8,31997.5
8.463,0,0,0,1.20098e-05,-0.00446704,5.69557e-05,0.00181852,7.17905e-05,1.22947e-06,32002.5,31992.3,32007.7,31997.5
8.464,0,0,0,7.69367e-06,-0.00431613,5.86971e-05,0.0017414,7.17916e-05,1.13843e-06,32002.5,31992.3,32007.7,31997.5
8.465,0,0,0,3.52717e-06,-0.0041665,6.03625e-05,0.00166539,7.17927e-05,1.05188e-06,32002.5,31992.4,32007.6,31997.5
8.466,0,0,0,-4.91073e-07,-0.00401825,6.1953e-05,0.0015905,7.17937e-05,9.69634e-07,32002.5,31992.5,32007.5,31997.5
8.467,0,0,0,-4.36253e-06,-0.00387146,6.34698e-05,0.00151677,7.17946e-05,8.915e-07,32002.5,31992.6,32007.4,31997.5
8.468,0,0,0,-8.08877e-06,-0.00372623,6.4914e-05,0.00144423,7.17954e-05,8.17295e-07,32002.4,31992.7,32007.3,31997.6
8.469,0,0,0,-1.16714e-05,-0.00358264,6.62869e-05,0.0013729,7.17961e-05,7.46838e-07,32002.4,31992.8,32007.2,31997.6
8.47,0,0,0,-1.51122e-05,-0.00344077,6.75897e-05,0.00130282,7.17968e-05,6.79956e-07,32002.4,31992.9,32007.1,31997.6
8.471,0,0,0,-1.84129e-05,-0.00330069,6.88237e-05,0.00123399,7.17974e-05,6.1648e-07,32002.4,31993,32007,31997.6
8.472,0,0,0,-2.15753e-05,-0.00316246,6.99902e-05,0.00116645,7.1798e-05,5.56245e-07,32002.4,31993.1,32006.9,31997.6
8.473,0,0,0,-2.46015e-05,-0.00302617,7.10904e-05,0.00110021,7.17985e-05,4.99092e-07,32002.4,31993.2,32006.8,31997.6
8.474,0,0,0,-2.74933e-05,-0.00289185,7.21257e-05,0.00103529,7.17989e-05,4.44867e-07,32002.3,31993.3,32006.7,31997.7
8.475,0,0,0,-3.02529e-05,-0.00275959,7.30974e-05,0.000971701,7.17993e-05,3.93422e-07,32002.3,31993.4,32006.6,31997.7
8.476,0,0,0,-3.28823e-05,-0.00262942,7.40068e-05,0.000909456,7.17997e-05,3.44612e-07,32002.3,31993.5,32006.5,31997.7
8.477,0,0,0,-3.53837e-05,-0.00250139,7.48554e-05,0.000848569,7.18e-05,2.983e-07,32002.3,31993.7,32006.3,31997.7
8.478,0,0,0,-3.77593e-05,-0.00237555,7.56444e-05,0.000789047,7.18002e-05,2.54352e-07,32002.2,31993.8,32006.2,31997.8
8.479,0,0,0,-4.00112e-05,-0.00225195,7.63753e-05,0.0007309,7.18004e-05,2.1264e-07,32002.2,31993.9,32006.1,31997.8
8.48,0,0,0,-4.21419e-05,-0.00213062,7.70495e-05,0.000674132,7.18006e-05,1.7304e-07,32002.2,31994,32006,31997.8
8.481,0,0,0,-4.41535e-05,-0.00201159,7.76682e-05,0.000618751,7.18007e-05,1.35435e-07,32002.1,31994.1,32005.9,31997.9
8.482,0,0,0,-4.60484e-05,-0.0018949,7.8233e-05,0.000564757,7.18008e-05,9.97121e-08,32002.1,31994.3,32005.7,31997.9
8.483,0,0,0,-4.78289e-05,-0.00178057,7.87451e-05,0.000512154,7.18009e-05,6.57623e-08,32002.1,31994.4,32005.6,31997.9
8.484,0,0,0,-4.94976e-05,-0.00166863,7.92061e-05,0.000460941,7.18009e-05,3.34825e-08,32002,31994.5,32005.5,31998
8.485,0,0,0,-5.10567e-05,-0.0015591,7.96172e-05,0.000411118,7.18009e-05,2.77403e-09,32002,31994.6,32005.4,31998
8.486,0,0,0,-5.25087e-05,-0.001452,7.99799e-05,0.000362683,7.18009e-05,-2.6457e-08,32002,31994.8,32005.2,31998
8.487,0,0,0,-5.3856e-05,-0.00134734,8.02955e-05,0.000315632,7.18008e-05,-5.43001e-08,32001.9,31994.9,32005.1,31998.1
8.488,0,0,0,-5.51011e-05,-0.00124513,8.05655e-05,0.00026996,7.18008e-05,-8.08403e-08,32001.9,31995,32005,31998.1
8.489,0,0,0,-5.62465e-05,-0.00114539,8.07911e-05,0.000225662,7.18007e-05,-1.06158e-07,32001.9,31995.2,32004.8,31998.1
8.49,0,0,0,-5.72946e-05,-0.00104812,8.09739e-05,0.000182731,7.18005e-05,-1.30331e-07,32001.8,31995.3,32004.7,31998.2
8.491,0,0,0,-5.8248e-05,-0.000953328,8.1115e-05,0.000141159,7.18004e-05,-1.5343e-07,32001.8,31995.4,32004.6,31998.2
8.492,0,0,0,-5.9109e-05,-0.000861013,8.1216e-05,0.000100937,7.18002e-05,-1.75524e-07,32001.7,31995.5,32004.5,31998.3
8.493,0,0,0,-5.98801e-05,-0.000771176,8.1278e-05,6.20546e-05,7.18e-05,-1.96678e-07,32001.7,31995.7,32004.3,31998.3
8.494,0,0,0,-6.0564e-05,-0.000683814,8.13025e-05,2.45017e-05,7.17998e-05,-2.16952e-07,32001.7,31995.8,32004.2,31998.3
8.495,0,0,0,-6.11629e-05,-0.000598921,8.12908e-05,-1.17336e-05,7.17996e-05,-2.36404e-07,32001.6,31995.9,32004.1,31998.4
8.496,0,0,0,-6.16794e-05,-0.000516489,8.12441e-05,-4.6664e-05,7.17993e-05,-2.55088e-07,32001.6,31996.1,32003.9,31998.4
8.497,0,0,0,-6.21159e-05,-0.000436511,8.11638e-05,-8.03027e-05,7.1799e-05,-2.73054e-07,32001.6,31996.2,32003.8,31998.4
8.498,0,0,0,-6.24748e-05,-0.000358973,8.10511e-05,-0.000112664,7.17987e-05,-2.90349e-07,32001.5,31996.3,32003.7,31998.5
8.499,0,0,0,-6.27587e-05,-0.000283863,8.09074e-05,-0.000143763,7.17984e-05,-3.07018e-07,32001.5,31996.4,32003.6,31998.5
8.5,0,0,0,-6.29699e-05,-0.000211166,8.07338e-05,-0.000173614,7.17981e-05,-3.23101e-07,32001.4,31996.6,32003.4,31998.6
8.501,0,0,0,-6.31107e-05,-0.000140864,8.05315e-05,-0.000202234,7.17978e-05,-3.38638e-07,32001.4,31996.7,32003.3,31998.6
8.502,0,0,0,-6.31837e-05,-7.29398e-05,8.03019e-05,-0.00022964,7.17974e-05,-3.53665e-07,32001.4,31996.8,32003.2,31998.6
8.503,0,0,0,-6.31911e-05,-7.37209e-06,8.0046e-05,-0.000255848,7.1797e-05,-3.68213e-07,32001.3,31996.9,32003.1,31998.7
8.504,0,0,0,-6.31352e-05,5.58606e-05,7.97652e-05,-0.000280878,7.17967e-05,-3.82314e-07,32001.3,31997,32003,31998.7
8.505,0,0,0,-6.30184e-05,0.000116781,7.94604e-05,-0.000304746,7.17963e-05,-3.95997e-07,32001.2,31997.2,32002.8,31998.8
8.506,0,0,0,-6.2843e-05,0.000175415,7.9133e-05,-0.000327472,7.17959e-05,-4.09287e-07,32001.2,31997.3,32002.7,31998.8
8.507,0,0,0,-6.26112e-05,0.000231787,7.87839e-05,-0.000349075,7.17954e-05,-4.2221e-07,32001.2,31997.4,32002.6,31998.8
8.508,0,0,0,-6.23253e-05,0.000285924,7.84143e-05,-0.000369575,7.1795e-05,-4.34786e-07,32001.1,31997.5,32002.5,31998.9
8.509,0,0,0,-6.19874e-05,0.000337856,7.80253e-05,-0.00038899,7.17945e-05,-4.47038e-07,32001.1,31997.6,32002.4,31998.9
8.51,0,0,0,-6.15998e-05,0.000387611,7.7618e-05,-0.000407342,7.17941e-05,-4.58982e-07,32001.1,31997.7,32002.3,31998.9
8.511,0,0,0,-6.11646e-05,0.000435219,7.71933e-05,-0.000424652,7.17936e-05,-4.70636e-07,32001,31997.8,32002.2,31999
8.512,0,0,0,-6.06839e-05,0.000480712,7.67524e-05,-0.000440939,7.17931e-05,-4.82016e-07,32001,31997.9,32002.1,31999
8.513,0,0,0,-6.01598e-05,0.000524122,7.62962e-05,-0.000456224,7.17926e-05,-4.93136e-07,32000.9,31998,32002,31999.1
8.514,0,0,0,-5.95943e-05,0.000565483,7.58256e-05,-0.00047053,7.17921e-05,-5.04008e-07,32000.9,31998.1,32001.9,31999.1
8.515,0,0,0,-5.89895e-05,0.000604827,7.53417e-05,-0.000483877,7.17916e-05,-5.14644e-07,32000.9,31998.2,32001.8,31999.1
8.516,0,0,0,-5.83473e-05,0.00064219,7.48455e-05,-0.000496288,7.17911e-05,-5.25055e-07,32000.8,31998.3,32001.7,31999.2
8.517,0,0,0,-5.76697e-05,0.000677607,7.43377e-05,-0.000507782,7.17906e-05,-5.35248e-07,32000.8,31998.4,32001.6,31999.2
8.518,0,0,0,-5.69585e-05,0.000711113,7.38193e-05,-0.000518383,7.179e-05,-5.45233e-07,32000.8,31998.5,32001.5,31999.2
8.519,0,0,0,-5.62158e-05,0.000742745,7.32912e-05,-0.000528112,7.17895e-05,-5.55018e-07,32000.7,31998.6,32001.4,31999.3
8.52,0,0,0,-5.54433e-05,0.00077254,7.27542e-05,-0.000536992,7.17889e-05,-5.64608e-07,32000.7,31998.7,32001.3,31999.3
8.521,0,0,0,-5.46427e-05,0.000800535,7.22091e-05,-0.000545043,7.17883e-05,-5.74009e-07,32000.7,31998.8,32001.2,31999.3
8.522,0,0,0,-5.3816e-05,0.000826767,7.16569e-05,-0.000552288,7.17877e-05,-5.83227e-07,32000.6,31998.9,32001.1,31999.4
8.523,0,0,0,-5.29647e-05,0.000851275,7.10981e-05,-0.000558748,7.17872e-05,-5.92265e-07,32000.6,31999,32001,31999.4
8.524,0,0,0,-5.20906e-05,0.000874097,7.05337e-05,-0.000564447,7.17866e-05,-6.01128e-07,32000.6,31999,32001,31999.4
8.525,0,0,0,-5.11953e-05,0.00089527,6.99643e-05,-0.000569404,7.17859e-05,-6.0982e-07,32000.5,31999.1,32000.9,31999.5
8.526,0,0,0,-5.02805e-05,0.000914835,6.93906e-05,-0.000573643,7.17853e-05,-6.18342e-07,32000.5,31999.2,32000.8,31999.5
8.527,0,0,0,-4.93477e-05,0.00093283,6.88134e-05,-0.000577185,7.17847e-05,-6.26698e-07,32000.5,31999.3,32000.7,31999.5
8.528,0,0,0,-4.83984e-05,0.000949293,6.82334e-05,-0.000580051,7.17841e-05,-6.3489e-07,32000.5,31999.4,32000.6,31999.5
8.529,0,0,0,-4.74341e-05,0.000964265,6.76511e-05,-0.000582262,7.17834e-05,-6.42919e-07,32000.4,31999.4,32000.6,31999.6
8.53,0,0,0,-4.64563e-05,0.000977783,6.70673e-05,-0.000583841,7.17828e-05,-6.50787e-07,32000.4,31999.5,32000.5,31999.6
8.531,0,0,0,-4.54664e-05,0.000989887,6.64825e-05,-0.000584807,7.17821e-05,-6.58496e-07,32000.4,31999.6,32000.4,31999.6
8.532,0,0,0,-4.44658e-05,0.00100062,6.58973e-05,-0.000585183,7.17814e-05,-6.66046e-07,32000.3,31999.6,32000.4,31999.7
8.533,0,0,0,-4.34558e-05,0.00101001,6.53123e-05,-0.000584988,7.17808e-05,-6.7344e-07,32000.3,31999.7,32000.3,31999.7
8.534,0,0,0,-4.24377e-05,0.0010181,6.47281e-05,-0.000584244,7.17801e-05,-6.80676e-07,32000.3,31999.8,32000.2,31999.7
8.535,0,0,0,-4.14128e-05,0.00102494,6.41451e-05,-0.000582971,7.17794e-05,-6.87757e-07,32000.3,31999.8,32000.2,31999.7
8.536,0,0,0,-4.03822e-05,0.00103055,6.35639e-05,-0.000581188,7.17787e-05,-6.94684e-07,32000.2,31999.9,32000.1,31999.8
8.537,0,0,0,-3.93472e-05,0.00103499,6.2985e-05,-0.000578916,7.1778e-05,-7.01455e-07,32000.2,31999.9,32000.1,31999.8
8.538,0,0,0,-3.83089e-05,0.00103828,6.24088e-05,-0.000576174,7.17773e-05,-7.08074e-07,32000.2,32000,32000,31999.8
8.539,0,0,0,-3.72685e-05,0.00104046,6.18358e-05,-0.000572982,7.17766e-05,-7.14539e-07,32000.2,32000,32000,31999.8
8.54,0,0,0,-3.62269e-05,0.00104158,6.12665e-05,-0.000569359,7.17759e-05,-7.20851e-07,32000.2,32000.1,31999.9,31999.8
8.541,0,0,0,-3.51852e-05,0.00104166,6.07011e-05,-0.000565323,7.17751e-05,-7.27013e-07,32000.1,32000.1,31999.9,31999.9
8.542,0,0,0,-3.41445e-05,0.00104074,6.01403e-05,-0.000560894,7.17744e-05,-7.33023e-07,32000.1,32000.2,31999.8,31999.9
8.543,0,0,0,-3.31056e-05,0.00103887,5.95842e-05,-0.000556089,7.17737e-05,-7.38882e-07,32000.1,32000.2,31999.8,31999.9
8.544,0,0,0,-3.20695e-05,0.00103608,5.90332e-05,-0.000550927,7.17729e-05,-7.44592e-07,32000.1,32000.3,31999.7,31999.9
8.545,0,0,0,-3.10372e-05,0.0010324,5.84878e-05,-0.000545425,7.17722e-05,-7.50154e-07,32000.1,32000.3,31999.7,31999.9
8.546,0,0,0,-3.00093e-05,0.00102787,5.79482e-05,-0.0005396,7.17714e-05,-7.55568e-07,32000,32000.3,31999.7,32000
8.547,0,0,0,-2.89868e-05,0.00102252,5.74147e-05,-0.00053347,7.17707e-05,-7.60835e-07,32000,32000.4,31999.6,32000
8.548,0,0,0,-2.79704e-05,0.00101638,5.68877e-05,-0.000527052,7.17699e-05,-7.65957e-07,32000,32000.4,31999.6,32000
8.549,0,0,0,-2.69609e-05,0.0010095,5.63673e-05,-0.000520361,7.17691e-05,-7.70935e-07,32000,32000.5,31999.5,32000
8.55,0,0,0,-2.5959e-05,0.0010019,5.58539e-05,-0.000513415,7.17683e-05,-7.75769e-07,32000,32000.5,31999.5,32000
8.551,0,0,0,-2.49654e-05,0.000993623,5.53477e-05,-0.000506228,7.17676e-05,-7.80462e-07,32000,32000.5,31999.5,32000
8.552,0,0,0,-2.39807e-05,0.000984692,5.48489e-05,-0.000498816,7.17668e-05,-7.85015e-07,31999.9,32000.5,31999.5,32000.1
8.553,0,0,0,-2.30055e-05,0.000975142,5.43577e-05,-0.000491194,7.1766e-05,-7.89429e-07,31999.9,32000.6,31999.4,32000.1
8.554,0,0,0,-2.20405e-05,0.000965005,5.38743e-05,-0.000483377,7.17652e-05,-7.93706e-07,31999.9,32000.6,31999.4,32000.1
8.555,0,0,0,-2.10862e-05,0.000954311,5.33989e-05,-0.00047538,7.17644e-05,-7.97849e-07,31999.9,32000.6,31999.4,32000.1
8.556,0,0,0,-2.01431e-05,0.000943089,5.29317e-05,-0.000467216,7.17636e-05,-8.01858e-07,31999.9,32000.7,31999.3,32000.1
8.557,0,0,0,-1.92118e-05,0.00093137,5.24728e-05,-0.000458899,7.17628e-05,-8.05736e-07,31999.9,32000.7,31999.3,32000.1
8.558,0,0,0,-1.82926e-05,0.000919183,5.20224e-05,-0.000450443,7.1762e-05,-8.09484e-07,31999.9,32000.7,31999.3,32000.1
8.559,0,0,0,-1.7386e-05,0.000906556,5.15805e-05,-0.00044186,7.17612e-05,-8.13106e-07,31999.9,32000.7,31999.3,32000.1
8.56,0,0,0,-1.64925e-05,0.000893516,5.11473e-05,-0.000433164,7.17603e-05,-8.16602e-07,31999.9,32000.7,31999.3,32000.1
8.561,0,0,0,-1.56124e-05,0.000880091,5.0723e-05,-0.000424366,7.17595e-05,-8.19976e-07,31999.8,32000.7,31999.3,32000.2
8.562,0,0,0,-1.47461e-05,0.000866307,5.03075e-05,-0.000415479,7.17587e-05,-8.23229e-07,31999.8,32000.8,31999.2,32000.2
8.563,0,0,0,-1.38939e-05,0.00085219,4.9901e-05,-0.000406514,7.17579e-05,-8.26365e-07,31999.8,32000.8,31999.2,32000.2
8.564,0,0,0,-1.30561e-05,0.000837766,4.95035e-05,-0.000397483,7.1757e-05,-8.29385e-07,31999.8,32000.8,31999.2,32000.2
8.565,0,0,0,-1.22331e-05,0.00082306,4.91151e-05,-0.000388396,7.17562e-05,-8.32291e-07,31999.8,32000.8,31999.2,32000.2
8.566,0,0,0,-1.1425e-05,0.000808094,4.87358e-05,-0.000379264,7.17554e-05,-8.35088e-07,31999.8,32000.8,31999.2,32000.2
8.567,0,0,0,-1.06321e-05,0.000792894,4.83657e-05,-0.000370098,7.17545e-05,-8.37776e-07,31999.8,32000.8,31999.2,32000.2
8.568,0,0,0,-9.85461e-06,0.000777481,4.80048e-05,-0.000360908,7.17537e-05,-8.40359e-07,31999.8,32000.8,31999.2,32000.2
8.569,0,0,0,-9.09273e-06,0.000761879,4.76531e-05,-0.000351702,7.17529e-05,-8.42839e-07,31999.8,32000.8,31999.2,32000.2
8.57,0,0,0,-8.34663e-06,0.000746108,4.73106e-05,-0.000342491,7.1752e-05,-8.45219e-07,31999.8,32000.8,31999.2,32000.2
8.571,0,0,0,-7.61644e-06,0.00073019,4.69774e-05,-0.000333283,7.17512e-05,-8.47502e-07,31999.8,32000.8,31999.2,32000.2
8.572,0,0,0,-6.90229e-06,0.000714144,4.66533e-05,-0.000324087,7.17503e-05,-8.4969e-07,31999.8,32000.8,31999.2,32000.2
8.573,0,0,0,-6.2043e-06,0.000697992,4.63384e-05,-0.000314912,7.17495e-05,-8.51786e-07,31999.8,32000.9,31999.1,32000.2
8.574,0,0,0,-5.52255e-06,0.000681752,4.60326e-05,-0.000305764,7.17486e-05,-8.53793e-07,31999.8,32000.9,31999.1,32000.2
8.575,0,0,0,-4.8571e-06,0.000665443,4.57359e-05,-0.000296653,7.17478e-05,-8.55713e-07,31999.8,32000.9,31999.1,32000.2
8.576,0,0,0,-4.20802e-06,0.000649082,4.54483e-05,-0.000287586,7.17469e-05,-8.57549e-07,31999.8,32000.9,31999.1,32000.2
8.577,0,0,0,-3.57533e-06,0.000632688,4.51698e-05,-0.000278568,7.1746e-05,-8.59304e-07,31999.8,32000.9,31999.1,32000.2
8.578,0,0,0,-2.95906e-06,0.000616276,4.49002e-05,-0.000269609,7.17452e-05,-8.6098e-07,31999.7,32000.9,31999.1,32000.3
8.579,0,0,0,-2.35919e-06,0.000599864,4.46395e-05,-0.000260712,7.17443e-05,-8.62581e-07,31999.7,32000.8,31999.2,32000.3
8.58,0,0,0,-1.77573e-06,0.000583467,4.43876e-05,-0.000251886,7.17434e-05,-8.64108e-07,31999.7,32000.8,31999.2,32000.3
8.581,0,0,0,-1.20863e-06,0.000567099,4.41444e-05,-0.000243136,7.17426e-05,-8.65564e-07,31999.7,32000.8,31999.2,32000.3
8.582,0,0,0,-6.57852e-07,0.000550777,4.391e-05,-0.000234468,7.17417e-05,-8.66952e-07,31999.7,32000.8,31999.2,32000.3
8.583,0,0,0,-1.2334e-07,0.000534512,4.36841e-05,-0.000225886,7.17408e-05,-8.68275e-07,31999.7,32000.8,31999.2,32000.3
8.584,0,0,0,3.9498e-07,0.00051832,4.34667e-05,-0.000217396,7.174e-05,-8.69534e-07,31999.7,32000.8,31999.2,32000.3
8.585,0,0,0,8.97192e-07,0.000502212,4.32577e-05,-0.000209003,7.17391e-05,-8.70733e-07,31999.7,32000.8,31999.2,32000.3
8.586,0,0,0,1.38339e-06,0.000486201,4.3057e-05,-0.000200711,7.17382e-05,-8.71874e-07,31999.7,32000.8,31999.2,32000.3
8.587,0,0,0,1.85369e-06,0.000470299,4.28644e-05,-0.000192524,7.17374e-05,-8.72958e-07,31999.7,32000.8,31999.2,32000.3
8.588,0,0,0,2.30821e-06,0.000454517,4.268e-05,-0.000184448,7.17365e-05,-8.73989e-07,31999.7,32000.8,31999.2,32000.3
8.589,0,0,0,2.74707e-06,0.000438866,4.25035e-05,-0.000176484,7.17356e-05,-8.74969e-07,31999.7,32000.8,31999.2,32000.3
8.59,0,0,0,3.17043e-06,0.000423356,4.23349e-05,-0.000168638,7.17347e-05,-8.75899e-07,31999.7,32000.8,31999.2,32000.3
8.591,0,0,0,3.57843e-06,0.000407996,4.2174e-05,-0.000160911,7.17339e-05,-8.76782e-07,31999.7,32000.8,31999.2,32000.3
8.592,0,0,0,3.97122e-06,0.000392797,4.20207e-05,-0.000153308,7.1733e-05,-8.77621e-07,31999.7,32000.8,31999.2,32000.3
8.593,0,0,0,4.34899e-06,0.000377766,4.18748e-05,-0.000145831,7.17321e-05,-8.78416e-07,31999.7,32000.8,31999.2,32000.3
8.594,0,0,0,4.7119e-06,0.000362913,4.17363e-05,-0.000138483,7.17312e-05,-8.79171e-07,31999.7,32000.7,31999.3,32000.3
8.595,0,0,0,5.06015e-06,0.000348244,4.16051e-05,-0.000131266,7.17303e-05,-8.79887e-07,31999.7,32000.7,31999.3,32000.3
8.596,0,0,0,5.39391e-06,0.000333768,4.14809e-05,-0.000124182,7.17295e-05,-8.80566e-07,31999.8,32000.7,31999.3,32000.2
8.597,0,0,0,5.71341e-06,0.000319491,4.13637e-05,-0.000117233,7.17286e-05,-8.81209e-07,31999.8,32000.7,31999.3,32000.2
8.598,0,0,0,6.01882e-06,0.000305419,4.12532e-05,-0.000110422,7.17277e-05,-8.81819e-07,31999.8,32000.7,31999.3,32000.2
8.599,0,0,0,6.31038e-06,0.000291559,4.11495e-05,-0.000103749,7.17268e-05,-8.82397e-07,31999.8,32000.7,31999.3,32000.2
8.6,0,0,0,6.5883e-06,0.000277917,4.10523e-05,-9.72164e-05,7.17259e-05,-8.82945e-07,31999.8,32000.7,31999.3,32000.2
8.601,0,0,0,6.8528e-06,0.000264497,4.09615e-05,-9.08249e-05,7.17251e-05,-8.83465e-07,31999.8,32000.7,31999.3,32000.2
8.602,0,0,0,7.1041e-06,0.000251305,4.08769e-05,-8.45757e-05,7.17242e-05,-8.83957e-07,31999.8,32000.7,31999.3,32000.2
8.603,0,0,0,7.34245e-06,0.000238344,4.07984e-05,-7.84698e-05,7.17233e-05,-8.84424e-07,31999.8,32000.6,31999.4,32000.2
8.604,0,0,0,7.56807e-06,0.000225619,4.07259e-05,-7.25077e-05,7.17224e-05,-8.84866e-07,31999.8,32000.6,31999.4,32000.2
8.605,0,0,0,7.7812e-06,0.000213134,4.06592e-05,-6.669e-05,7.17215e-05,-8.85286e-07,31999.8,32000.6,31999.4,32000.2
8.606,0,0,0,7.98209e-06,0.000200892,4.05982e-05,-6.10172e-05,7.17206e-05,-8.85684e-07,31999.8,32000.6,31999.4,32000.2
8.607,0,0,0,8.17099e-06,0.000188896,4.05427e-05,-5.54894e-05,7.17197e-05,-8.86062e-07,31999.8,32000.6,31999.4,32000.2
8.608,0,0,0,8.34814e-06,0.000177148,4.04926e-05,-5.01067e-05,7.17189e-05,-8.8642e-07,31999.8,32000.6,31999.4,32000.2
8.609,0,0,0,8.51379e-06,0.000165651,4.04477e-05,-4.48692e-05,7.1718e-05,-8.8676e-07,31999.8,32000.6,31999.4,32000.2
8.61,0,0,0,8.66819e-06,0.000154407,4.04079e-05,-3.97764e-05,7.17171e-05,-8.87084e-07,31999.8,32000.5,31999.5,32000.2
8.611,0,0,0,8.81161e-06,0.000143418,4.03731e-05,-3.48283e-05,7.17162e-05,-8.87391e-07,31999.8,32000.5,31999.5,32000.2
8.612,0,0,0,8.9443e-06,0.000132684,4.03431e-05,-3.00242e-05,7.17153e-05,-8.87684e-07,31999.8,32000.5,31999.5,32000.2
8.613,0,0,0,9.0665e-06,0.000122208,4.03177e-05,-2.53637e-05,7.17144e-05,-8.87962e-07,31999.8,32000.5,31999.5,32000.2
8.614,0,0,0,9.17849e-06,0.000111989,4.02969e-05,-2.0846e-05,7.17135e-05,-8.88227e-07,31999.8,32000.5,31999.5,32000.2
8.615,0,0,0,9.28052e-06,0.000102029,4.02804e-05,-1.64704e-05,7.17126e-05,-8.8848e-07,31999.8,32000.5,31999.5,32000.2
8.616,0,0,0,9.37285e-06,9.23268e-05,4.02682e-05,-1.22358e-05,7.17118e-05,-8.88721e-07,31999.8,32000.5,31999.5,32000.2
8.617,0,0,0,9.45573e-06,8.28835e-05,4.026e-05,-8.14146e-06,7.17109e-05,-8.88951e-07,31999.8,32000.5,31999.5,32000.2
8.618,0,0,0,9.52943e-06,7.36986e-05,4.02559e-05,-4.1861e-06,7.171e-05,-8.89172e-07,31999.8,32000.4,31999.6,32000.2
8.619,0,0,0,9.5942e-06,6.47715e-05,4.02555e-05,-3.68558e-07,7.17091e-05,-8.89382e-07,31999.8,32000.4,31999.6,32000.2
8.62,0,0,0,9.6503e-06,5.61016e-05,4.02588e-05,3.31245e-06,7.17082e-05,-8.89584e-07,31999.8,32000.4,31999.6,32000.2
8.621,0,0,0,9.69799e-06,4.76879e-05,4.02657e-05,6.85829e-06,7.17073e-05,-8.89777e-07,31999.8,32000.4,31999.6,32000.2
8.622,0,0,0,9.73752e-06,3.95293e-05,4.02759e-05,1.02704e-05,7.17064e-05,-8.89963e-07,31999.8,32000.4,31999.6,32000.2
8.623,0,0,0,9.76914e-06,3.16244e-05,4.02895e-05,1.35503e-05,7.17055e-05,-8.90141e-07,31999.8,32000.4,31999.6,32000.2
8.624,0,0,0,9.79312e-06,2.39718e-05,4.03062e-05,1.66997e-05,7.17046e-05,-8.90313e-07,31999.8,32000.4,31999.6,32000.2
8.625,0,0,0,9.80969e-06,1.65696e-05,4.03259e-05,1.97201e-05,7.17037e-05,-8.90478e-07,31999.9,32000.4,31999.6,32000.1
8.626,0,0,0,9.8191e-06,9.41599e-06,4.03485e-05,2.26134e-05,7.17029e-05,-8.90637e-07,31999.9,32000.3,31999.7,32000.1
8.627,0,0,0,9.82161e-06,2.50891e-06,4.03739e-05,2.53812e-05,7.1702e-05,-8.90791e-07,31999.9,32000.3,31999.7,32000.1
8.628,0,0,0,9.81746e-06,-4.15387e-06,4.04019e-05,2.80254e-05,7.17011e-05,-8.90939e-07,31999.9,32000.3,31999.7,32000.1
8.629,0,0,0,9.80688e-06,-1.05747e-05,4.04325e-05,3.0548e-05,7.17002e-05,-8.91083e-07,31999.9,32000.3,31999.7,32000.1
8.63,0,0,0,9.79013e-06,-1.67562e-05,4.04654e-05,3.29509e-05,7.16993e-05,-8.91222e-07,31999.9,32000.3,31999.7,32000.1
8.631,0,0,0,9.76743e-06,-2.2701e-05,4.05007e-05,3.5236e-05,7.16984e-05,-8.91357e-07,31999.9,32000.3,31999.7,32000.1
8.632,0,0,0,9.73901e-06,-2.84118e-05,4.05381e-05,3.74054e-05,7.16975e-05,-8.91488e-07,31999.9,32000.3,31999.7,32000.1
8.633,0,0,0,9.70512e-06,-3.38916e-05,4.05775e-05,3.94612e-05,7.16966e-05,-8.91615e-07,31999.9,32000.3,31999.7,32000.1
8.634,0,0,0,9.66598e-06,-3.91434e-05,4.06189e-05,4.14054e-05,7.16957e-05,-8.91738e-07,31999.9,32000.2,31999.8,32000.1
8.635,0,0,0,9.62181e-06,-4.41704e-05,4.06622e-05,4.32403e-05,7.16948e-05,-8.91858e-07,31999.9,32000.2,31999.8,32000.1
8.636,0,0,0,9.57283e-06,-4.89758e-05,4.07071e-05,4.49678e-05,7.16939e-05,-8.91975e-07,31999.9,32000.2,31999.8,32000.1
8.637,0,0,0,9.51927e-06,-5.35629e-05,4.07537e-05,4.65904e-05,7.16931e-05,-8.92088e-07,31999.9,32000.2,31999.8,32000.1
8.638,0,0,0,9.46133e-06,-5.79352e-05,4.08018e-05,4.811e-05,7.16922e-05,-8.92199e-07,31999.9,32000.2,31999.8,32000.1
8.639,0,0,0,9.39924e-06,-6.20962e-05,4.08514e-05,4.9529e-05,7.16913e-05,-8.92307e-07,31999.9,32000.2,31999.8,32000.1
8.64,0,0,0,9.33319e-06,-6.60495e-05,4.09022e-05,5.08497e-05,7.16904e-05,-8.92413e-07,31999.9,32000.2,31999.8,32000.1
8.641,0,0,0,9.26339e-06,-6.97986e-05,4.09543e-05,5.20742e-05,7.16895e-05,-8.92516e-07,31999.9,32000.2,31999.8,32000.1
8.642,0,0,0,9.19004e-06,-7.33474e-05,4.10075e-05,5.32049e-05,7.16886e-05,-8.92616e-07,31999.9,32000.2,31999.8,32000.1
8.643,0,0,0,9.11334e-06,-7.66996e-05,4.10617e-05,5.4244e-05,7.16877e-05,-8.92715e-07,31999.9,32000.1,31999.9,32000.1
8.644,0,0,0,9.03348e-06,-7.98591e-05,4.11169e-05,5.51937e-05,7.16868e-05,-8.9281e-07,31999.9,32000.1,31999.9,32000.1
8.645,0,0,0,8.95065e-06,-8.28297e-05,4.1173e-05,5.60565e-05,7.16859e-05,-8.92904e-07,31999.9,32000.1,31999.9,32000.1
8.646,0,0,0,8.86504e-06,-8.56153e-05,4.12298e-05,5.68345e-05,7.1685e-05,-8.92996e-07,31999.9,32000.1,31999.9,32000.1
8.647,0,0,0,8.77682e-06,-8.82199e-05,4.12873e-05,5.75301e-05,7.16841e-05,-8.93086e-07,31999.9,32000.1,31999.9,32000.1
8.648,0,0,0,8.68617e-06,-9.06475e-05,4.13455e-05,5.81455e-05,7.16832e-05,-8.93173e-07,31999.9,32000.1,31999.9,32000.1
8.649,0,0,0,8.59327e-06,-9.29021e-05,4.14042e-05,5.8683e-05,7.16823e-05,-8.93259e-07,31999.9,32000.1,31999.9,32000.1
8.65,0,0,0,8.49828e-06,-9.49877e-05,4.14633e-05,5.91449e-05,7.16814e-05,-8.93343e-07,31999.9,32000.1,31999.9,32000.1
8.651,0,0,0,8.40137e-06,-9.69084e-05,4.15229e-05,5.95335e-05,7.16806e-05,-8.93424e-07,31999.9,32000.1,31999.9,32000.1
8.652,0,0,0,8.3027e-06,-9.86682e-05,4.15827e-05,5.98509e-05,7.16797e-05,-8.93504e-07,32000,32000.1,31999.9,32000
8.653,0,0,0,8.20243e-06,-0.000100271,4.16428e-05,6.00995e-05,7.16788e-05,-8.93583e-07,32000,32000.1,31999.9,32000
8.654,0,0,0,8.10071e-06,-0.000101721,4.17031e-05,6.02815e-05,7.16779e-05,-8.93659e-07,32000,32000.1,31999.9,32000
8.655,0,0,0,7.99769e-06,-0.000103023,4.17635e-05,6.0399e-05,7.1677e-05,-8.93733e-07,32000,32000,32000,32000
8.656,0,0,0,7.89351e-06,-0.00010418,4.18239e-05,6.04542e-05,7.16761e-05,-8.93806e-07,32000,32000,32000,32000
8.657,0,0,0,7.78831e-06,-0.000105197,4.18844e-05,6.04494e-05,7.16752e-05,-8.93877e-07,32000,32000,32000,32000
8.658,0,0,0,7.68224e-06,-0.000106077,4.19448e-05,6.03867e-05,7.16743e-05,-8.93946e-07,32000,32000,32000,32000
8.659,0,0,0,7.57541e-06,-0.000106824,4.2005e-05,6.02681e-05,7.16734e-05,-8.94014e-07,32000,32000,32000,32000
8.66,0,0,0,7.46797e-06,-0.000107444,4.20651e-05,6.00959e-05,7.16725e-05,-8.94079e-07,32000,32000,32000,32000
8.661,0,0,0,7.36003e-06,-0.000107938,4.2125e-05,5.98721e-05,7.16716e-05,-8.94143e-07,32000,32000,32000,32000
8.662,0,0,0,7.25172e-06,-0.000108313,4.21846e-05,5.95987e-05,7.16707e-05,-8.94206e-07,32000,32000,32000,32000
8.663,0,0,0,7.14315e-06,-0.000108571,4.22439e-05,5.92777e-05,7.16698e-05,-8.94266e-07,32000,32000,32000,32000
8.664,0,0,0,7.03443e-06,-0.000108716,4.23028e-05,5.89113e-05,7.16689e-05,-8.94325e-07,32000,32000,32000,32000
8.665,0,0,0,6.92568e-06,-0.000108753,4.23613e-05,5.85013e-05,7.1668e-05,-8.94382e-07,32000,32000,32000,32000
8.666,0,0,0,6.81699e-06,-0.000108684,4.24194e-05,5.80498e-05,7.16671e-05,-8.94438e-07,32000,32000,32000,32000
8.667,0,0,0,6.70848e-06,-0.000108515,4.24769e-05,5.75585e-05,7.16662e-05,-8.94491e-07,32000,32000,32000,32000
8.668,0,0,0,6.60023e-06,-0.000108248,4.25339e-05,5.70294e-05,7.16654e-05,-8.94543e-07,32000,32000,32000,32000
8.669,0,0,0,6.49234e-06,-0.000107888,4.25904e-05,5.64644e-05,7.16645e-05,-8.94594e-07,32000,32000,32000,32000
8.67,0,0,0,6.3849e-06,-0.000107438,4.26463e-05,5.58653e-05,7.16636e-05,-8.94643e-07,32000,32000,32000,32000
8.671,0,0,0,6.278e-06,-0.000106902,4.27015e-05,5.52339e-05,7.16627e-05,-8.9469e-07,32000,32000,32000,32000
8.672,0,0,0,6.17172e-06,-0.000106283,4.27561e-05,5.45718e-05,7.16618e-05,-8.94736e-07,32000,32000,32000,32000
8.673,0,0,0,6.06613e-06,-0.000105586,4.281e-05,5.3881e-05,7.16609e-05,-8.9478e-07,32000,32000,32000,32000
8.674,0,0,0,5.96132e-06,-0.000104812,4.28631e-05,5.31629e-05,7.166e-05,-8.94822e-07,32000,31999.9,32000.1,32000
8.675,0,0,0,5.85735e-06,-0.000103966,4.29155e-05,5.24194e-05,7.16591e-05,-8.94863e-07,32000,31999.9,32000.1,32000
8.676,0,0,0,5.7543e-06,-0.000103052,4.29672e-05,5.16519e-05,7.16582e-05,-8.94902e-07,32000,31999.9,32000.1,32000
8.677,0,0,0,5.65223e-06,-0.000102072,4.30181e-05,5.08622e-05,7.16573e-05,-8.9494e-07,32000,31999.9,32000.1,32000
8.678,0,0,0,5.5512e-06,-0.00010103,4.30681e-05,5.00517e-05,7.16564e-05,-8.94976e-07,32000,31999.9,32000.1,32000
8.679,0,0,0,5.45127e-06,-9.9929e-05,4.31173e-05,4.92219e-05,7.16555e-05,-8.95011e-07,32000,31999.9,32000.1,32000
8.68,0,0,0,5.3525e-06,-9.87722e-05,4.31657e-05,4.83744e-05,7.16546e-05,-8.95044e-07,32000,31999.9,32000.1,32000
8.681,0,0,0,5.25494e-06,-9.75626e-05,4.32132e-05,4.75106e-05,7.16537e-05,-8.95076e-07,32000,31999.9,32000.1,32000
8.682,0,0,0,5.15863e-06,-9.63034e-05,4.32598e-05,4.66318e-05,7.16528e-05,-8.95106e-07,32000,31999.9,32000.1,32000
8.683,0,0,0,5.06363e-06,-9.49974e-05,4.33056e-05,4.57395e-05,7.16519e-05,-8.95135e-07,32000,31999.9,32000.1,32000
8.684,0,0,0,4.96999e-06,-9.36477e-05,4.33504e-05,4.4835e-05,7.1651e-05,-8.95163e-07,32000,31999.9,32000.1,32000
8.685,0,0,0,4.87773e-06,-9.2257e-05,4.33943e-05,4.39195e-05,7.16501e-05,-8.95189e-07,32000,31999.9,32000.1,32000
8.686,0,0,0,4.7869e-06,-9.08282e-05,4.34373e-05,4.29944e-05,7.16492e-05,-8.95214e-07,32000,31999.9,32000.1,32000
8.687,0,0,0,4.69754e-06,-8.93639e-05,4.34794e-05,4.20609e-05,7.16483e-05,-8.95238e-07,32000,31999.9,32000.1,32000
8.688,0,0,0,4.60967e-06,-8.78669e-05,4.35205e-05,4.11202e-05,7.16475e-05,-8.9526e-07,32000,31999.9,32000.1,32000
8.689,0,0,0,4.52333e-06,-8.63397e-05,4.35607e-05,4.01733e-05,7.16466e-05,-8.95281e-07,32000,31999.9,32000.1,32000
8.69,0,0,0,4.43855e-06,-8.47848e-05,4.35999e-05,3.92215e-05,7.16457e-05,-8.95301e-07,32000,31999.9,32000.1,32000
8.691,0,0,0,4.35534e-06,-8.32048e-05,4.36382e-05,3.82658e-05,7.16448e-05,-8.9532e-07,32000,31999.9,32000.1,32000
8.692,0,0,0,4.27374e-06,-8.1602e-05,4.36755e-05,3.73073e-05,7.16439e-05,-8.95337e-07,32000,31999.9,32000.1,32000
8.693,0,0,0,4.19376e-06,-7.99787e-05,4.37118e-05,3.63469e-05,7.1643e-05,-8.95354e-07,32000,31999.9,32000.1,32000
8.694,0,0,0,4.11542e-06,-7.83373e-05,4.37472e-05,3.53857e-05,7.16421e-05,-8.95369e-07,32000,31999.9,32000.1,32000
8.695,0,0,0,4.03874e-06,-7.668e-05,4.37816e-05,3.44247e-05,7.16412e-05,-8.95383e-07,32000,31999.9,32000.1,32000
8.696,0,0,0,3.96373e-06,-7.50088e-05,4.38151e-05,3.34646e-05,7.16403e-05,-8.95396e-07,32000,31999.9,32000.1,32000
8.697,0,0,0,3.89041e-06,-7.3326e-05,4.38476e-05,3.25064e-05,7.16394e-05,-8.95409e-07,32000,31999.9,32000.1,32000
8.698,0,0,0,3.81878e-06,-7.16335e-05,4.38792e-05,3.1551e-05,7.16385e-05,-8.9542e-07,32000,31999.9,32000.1,32000
8.699,0,0,0,3.74884e-06,-6.99332e-05,4.39098e-05,3.05992e-05,7.16376e-05,-8.9543e-07,32000,31999.9,32000.1,32000
8.7,0,0,0,3.68061e-06,-6.82271e-05,4.39394e-05,2.96516e-05,7.16367e-05,-8.95439e-07,32000,31999.9,32000.1,32000
8.701,0,0,0,3.6141e-06,-6.6517e-05,4.39681e-05,2.87092e-05,7.16358e-05,-8.95448e-07,32000,31999.9,32000.1,32000
8.702,0,0,0,3.54929e-06,-6.48046e-05,4.39959e-05,2.77725e-05,7.16349e-05,-8.95455e-07,32000,31999.9,32000.1,32000
8.703,0,0,0,3.4862e-06,-6.30917e-05,4.40227e-05,2.68423e-05,7.1634e-05,-8.95462e-07,32000,31999.9,32000.1,32000
8.704,0,0,0,3.42482e-06,-6.138e-05,4.40487e-05,2.59193e-05,7.16331e-05,-8.95468e-07,32000,31999.9,32000.1,32000
8.705,0,0,0,3.36515e-06,-5.9671e-05,4.40737e-05,2.5004e-05,7.16322e-05,-8.95473e-07,32000,31999.9,32000.1,32000
8.706,0,0,0,3.30718e-06,-5.79662e-05,4.40978e-05,2.40971e-05,7.16313e-05,-8.95477e-07,32000,31999.9,32000.1,32000
8.707,0,0,0,3.25092e-06,-5.62671e-05,4.4121e-05,2.31991e-05,7.16304e-05,-8.95481e-07,32000,31999.9,32000.1,32000
8.708,0,0,0,3.19634e-06,-5.45752e-05,4.41433e-05,2.23105e-05,7.16295e-05,-8.95483e-07,32000,31999.9,32000.1,32000
8.709,0,0,0,3.14345e-06,-5.28918e-05,4.41647e-05,2.14319e-05,7.16286e-05,-8.95486e-07,32000,31999.9,32000.1,32000
8.71,0,0,0,3.09223e-06,-5.12182e-05,4.41853e-05,2.05638e-05,7.16278e-05,-8.95487e-07,32000,31999.9,32000.1,32000
8.711,0,0,0,3.04268e-06,-4.95556e-05,4.4205e-05,1.97066e-05,7.16269e-05,-8.95488e-07,32000,31999.9,32000.1,32000
8.712,0,0,0,2.99477e-06,-4.79052e-05,4.42238e-05,1.88606e-05,7.1626e-05,-8.95488e-07,32000,31999.9,32000.1,32000
8.713,0,0,0,2.9485e-06,-4.62682e-05,4.42419e-05,1.80265e-05,7.16251e-05,-8.95488e-07,32000,31999.9,32000.1,32000
8.714,0,0,0,2.90386e-06,-4.46456e-05,4.42591e-05,1.72044e-05,7.16242e-05,-8.95488e-07,32000,31999.9,32000.1,32000
8.715,0,0,0,2.86082e-06,-4.30385e-05,4.42755e-05,1.63947e-05,7.16233e-05,-8.95486e-07,32000,31999.9,32000.1,32000
8.716,0,0,0,2.81937e-06,-4.14479e-05,4.42911e-05,1.55979e-05,7.16224e-05,-8.95484e-07,32000,31999.9,32000.1,32000
8.717,0,0,0,2.7795e-06,-3.98746e-05,4.43059e-05,1.48141e-05,7.16215e-05,-8.95482e-07,32000,31999.9,32000.1,32000
8.718,0,0,0,2.74118e-06,-3.83196e-05,4.43199e-05,1.40437e-05,7.16206e-05,-8.9548e-07,32000,31999.9,32000.1,32000
8.719,0,0,0,2.70439e-06,-3.67836e-05,4.43332e-05,1.32869e-05,7.16197e-05,-8.95476e-07,32000,31999.9,32000.1,32000
8.72,0,0,0,2.66913e-06,-3.52676e-05,4.43457e-05,1.2544e-05,7.16188e-05,-8.95473e-07,32000,31999.9,32000.1,32000
8.721,0,0,0,2.63535e-06,-3.37721e-05,4.43576e-05,1.18152e-05,7.16179e-05,-8.95469e-07,32000,31999.9,32000.1,32000
8.722,0,0,0,2.60306e-06,-3.22979e-05,4.43687e-05,1.11005e-05,7.1617e-05,-8.95465e-07,32000,31999.9,32000.1,32000
8.723,0,0,0,2.57221e-06,-3.08457e-05,4.43791e-05,1.04004e-05,7.16161e-05,-8.9546e-07,32000,31999.9,32000.1,32000
8.724,0,0,0,2.54279e-06,-2.94159e-05,4.43888e-05,9.71476e-06,7.16152e-05,-8.95455e-07,32000,31999.9,32000.1,32000
8.725,0,0,0,2.51478e-06,-2.80093e-05,4.43978e-05,9.04388e-06,7.16143e-05,-8.9545e-07,32000,31999.9,32000.1,32000
8.726,0,0,0,2.48816e-06,-2.66263e-05,4.44062e-05,8.38782e-06,7.16134e-05,-8.95444e-07,32000,31999.9,32000.1,32000
8.727,0,0,0,2.46289e-06,-2.52673e-05,4.44139e-05,7.74668e-06,7.16125e-05,-8.95438e-07,32000,31999.9,32000.1,32000
8.728,0,0,0,2.43896e-06,-2.39329e-05,4.44211e-05,7.12053e-06,7.16116e-05,-8.95432e-07,32000,31999.9,32000.1,32000
8.729,0,0,0,2.41633e-06,-2.26233e-05,4.44276e-05,6.50945e-06,7.16107e-05,-8.95426e-07,32000,31999.9,32000.1,32000
8.73,0,0,0,2.395e-06,-2.13391e-05,4.44335e-05,5.91347e-06,7.16098e-05,-8.95419e-07,32000,31999.9,32000.1,32000
8.731,0,0,0,2.37492e-06,-2.00804e-05,4.44388e-05,5.33263e-06,7.16089e-05,-8.95412e-07,32000,31999.9,32000.1,32000
8.732,0,0,0,2.35607e-06,-1.88476e-05,4.44436e-05,4.76692e-06,7.16081e-05,-8.95405e-07,32000,31999.9,32000.1,32000
8.733,0,0,0,2.33843e-06,-1.76409e-05,4.44478e-05,4.21636e-06,7.16072e-05,-8.95398e-07,32000,31999.9,32000.1,32000
8.734,0,0,0,2.32197e-06,-1.64605e-05,4.44515e-05,3.68093e-06,7.16063e-05,-8.9539e-07,32000,31999.9,32000.1,32000
8.735,0,0,0,2.30666e-06,-1.53067e-05,4.44546e-05,3.16059e-06,7.16054e-05,-8.95382e-07,32000,31999.9,32000.1,32000
8.736,0,0,0,2.29248e-06,-1.41795e-05,4.44573e-05,2.6553e-06,7.16045e-05,-8.95375e-07,32000,31999.9,32000.1,32000
8.737,0,0,0,2.2794e-06,-1.30791e-05,4.44595e-05,2.165e-06,7.16036e-05,-8.95367e-07,32000,31999.9,32000.1,32000
8.738,0,0,0,2.2674e-06,-1.20056e-05,4.44612e-05,1.68964e-06,7.16027e-05,-8.95359e-07,32000,31999.9,32000.1,32000
8.739,0,0,0,2.25644e-06,-1.09591e-05,4.44624e-05,1.22912e-06,7.16018e-05,-8.9535e-07,32000,31999.9,32000.1,32000
8.74,0,0,0,2.2465e-06,-9.93951e-06,4.44632e-05,7.83351e-07,7.16009e-05,-8.95342e-07,32000,32000,32000,32000
8.741,0,0,0,2.23755e-06,-8.94693e-06,4.44635e-05,3.52237e-07,7.16e-05,-8.95333e-07,32000,32000,32000,32000
8.742,0,0,0,2.22957e-06,-7.98131e-06,4.44635e-05,-6.43375e-08,7.15991e-05,-8.95325e-07,32000,32000,32000,32000
8.743,0,0,0,2.22253e-06,-7.04262e-06,4.4463e-05,-4.66496e-07,7.15982e-05,-8.95316e-07,32000,32000,32000,32000
8.744,0,0,0,2.2164e-06,-6.13079e-06,4.44621e-05,-8.54369e-07,7.15973e-05,-8.95307e-07,32000,32000,32000,32000
8.745,0,0,0,2.21115e-06,-5.24572e-06,4.44609e-05,-1.2281e-06,7.15964e-05,-8.95298e-07,32000,32000,32000,32000
8.746,0,0,0,2.20676e-06,-4.38731e-06,4.44593e-05,-1.58783e-06,7.15955e-05,-8.95289e-07,32000,32000,32000,32000
8.747,0,0,0,2.20321e-06,-3.55542e-06,4.44574e-05,-1.93373e-06,7.15946e-05,-8.9528e-07,32000,32000,32000,32000
8.748,0,0,0,2.20046e-06,-2.74988e-06,4.44551e-05,-2.26596e-06,7.15937e-05,-8.95271e-07,32000,32000,32000,32000
8.749,0,0,0,2.19849e-06,-1.97054e-06,4.44525e-05,-2.58468e-06,7.15928e-05,-8.95262e-07,32000,32000,32000,32000
8.75,0,0,0,2.19727e-06,-1.2172e-06,4.44496e-05,-2.89008e-06,7.15919e-05,-8.95252e-07,32000,32000,32000,32000
8.751,0,0,0,2.19678e-06,-4.89634e-07,4.44465e-05,-3.18235e-06,7.1591e-05,-8.95243e-07,32000,32000,32000,32000
8.752,0,0,0,2.19699e-06,2.12371e-07,4.4443e-05,-3.46167e-06,7.15901e-05,-8.95233e-07,32000,32000,32000,32000
8.753,0,0,0,2.19788e-06,8.89064e-07,4.44393e-05,-3.72824e-06,7.15893e-05,-8.95224e-07,32000,32000,32000,32000
8.754,0,0,0,2.19942e-06,1.5407e-06,4.44353e-05,-3.98226e-06,7.15884e-05,-8.95214e-07,32000,32000,32000,32000
8.755,0,0,0,2.20159e-06,2.16756e-06,4.44311e-05,-4.22394e-06,7.15875e-05,-8.95205e-07,32000,32000,32000,32000
8.756,0,0,0,2.20436e-06,2.76994e-06,4.44266e-05,-4.45349e-06,7.15866e-05,-8.95195e-07,32000,32000,32000,32000
8.757,0,0,0,2.20771e-06,3.34812e-06,4.44219e-05,-4.67112e-06,7.15857e-05,-8.95186e-07,32000,32000,32000,32000
8.758,0,0,0,2.21161e-06,3.90242e-06,4.44171e-05,-4.87705e-06,7.15848e-05,-8.95176e-07,32000,32000,32000,32000
8.759,0,0,0,2.21604e-06,4.43318e-06,4.4412e-05,-5.07151e-06,7.15839e-05,-8.95166e-07,32000,32000,32000,32000
8.76,0,0,0,2.22098e-06,4.94072e-06,4.44067e-05,-5.25471e-06,7.1583e-05,-8.95156e-07,32000,32000,32000,32000
8.761,0,0,0,2.22641e-06,5.42539e-06,4.44013e-05,-5.4269e-06,7.15821e-05,-8.95146e-07,32000,32000,32000,32000
8.762,0,0,0,2.2323e-06,5.88754e-06,4.43957e-05,-5.58828e-06,7.15812e-05,-8.95137e-07,32000,32000,32000,32000
8.763,0,0,0,2.23862e-06,6.32755e-06,4.439e-05,-5.73911e-06,7.15803e-05,-8.95127e-07,32000,32000,32000,32000
8.764,0,0,0,2.24537e-06,6.74577e-06,4.43841e-05,-5.8796e-06,7.15794e-05,-8.95117e-07,32000,32000,32000,32000
8.765,0,0,0,2.25251e-06,7.1426e-06,4.43781e-05,-6.01e-06,7.15785e-05,-8.95107e-07,32000,32000,32000,32000
8.766,0,0,0,2.26003e-06,7.51842e-06,4.4372e-05,-6.13055e-06,7.15776e-05,-8.95097e-07,32000,32000,32000,32000
8.767,0,0,0,2.2679e-06,7.87362e-06,4.43657e-05,-6.24147e-06,7.15767e-05,-8.95087e-07,32000,32000,32000,32000
8.768,0,0,0,2.27611e-06,8.20859e-06,4.43594e-05,-6.34301e-06,7.15758e-05,-8.95077e-07,32000,32000,32000,32000
8.769,0,0,0,2.28464e-06,8.52375e-06,4.43529e-05,-6.43541e-06,7.15749e-05,-8.95067e-07,32000,32000,32000,32000
8.77,0,0,0,2.29346e-06,8.8195e-06,4.43464e-05,-6.5189e-06,7.1574e-05,-8.95057e-07,32000,32000,32000,32000
8.771,0,0,0,2.30255e-06,9.09625e-06,4.43398e-05,-6.59373e-06,7.15731e-05,-8.95047e-07,32000,32000,32000,32000
8.772,0,0,0,2.31191e-06,9.35441e-06,4.43332e-05,-6.66012e-06,7.15722e-05,-8.95037e-07,32000,32000,32000,32000
8.773,0,0,0,2.3215e-06,9.59441e-06,4.43265e-05,-6.71833e-06,7.15713e-05,-8.95027e-07,32000,32000,32000,32000
8.774,0,0,0,2.33132e-06,9.81667e-06,4.43197e-05,-6.76858e-06,7.15705e-05,-8.95016e-07,32000,32000,32000,32000
8.775,0,0,0,2.34134e-06,1.00216e-05,4.43129e-05,-6.81112e-06,7.15696e-05,-8.95006e-07,32000,32000,32000,32000
8.776,0,0,0,2.35155e-06,1.02096e-05,4.4306e-05,-6.84617e-06,7.15687e-05,-8.94996e-07,32000,32000,32000,32000
8.777,0,0,0,2.36193e-06,1.03812e-05,4.42992e-05,-6.87398e-06,7.15678e-05,-8.94986e-07,32000,32000,32000,32000
8.778,0,0,0,2.37247e-06,1.05367e-05,4.42923e-05,-6.89477e-06,7.15669e-05,-8.94976e-07,32000,32000,32000,32000
8.779,0,0,0,2.38314e-06,1.06766e-05,4.42854e-05,-6.90878e-06,7.1566e-05,-8.94965e-07,32000,32000,32000,32000
8.78,0,0,0,2.39395e-06,1.08013e-05,4.42784e-05,-6.91622e-06,7.15651e-05,-8.94955e-07,32000,32000,32000,32000
8.781,0,0,0,2.40486e-06,1.09112e-05,4.42715e-05,-6.91734e-06,7.15642e-05,-8.94945e-07,32000,32000,32000,32000
8.782,0,0,0,2.41586e-06,1.10067e-05,4.42646e-05,-6.91236e-06,7.15633e-05,-8.94934e-07,32000,32000,32000,32000
8.783,0,0,0,2.42695e-06,1.10884e-05,4.42577e-05,-6.9015e-06,7.15624e-05,-8.94924e-07,32000,32000,32000,32000
8.784,0,0,0,2.43811e-06,1.11565e-05,4.42508e-05,-6.88497e-06,7.15615e-05,-8.94914e-07,32000,32000,32000,32000
8.785,0,0,0,2.44932e-06,1.12115e-05,4.4244e-05,-6.863e-06,7.15606e-05,-8.94903e-07,32000,32000,32000,32000
8.786,0,0,0,2.46057e-06,1.12538e-05,4.42371e-05,-6.83581e-06,7.15597e-05,-8.94893e-07,32000,32000,32000,32000
8.787,0,0,0,2.47186e-06,1.12839e-05,4.42303e-05,-6.8036e-06,7.15588e-05,-8.94883e-07,32000,32000,32000,32000
8.788,0,0,0,2.48316e-06,1.13021e-05,4.42236e-05,-6.76658e-06,7.15579e-05,-8.94872e-07,32000,32000,32000,32000
8.789,0,0,0,2.49447e-06,1.13089e-05,4.42168e-05,-6.72497e-06,7.1557e-05,-8.94862e-07,32000,32000,32000,32000
8.79,0,0,0,2.50577e-06,1.13046e-05,4.42101e-05,-6.67896e-06,7.15561e-05,-8.94851e-07,32000,32000,32000,32000
8.791,0,0,0,2.51706e-06,1.12897e-05,4.42035e-05,-6.62876e-06,7.15552e-05,-8.94841e-07,32000,32000,32000,32000
8.792,0,0,0,2.52833e-06,1.12645e-05,4.41969e-05,-6.57456e-06,7.15543e-05,-8.9483e-07,32000,32000,32000,32000
8.793,0,0,0,2.53956e-06,1.12295e-05,4.41904e-05,-6.51656e-06,7.15535e-05,-8.9482e-07,32000,32000,32000,32000
8.794,0,0,0,2.55074e-06,1.11849e-05,4.4184e-05,-6.45495e-06,7.15526e-05,-8.94809e-07,32000,32000,32000,32000
8.795,0,0,0,2.56187e-06,1.11313e-05,4.41776e-05,-6.38992e-06,7.15517e-05,-8.94799e-07,32000,32000,32000,32000
8.796,0,0,0,2.57294e-06,1.1069e-05,4.41713e-05,-6.32165e-06,7.15508e-05,-8.94788e-07,32000,32000,32000,32000
8.797,0,0,0,2.58394e-06,1.09983e-05,4.4165e-05,-6.25032e-06,7.15499e-05,-8.94778e-07,32000,32000,32000,32000
8.798,0,0,0,2.59486e-06,1.09196e-05,4.41588e-05,-6.17611e-06,7.1549e-05,-8.94767e-07,32000,32000,32000,32000
8.799,0,0,0,2.60569e-06,1.08333e-05,4.41527e-05,-6.09919e-06,7.15481e-05,-8.94756e-07,32000,32000,32000,32000
8.8,0,0,0,2.61643e-06,1.07398e-05,4.41467e-05,-6.01974e-06,7.15472e-05,-8.94746e-07,32000,32000,32000,32000
8.801,0,0,0,2.62707e-06,1.06393e-05,4.41408e-05,-5.93791e-06,7.15463e-05,-8.94735e-07,32000,32000,32000,32000
8.802,0,0,0,2.6376e-06,1.05322e-05,4.41349e-05,-5.85388e-06,7.15454e-05,-8.94724e-07,32000,32000,32000,32000
8.803,0,0,0,2.64802e-06,1.04189e-05,4.41292e-05,-5.76779e-06,7.15445e-05,-8.94714e-07,32000,32000,32000,32000
8.804,0,0,0,2.65832e-06,1.02997e-05,4.41235e-05,-5.67981e-06,7.15436e-05,-8.94703e-07,32000,32000,32000,32000
8.805,0,0,0,2.6685e-06,1.01749e-05,4.41179e-05,-5.59009e-06,7.15427e-05,-8.94692e-07,32000,32000,32000,32000
8.806,0,0,0,2.67854e-06,1.00448e-05,4.41124e-05,-5.49878e-06,7.15418e-05,-8.94682e-07,32000,32000,32000,32000
8.807,0,0,0,2.68845e-06,9.90977e-06,4.4107e-05,-5.40601e-06,7.15409e-05,-8.94671e-07,32000,32000,32000,32000
8.808,0,0,0,2.69822e-06,9.77009e-06,4.41017e-05,-5.31193e-06,7.154e-05,-8.9466e-07,32000,32000,32000,32000
8.809,0,0,0,2.70785e-06,9.62606e-06,4.40965e-05,-5.21668e-06,7.15391e-05,-8.94649e-07,32000,32000,32000,32000
8.81,0,0,0,2.71733e-06,9.47797e-06,4.40913e-05,-5.12038e-06,7.15382e-05,-8.94638e-07,32000,32000,32000,32000
8.811,0,0,0,2.72665e-06,9.32612e-06,4.40863e-05,-5.02318e-06,7.15373e-05,-8.94628e-07,32000,32000,32000,32000
8.812,0,0,0,2.73582e-06,9.17077e-06,4.40814e-05,-4.92518e-06,7.15365e-05,-8.94617e-07,32000,32000,32000,32000
8.813,0,0,0,2.74484e-06,9.01219e-06,4.40766e-05,-4.82652e-06,7.15356e-05,-8.94606e-07,32000,32000,32000,32000
8.814,0,0,0,2.75369e-06,8.85067e-06,4.40718e-05,-4.72731e-06,7.15347e-05,-8.94595e-07,32000,32000,32000,32000
8.815,0,0,0,2.76237e-06,8.68645e-06,4.40672e-05,-4.62766e-06,7.15338e-05,-8.94584e-07,32000,32000,32000,32000
8.816,0,0,0,2.77089e-06,8.51979e-06,4.40627e-05,-4.5277e-06,7.15329e-05,-8.94573e-07,32000,32000,32000,32000
8.817,0,0,0,2.77924e-06,8.35093e-06,4.40582e-05,-4.42751e-06,7.1532e-05,-8.94563e-07,32000,32000,32000,32000
8.818,0,0,0,2.78742e-06,8.18012e-06,4.40539e-05,-4.32721e-06,7.15311e-05,-8.94552e-07,32000,32000,32000,32000
8.819,0,0,0,2.79543e-06,8.00758e-06,4.40497e-05,-4.22689e-06,7.15302e-05,-8.94541e-07,32000,32000,32000,32000
8.82,0,0,0,2.80326e-06,7.83354e-06,4.40456e-05,-4.12666e-06,7.15293e-05,-8.9453e-07,32000,32000,32000,32000
8.821,0,0,0,2.81092e-06,7.65823e-06,4.40415e-05,-4.0266e-06,7.15284e-05,-8.94519e-07,32000,32000,32000,32000
8.822,0,0,0,2.8184e-06,7.48185e-06,4.40376e-05,-3.9268e-06,7.15275e-05,-8.94508e-07,32000,32000,32000,32000
8.823,0,0,0,2.82571e-06,7.3046e-06,4.40338e-05,-3.82736e-06,7.15266e-05,-8.94497e-07,32000,32000,32000,32000
8.824,0,0,0,2.83284e-06,7.1267e-06,4.40301e-05,-3.72834e-06,7.15257e-05,-8.94486e-07,32000,32000,32000,32000
8.825,0,0,0,2.83978e-06,6.94833e-06,4.40264e-05,-3.62983e-06,7.15248e-05,-8.94475e-07,32000,32000,32000,32000
8.826,0,0,0,2.84655e-06,6.76968e-06,4.40229e-05,-3.53191e-06,7.15239e-05,-8.94464e-07,32000,32000,32000,32000
8.827,0,0,0,2.85314e-06,6.59093e-06,4.40195e-05,-3.43465e-06,7.1523e-05,-8.94453e-07,32000,32000,32000,32000
8.828,0,0,0,2.85956e-06,6.41225e-06,4.40161e-05,-3.33811e-06,7.15221e-05,-8.94442e-07,32000,32000,32000,32000
8.829,0,0,0,2.86579e-06,6.23381e-06,4.40129e-05,-3.24237e-06,7.15212e-05,-8.94431e-07,32000,32000,32000,32000
8.83,0,0,0,2.87185e-06,6.05577e-06,4.40097e-05,-3.14748e-06,7.15204e-05,-8.9442e-07,32000,32000,32000,32000
8.831,0,0,0,2.87772e-06,5.87829e-06,4.40067e-05,-3.05351e-06,7.15195e-05,-8.94409e-07,32000,32000,32000,32000
8.832,0,0,0,2.88343e-06,5.70152e-06,4.40037e-05,-2.96051e-06,7.15186e-05,-8.94398e-07,32000,32000,32000,32000
8.833,0,0,0,2.88895e-06,5.5256e-06,4.40009e-05,-2.86854e-06,7.15177e-05,-8.94387e-07,32000,32000,32000,32000
8.834,0,0,0,2.8943e-06,5.35066e-06,4.39981e-05,-2.77764e-06,7.15168e-05,-8.94376e-07,32000,32000,32000,32000
8.835,0,0,0,2.89948e-06,5.17684e-06,4.39954e-05,-2.68787e-06,7.15159e-05,-8.94365e-07,32000,32000,32000,32000
8.836,0,0,0,2.90448e-06,5.00427e-06,4.39928e-05,-2.59927e-06,7.1515e-05,-8.94354e-07,32000,32000,32000,32000
8.837,0,0,0,2.90932e-06,4.83305e-06,4.39903e-05,-2.51188e-06,7.15141e-05,-8.94343e-07,32000,32000,32000,32000
8.838,0,0,0,2.91398e-06,4.66332e-06,4.39878e-05,-2.42575e-06,7.15132e-05,-8.94332e-07,32000,32000,32000,32000
8.839,0,0,0,2.91848e-06,4.49517e-06,4.39855e-05,-2.3409e-06,7.15123e-05,-8.94321e-07,32000,32000,32000,32000
8.84,0,0,0,2.9228e-06,4.32871e-06,4.39833e-05,-2.25739e-06,7.15114e-05,-8.9431e-07,32000,32000,32000,32000
8.841,0,0,0,2.92697e-06,4.16405e-06,4.39811e-05,-2.17522e-06,7.15105e-05,-8.94298e-07,32000,32000,32000,32000
8.842,0,0,0,2.93097e-06,4.00126e-06,4.3979e-05,-2.09445e-06,7.15096e-05,-8.94287e-07,32000,32000,32000,32000
8.843,0,0,0,2.93481e-06,3.84044e-06,4.3977e-05,-2.01509e-06,7.15087e-05,-8.94276e-07,32000,32000,32000,32000
8.844,0,0,0,2.93849e-06,3.68167e-06,4.3975e-05,-1.93717e-06,7.15078e-05,-8.94265e-07,32000,32000,32000,32000
8.845,0,0,0,2.94202e-06,3.52504e-06,4.39732e-05,-1.86071e-06,7.15069e-05,-8.94254e-07,32000,32000,32000,32000
8.846,0,0,0,2.94539e-06,3.3706e-06,4.39714e-05,-1.78573e-06,7.1506e-05,-8.94243e-07,32000,32000,32000,32000
8.847,0,0,0,2.94861e-06,3.21844e-06,4.39697e-05,-1.71226e-06,7.15051e-05,-8.94232e-07,32000,32000,32000,32000
8.848,0,0,0,2.95167e-06,3.06862e-06,4.3968e-05,-1.6403e-06,7.15043e-05,-8.94221e-07,32000,32000,32000,32000
8.849,0,0,0,2.9546e-06,2.92118e-06,4.39665e-05,-1.56988e-06,7.15034e-05,-8.9421e-07,32000,32000,32000,32000
8.85,0,0,0,2.95737e-06,2.7762e-06,4.3965e-05,-1.50099e-06,7.15025e-05,-8.94199e-07,32000,32000,32000,32000
8.851,0,0,0,2.96001e-06,2.63372e-06,4.39635e-05,-1.43367e-06,7.15016e-05,-8.94187e-07,32000,32000,32000,32000
8.852,0,0,0,2.9625e-06,2.49378e-06,4.39622e-05,-1.3679e-06,7.15007e-05,-8.94176e-07,32000,32000,32000,32000
8.853,0,0,0,2.96486e-06,2.35643e-06,4.39609e-05,-1.30371e-06,7.14998e-05,-8.94165e-07,32000,32000,32000,32000
8.854,0,0,0,2.96708e-06,2.22171e-06,4.39596e-05,-1.24109e-06,7.14989e-05,-8.94154e-07,32000,32000,32000,32000
8.855,0,0,0,2.96917e-06,2.08965e-06,4.39584e-05,-1.18005e-06,7.1498e-05,-8.94143e-07,32000,32000,32000,32000
8.856,0,0,0,2.97113e-06,1.96029e-06,4.39573e-05,-1.1206e-06,7.14971e-05,-8.94132e-07,32000,32000,32000,32000
8.857,0,0,0,2.97296e-06,1.83364e-06,4.39562e-05,-1.06272e-06,7.14962e-05,-8.94121e-07,32000,32000,32000,32000
8.858,0,0,0,2.97467e-06,1.70974e-06,4.39552e-05,-1.00642e-06,7.14953e-05,-8.94109e-07,32000,32000,32000,32000
8.859,0,0,0,2.97626e-06,1.58859e-06,4.39543e-05,-9.51693e-07,7.14944e-05,-8.94098e-07,32000,32000,32000,32000
8.86,0,0,0,2.97773e-06,1.47023e-06,4.39534e-05,-8.98541e-07,7.14935e-05,-8.94087e-07,32000,32000,32000,32000
8.861,0,0,0,2.97908e-06,1.35466e-06,4.39525e-05,-8.46956e-07,7.14926e-05,-8.94076e-07,32000,32000,32000,32000
8.862,0,0,0,2.98033e-06,1.24189e-06,4.39517e-05,-7.96931e-07,7.14917e-05,-8.94065e-07,32000,32000,32000,32000
8.863,0,0,0,2.98146e-06,1.13194e-06,4.3951e-05,-7.48457e-07,7.14908e-05,-8.94054e-07,32000,32000,32000,32000
8.864,0,0,0,2.98248e-06,1.0248e-06,4.39503e-05,-7.01526e-07,7.14899e-05,-8.94043e-07,32000,32000,32000,32000
8.865,0,0,0,2.9834e-06,9.20473e-07,4.39496e-05,-6.56126e-07,7.14891e-05,-8.94031e-07,32000,32000,32000,32000
8.866,0,0,0,2.98422e-06,8.18963e-07,4.3949e-05,-6.12248e-07,7.14882e-05,-8.9402e-07,32000,32000,32000,32000
8.867,0,0,0,2.98494e-06,7.20265e-07,4.39485e-05,-5.69877e-07,7.14873e-05,-8.94009e-07,32000,32000,32000,32000
8.868,0,0,0,2.98557e-06,6.24371e-07,4.39479e-05,-5.29e-07,7.14864e-05,-8.93998e-07,32000,32000,32000,32000
8.869,0,0,0,2.9861e-06,5.31274e-07,4.39474e-05,-4.89604e-07,7.14855e-05,-8.93987e-07,32000,32000,32000,32000
8.87,0,0,0,2.98654e-06,4.40961e-07,4.3947e-05,-4.51672e-07,7.14846e-05,-8.93976e-07,32000,32000,32000,32000
8.871,0,0,0,2.98689e-06,3.53419e-07,4.39466e-05,-4.15188e-07,7.14837e-05,-8.93965e-07,32000,32000,32000,32000
8.872,0,0,0,2.98716e-06,2.68633e-07,4.39462e-05,-3.80136e-07,7.14828e-05,-8.93953e-07,32000,32000,32000,32000
8.873,0,0,0,2.98735e-06,1.86585e-07,4.39458e-05,-3.46498e-07,7.14819e-05,-8.93942e-07,32000,32000,32000,32000
8.874,0,0,0,2.98745e-06,1.07256e-07,4.39455e-05,-3.14255e-07,7.1481e-05,-8.93931e-07,32000,32000,32000,32000
8.875,0,0,0,2.98749e-06,3.0623e-08,4.39453e-05,-2.83388e-07,7.14801e-05,-8.9392e-07,32000,32000,32000,32000
8.876,0,0,0,2.98744e-06,-4.33363e-08,4.3945e-05,-2.53877e-07,7.14792e-05,-8.93909e-07,32000,32000,32000,32000
8.877,0,0,0,2.98733e-06,-1.14647e-07,4.39448e-05,-2.25703e-07,7.14783e-05,-8.93898e-07,32000,32000,32000,32000
8.878,0,0,0,2.98714e-06,-1.83336e-07,4.39446e-05,-1.98843e-07,7.14774e-05,-8.93886e-07,32000,32000,32000,32000
8.879,0,0,0,2.98689e-06,-2.49432e-07,4.39444e-05,-1.73277e-07,7.14765e-05,-8.93875e-07,32000,32000,32000,32000
8.88,0,0,0,2.98658e-06,-3.12964e-07,4.39442e-05,-1.48983e-07,7.14756e-05,-8.93864e-07,32000,32000,32000,32000
8.881,0,0,0,2.98621e-06,-3.73963e-07,4.39441e-05,-1.25938e-07,7.14747e-05,-8.93853e-07,32000,32000,32000,32000
8.882,0,0,0,2.98578e-06,-4.32462e-07,4.3944e-05,-1.0412e-07,7.14739e-05,-8.93842e-07,32000,32000,32000,32000
8.883,0,0,0,2.98529e-06,-4.88493e-07,4.39439e-05,-8.35064e-08,7.1473e-05,-8.93831e-07,32000,32000,32000,32000
8.884,0,0,0,2.98474e-06,-5.42093e-07,4.39439e-05,-6.40728e-08,7.14721e-05,-8.93819e-07,32000,32000,32000,32000
8.885,0,0,0,2.98415e-06,-5.93297e-07,4.39438e-05,-4.57959e-08,7.14712e-05,-8.93808e-07,32000,32000,32000,32000
8.886,0,0,0,2.98351e-06,-6.42141e-07,4.39438e-05,-2.86519e-08,7.14703e-05,-8.93797e-07,32000,32000,32000,32000
8.887,0,0,0,2.98282e-06,-6.88664e-07,4.39438e-05,-1.26165e-08,7.14694e-05,-8.93786e-07,32000,32000,32000,32000
8.888,0,0,0,2.98209e-06,-7.32904e-07,4.39438e-05,2.3345e-09,7.14685e-05,-8.93775e-07,32000,32000,32000,32000
8.889,0,0,0,2.98131e-06,-7.749e-07,4.39438e-05,1.62257e-08,7.14676e-05,-8.93764e-07,32000,32000,32000,32000
8.89,0,0,0,2.9805e-06,-8.14693e-07,4.39438e-05,2.90816e-08,7.14667e-05,-8.93752e-07,32000,32000,32000,32000
8.891,0,0,0,2.97965e-06,-8.52323e-07,4.39439e-05,4.09271e-08,7.14658e-05,-8.93741e-07,32000,32000,32000,32000
8.892,0,0,0,2.97876e-06,-8.87832e-07,4.39439e-05,5.17869e-08,7.14649e-05,-8.9373e-07,32000,32000,32000,32000
8.893,0,0,0,2.97784e-06,-9.21261e-07,4.3944e-05,6.1686e-08,7.1464e-05,-8.93719e-07,32000,32000,32000,32000
8.894,0,0,0,2.97688e-06,-9.52654e-07,4.39441e-05,7.06491e-08,7.14631e-05,-8.93708e-07,32000,32000,32000,32000
8.895,0,0,0,2.9759e-06,-9.82052e-07,4.39441e-05,7.87013e-08,7.14622e-05,-8.93697e-07,32000,32000,32000,32000
8.896,0,0,0,2.97489e-06,-1.0095e-06,4.39442e-05,8.58673e-08,7.14613e-05,-8.93685e-07,32000,32000,32000,32000
8.897,0,0,0,2.97386e-06,-1.03504e-06,4.39443e-05,9.21721e-08,7.14604e-05,-8.93674e-07,32000,32000,32000,32000
8.898,0,0,0,2.9728e-06,-1.05872e-06,4.39444e-05,9.76404e-08,7.14596e-05,-8.93663e-07,32000,32000,32000,32000
8.899,0,0,0,2.97172e-06,-1.08058e-06,4.39445e-05,1.02297e-07,7.14587e-05,-8.93652e-07,32000,32000,32000,32000
8.9,0,0,0,2.97062e-06,-1.10066e-06,4.39446e-05,1.06166e-07,7.14578e-05,-8.93641e-07,32000,32000,32000,32000
8.901,0,0,0,2.9695e-06,-1.11901e-06,4.39447e-05,1.09272e-07,7.14569e-05,-8.9363e-07,32000,32000,32000,32000
8.902,0,0,0,2.96836e-06,-1.13568e-06,4.39448e-05,1.1164e-07,7.1456e-05,-8.93618e-07,32000,32000,32000,32000
8.903,0,0,0,2.96721e-06,-1.1507e-06,4.3945e-05,1.13294e-07,7.14551e-05,-8.93607e-07,32000,32000,32000,32000
8.904,0,0,0,2.96605e-06,-1.16412e-06,4.39451e-05,1.14257e-07,7.14542e-05,-8.93596e-07,32000,32000,32000,32000
8.905,0,0,0,2.96487e-06,-1.17599e-06,4.39452e-05,1.14553e-07,7.14533e-05,-8.93585e-07,32000,32000,32000,32000
8.906,0,0,0,2.96369e-06,-1.18636e-06,4.39453e-05,1.14206e-07,7.14524e-05,-8.93574e-07,32000,32000,32000,32000
8.907,0,0,0,2.96249e-06,-1.19525e-06,4.39454e-05,1.13239e-07,7.14515e-05,-8.93563e-07,32000,32000,32000,32000
8.908,0,0,0,2.96129e-06,-1.20273e-06,4.39455e-05,1.11676e-07,7.14506e-05,-8.93551e-07,32000,32000,32000,32000
8.909,0,0,0,2.96008e-06,-1.20882e-06,4.39456e-05,1.09539e-07,7.14497e-05,-8.9354e-07,32000,32000,32000,32000
8.91,0,0,0,2.95887e-06,-1.21359e-06,4.39457e-05,1.0685e-07,7.14488e-05,-8.93529e-07,32000,32000,32000,32000
8.911,0,0,0,2.95765e-06,-1.21706e-06,4.39458e-05,1.03632e-07,7.14479e-05,-8.93518e-07,32000,32000,32000,32000
8.912,0,0,0,2.95643e-06,-1.21928e-06,4.39459e-05,9.99066e-08,7.1447e-05,-8.93507e-07,32000,32000,32000,32000
8.913,0,0,0,2.95521e-06,-1.2203e-06,4.3946e-05,9.56959e-08,7.14462e-05,-8.93496e-07,32000,32000,32000,32000
8.914,0,0,0,2.95399e-06,-1.22015e-06,4.39461e-05,9.1021e-08,7.14453e-05,-8.93484e-07,32000,32000,32000,32000
8.915,0,0,0,2.95277e-06,-1.21888e-06,4.39462e-05,8.59031e-08,7.14444e-05,-8.93473e-07,32000,32000,32000,32000
8.916,0,0,0,2.95155e-06,-1.21653e-06,4.39463e-05,8.03627e-08,7.14435e-05,-8.93462e-07,32000,32000,32000,32000
8.917,0,0,0,2.95034e-06,-1.21314e-06,4.39464e-05,7.44203e-08,7.14426e-05,-8.93451e-07,32000,32000,32000,32000
8.918,0,0,0,2.94913e-06,-1.20875e-06,4.39464e-05,6.80959e-08,7.14417e-05,-8.9344e-07,32000,32000,32000,32000
8.919,0,0,0,2.94793e-06,-1.2034e-06,4.39465e-05,6.14092e-08,7.14408e-05,-8.93429e-07,32000,32000,32000,32000
8.92,0,0,0,2.94673e-06,-1.19713e-06,4.39466e-05,5.43795e-08,7.14399e-05,-8.93417e-07,32000,32000,32000,32000
8.921,0,0,0,2.94554e-06,-1.18998e-06,4.39466e-05,4.70257e-08,7.1439e-05,-8.93406e-07,32000,32000,32000,32000
8.922,0,0,0,2.94436e-06,-1.18199e-06,4.39466e-05,3.93664e-08,7.14381e-05,-8.93395e-07,32000,32000,32000,32000
8.923,0,0,0,2.94319e-06,-1.17319e-06,4.39467e-05,3.14199e-08,7.14372e-05,-8.93384e-07,32000,32000,32000,32000
8.924,0,0,0,2.94202e-06,-1.16362e-06,4.39467e-05,2.32039e-08,7.14363e-05,-8.93373e-07,32000,32000,32000,32000
8.925,0,0,0,2.94087e-06,-1.15332e-06,4.39467e-05,1.4736e-08,7.14354e-05,-8.93362e-07,32000,32000,32000,32000
8.926,0,0,0,2.93973e-06,-1.14232e-06,4.39467e-05,6.03315e-09,7.14345e-05,-8.9335e-07,32000,32000,32000,32000
8.927,0,0,0,2.9386e-06,-1.13066e-06,4.39467e-05,-2.88789e-09,7.14336e-05,-8.93339e-07,32000,32000,32000,32000
8.928,0,0,0,2.93748e-06,-1.11838e-06,4.39467e-05,-1.20108e-08,7.14328e-05,-8.93328e-07,32000,32000,32000,32000
8.929,0,0,0,2.93637e-06,-1.10551e-06,4.39467e-05,-2.13198e-08,7.14319e-05,-8.93317e-07,32000,32000,32000,32000
8.93,0,0,0,2.93528e-06,-1.09208e-06,4.39466e-05,-3.07993e-08,7.1431e-05,-8.93306e-07,32000,32000,32000,32000
8.931,0,0,0,2.9342e-06,-1.07812e-06,4.39466e-05,-4.04341e-08,7.14301e-05,-8.93295e-07,32000,32000,32000,32000
8.932,0,0,0,2.93314e-06,-1.06366e-06,4.39466e-05,-5.02095e-08,7.14292e-05,-8.93283e-07,32000,32000,32000,32000
8.933,0,0,0,2.93209e-06,-1.04875e-06,4.39465e-05,-6.01113e-08,7.14283e-05,-8.93272e-07,32000,32000,32000,32000
8.934,0,0,0,2.93106e-06,-1.0334e-06,4.39464e-05,-7.01254e-08,7.14274e-05,-8.93261e-07,32000,32000,32000,32000
8.935,0,0,0,2.93004e-06,-1.01766e-06,4.39463e-05,-8.02383e-08,7.14265e-05,-8.9325e-07,32000,32000,32000,32000
8.936,0,0,0,2.92904e-06,-1.00154e-06,4.39463e-05,-9.04368e-08,7.14256e-05,-8.93239e-07,32000,32000,32000,32000
8.937,0,0,0,2.92805e-06,-9.85076e-07,4.39462e-05,-1.00708e-07,7.14247e-05,-8.93228e-07,32000,32000,32000,32000
8.938,0,0,0,2.92708e-06,-9.68298e-07,4.3946e-05,-1.1104e-07,7.14238e-05,-8.93216e-07,32000,32000,32000,32000
8.939,0,0,0,2.92613e-06,-9.51231e-07,4.39459e-05,-1.2142e-07,7.14229e-05,-8.93205e-07,32000,32000,32000,32000
8.94,0,0,0,2.9252e-06,-9.33903e-07,4.39458e-05,-1.31837e-07,7.1422e-05,-8.93194e-07,32000,32000,32000,32000
8.941,0,0,0,2.92428e-06,-9.16339e-07,4.39457e-05,-1.4228e-07,7.14211e-05,-8.93183e-07,32000,32000,32000,32000
8.942,0,0,0,2.92338e-06,-8.98564e-07,4.39455e-05,-1.52737e-07,7.14202e-05,-8.93172e-07,32000,32000,32000,32000
8.943,0,0,0,2.9225e-06,-8.80603e-07,4.39453e-05,-1.63199e-07,7.14194e-05,-8.93161e-07,32000,32000,32000,32000
8.944,0,0,0,2.92164e-06,-8.6248e-07,4.39452e-05,-1.73654e-07,7.14185e-05,-8.93149e-07,32000,32000,32000,32000
8.945,0,0,0,2.9208e-06,-8.44217e-07,4.3945e-05,-1.84094e-07,7.14176e-05,-8.93138e-07,32000,32000,32000,32000
8.946,0,0,0,2.91997e-06,-8.25837e-07,4.39448e-05,-1.94509e-07,7.14167e-05,-8.93127e-07,32000,32000,32000,32000
8.947,0,0,0,2.91916e-06,-8.07362e-07,4.39446e-05,-2.0489e-07,7.14158e-05,-8.93116e-07,32000,32000,32000,32000
8.948,0,0,0,2.91837e-06,-7.88812e-07,4.39444e-05,-2.15229e-07,7.14149e-05,-8.93105e-07,32000,32000,32000,32000
8.949,0,0,0,2.9176e-06,-7.70208e-07,4.39441e-05,-2.25516e-07,7.1414e-05,-8.93094e-07,32000,32000,32000,32000
8.95,0,0,0,2.91685e-06,-7.5157e-07,4.39439e-05,-2.35744e-07,7.14131e-05,-8.93082e-07,32000,32000,32000,32000
8.951,0,0,0,2.91612e-06,-7.32917e-07,4.39437e-05,-2.45905e-07,7.14122e-05,-8.93071e-07,32000,32000,32000,32000
8.952,0,0,0,2.9154e-06,-7.14266e-07,4.39434e-05,-2.55992e-07,7.14113e-05,-8.9306e-07,32000,32000,32000,32000
8.953,0,0,0,2.91471e-06,-6.95636e-07,4.39431e-05,-2.65999e-07,7.14104e-05,-8.93049e-07,32000,32000,32000,32000
8.954,0,0,0,2.91403e-06,-6.77043e-07,4.39429e-05,-2.75917e-07,7.14095e-05,-8.93038e-07,32000,32000,32000,32000
8.955,0,0,0,2.91337e-06,-6.58505e-07,4.39426e-05,-2.85742e-07,7.14086e-05,-8.93027e-07,32000,32000,32000,32000
8.956,0,0,0,2.91273e-06,-6.40036e-07,4.39423e-05,-2.95467e-07,7.14077e-05,-8.93015e-07,32000,32000,32000,32000
8.957,0,0,0,2.91211e-06,-6.21652e-07,4.3942e-05,-3.05086e-07,7.14068e-05,-8.93004e-07,32000,32000,32000,32000
8.958,0,0,0,2.91151e-06,-6.03367e-07,4.39417e-05,-3.14594e-07,7.1406e-05,-8.92993e-07,32000,32000,32000,32000
8.959,0,0,0,2.91092e-06,-5.85195e-07,4.39413e-05,-3.23987e-07,7.14051e-05,-8.92982e-07,32000,32000,32000,32000
8.96,0,0,0,2.91036e-06,-5.6715e-07,4.3941e-05,-3.33258e-07,7.14042e-05,-8.92971e-07,32000,32000,32000,32000
8.961,0,0,0,2.90981e-06,-5.49243e-07,4.39407e-05,-3.42403e-07,7.14033e-05,-8.9296e-07,32000,32000,32000,32000
8.962,0,0,0,2.90928e-06,-5.31488e-07,4.39403e-05,-3.51419e-07,7.14024e-05,-8.92948e-07,32000,32000,32000,32000
8.963,0,0,0,2.90876e-06,-5.13895e-07,4.39399e-05,-3.60302e-07,7.14015e-05,-8.92937e-07,32000,32000,32000,32000
8.964,0,0,0,2.90827e-06,-4.96476e-07,4.39396e-05,-3.69047e-07,7.14006e-05,-8.92926e-07,32000,32000,32000,32000
8.965,0,0,0,2.90779e-06,-4.79241e-07,4.39392e-05,-3.77651e-07,7.13997e-05,-8.92915e-07,32000,32000,32000,32000
8.966,0,0,0,2.90732e-06,-4.622e-07,4.39388e-05,-3.86111e-07,7.13988e-05,-8.92904e-07,32000,32000,32000,32000
8.967,0,0,0,2.90688e-06,-4.45362e-07,4.39384e-05,-3.94424e-07,7.13979e-05,-8.92893e-07,32000,32000,32000,32000
8.968,0,0,0,2.90645e-06,-4.28736e-07,4.3938e-05,-4.02588e-07,7.1397e-05,-8.92881e-07,32000,32000,32000,32000
8.969,0,0,0,2.90604e-06,-4.1233e-07,4.39376e-05,-4.106e-07,7.13961e-05,-8.9287e-07,32000,32000,32000,32000
8.97,0,0,0,2.90564e-06,-3.96152e-07,4.39372e-05,-4.18458e-07,7.13952e-05,-8.92859e-07,32000,32000,32000,32000
8.971,0,0,0,2.90526e-06,-3.80209e-07,4.39368e-05,-4.26159e-07,7.13943e-05,-8.92848e-07,32000,32000,32000,32000
8.972,0,0,0,2.9049e-06,-3.64509e-07,4.39363e-05,-4.33703e-07,7.13935e-05,-8.92837e-07,32000,32000,32000,32000
8.973,0,0,0,2.90455e-06,-3.49056e-07,4.39359e-05,-4.41087e-07,7.13926e-05,-8.92826e-07,32000,32000,32000,32000
8.974,0,0,0,2.90421e-06,-3.33858e-07,4.39354e-05,-4.4831e-07,7.13917e-05,-8.92815e-07,32000,32000,32000,32000
8.975,0,0,0,2.90389e-06,-3.18919e-07,4.3935e-05,-4.55371e-07,7.13908e-05,-8.92803e-07,32000,32000,32000,32000
8.976,0,0,0,2.90359e-06,-3.04244e-07,4.39345e-05,-4.6227e-07,7.13899e-05,-8.92792e-07,32000,32000,32000,32000
8.977,0,0,0,2.9033e-06,-2.89839e-07,4.3934e-05,-4.69004e-07,7.1389e-05,-8.92781e-07,32000,32000,32000,32000
8.978,0,0,0,2.90302e-06,-2.75707e-07,4.39336e-05,-4.75575e-07,7.13881e-05,-8.9277e-07,32000,32000,32000,32000
8.979,0,0,0,2.90276e-06,-2.61852e-07,4.39331e-05,-4.81981e-07,7.13872e-05,-8.92759e-07,32000,32000,32000,32000
8.98,0,0,0,2.90251e-06,-2.48276e-07,4.39326e-05,-4.88221e-07,7.13863e-05,-8.92748e-07,32000,32000,32000,32000
8.981,0,0,0,2.90228e-06,-2.34984e-07,4.39321e-05,-4.94297e-07,7.13854e-05,-8.92736e-07,32000,32000,32000,32000
8.982,0,0,0,2.90206e-06,-2.21978e-07,4.39316e-05,-5.00209e-07,7.13845e-05,-8.92725e-07,32000,32000,32000,32000
8.983,0,0,0,2.90185e-06,-2.09259e-07,4.39311e-05,-5.05955e-07,7.13836e-05,-8.92714e-07,32000,32000,32000,32000
8.984,0,0,0,2.90165e-06,-1.9683e-07,4.39306e-05,-5.11537e-07,7.13827e-05,-8.92703e-07,32000,32000,32000,32000
8.985,0,0,0,2.90147e-06,-1.84692e-07,4.39301e-05,-5.16956e-07,7.13818e-05,-8.92692e-07,32000,32000,32000,32000
8.986,0,0,0,2.90129e-06,-1.72846e-07,4.39296e-05,-5.22212e-07,7.1381e-05,-8.92681e-07,32000,32000,32000,32000
8.987,0,0,0,2.90113e-06,-1.61294e-07,4.3929e-05,-5.27305e-07,7.13801e-05,-8.92669e-07,32000,32000,32000,32000
8.988,0,0,0,2.90098e-06,-1.50035e-07,4.39285e-05,-5.32238e-07,7.13792e-05,-8.92658e-07,32000,32000,32000,32000
8.989,0,0,0,2.90084e-06,-1.3907e-07,4.3928e-05,-5.3701e-07,7.13783e-05,-8.92647e-07,32000,32000,32000,32000
8.99,0,0,0,2.90072e-06,-1.28399e-07,4.39274e-05,-5.41623e-07,7.13774e-05,-8.92636e-07,32000,32000,32000,32000
8.991,0,0,0,2.9006e-06,-1.18021e-07,4.39269e-05,-5.46079e-07,7.13765e-05,-8.92625e-07,32000,32000,32000,32000
8.992,0,0,0,2.90049e-06,-1.07936e-07,4.39263e-05,-5.50378e-07,7.13756e-05,-8.92614e-07,32000,32000,32000,32000
8.993,0,0,0,2.90039e-06,-9.81437e-08,4.39258e-05,-5.54522e-07,7.13747e-05,-8.92602e-07,32000,32000,32000,32000
8.994,0,0,0,2.9003e-06,-8.86419e-08,4.39252e-05,-5.58513e-07,7.13738e-05,-8.92591e-07,32000,32000,32000,32000
8.995,0,0,0,2.90022e-06,-7.94297e-08,4.39246e-05,-5.62352e-07,7.13729e-05,-8.9258e-07,32000,32000,32000,32000
8.996,0,0,0,2.90015e-06,-7.05056e-08,4.39241e-05,-5.66042e-07,7.1372e-05,-8.92569e-07,32000,32000,32000,32000
8.997,0,0,0,2.90009e-06,-6.18677e-08,4.39235e-05,-5.69583e-07,7.13711e-05,-8.92558e-07,32000,32000,32000,32000
8.998,0,0,0,2.90004e-06,-5.3514e-08,4.39229e-05,-5.72979e-07,7.13702e-05,-8.92547e-07,32000,32000,32000,32000
8.999,0,0,0,2.89999e-06,-4.54424e-08,4.39224e-05,-5.7623e-07,7.13694e-05,-8.92535e-07,32000,32000,32000,32000
9,0,0,0,2.89995e-06,-3.76504e-08,4.39218e-05,-5.79339e-07,7.13685e-05,-8.92524e-07,32000,32000,32000,32000
9.001,0,0,0,2.89992e-06,-3.01356e-08,4.39212e-05,-5.82308e-07,7.13676e-05,-8.92513e-07,32000,32000,32000,32000
9.002,0,0,0,2.8999e-06,-2.2895e-08,4.39206e-05,-5.8514e-07,7.13667e-05,-8.92502e-07,32000,32000,32000,32000
9.003,0,0,0,2.89989e-06,-1.59259e-08,4.392e-05,-5.87836e-07,7.13658e-05,-8.92491e-07,32000,32000,32000,32000
9.004,0,0,0,2.89988e-06,-9.2252e-09,4.39194e-05,-5.90398e-07,7.13649e-05,-8.9248e-07,32000,32000,32000,32000
9.005,0,0,0,2.89987e-06,-2.78967e-09,4.39188e-05,-5.92829e-07,7.1364e-05,-8.92468e-07,32000,32000,32000,32000
9.006,0,0,0,2.89988e-06,3.38403e-09,4.39182e-05,-5.95132e-07,7.13631e-05,-8.92457e-07,32000,32000,32000,32000
9.007,0,0,0,2.89989e-06,9.29937e-09,4.39176e-05,-5.97309e-07,7.13622e-05,-8.92446e-07,32000,32000,32000,32000
9.008,0,0,0,2.8999e-06,1.49599e-08,4.3917e-05,-5.99361e-07,7.13613e-05,-8.92435e-07,32000,32000,32000,32000
9.009,0,0,0,2.89992e-06,2.03695e-08,4.39164e-05,-6.01293e-07,7.13604e-05,-8.92424e-07,32000,32000,32000,32000
9.01,0,0,0,2.89995e-06,2.55317e-08,4.39158e-05,-6.03105e-07,7.13595e-05,-8.92413e-07,32000,32000,32000,32000
9.011,0,0,0,2.89998e-06,3.04507e-08,4.39152e-05,-6.04801e-07,7.13586e-05,-8.92401e-07,32000,32000,32000,32000
9.012,0,0,0,2.90001e-06,3.51303e-08,4.39146e-05,-6.06383e-07,7.13578e-05,-8.9239e-07,32000,32000,32000,32000
9.013,0,0,0,2.90005e-06,3.95747e-08,4.3914e-05,-6.07854e-07,7.13569e-05,-8.92379e-07,32000,32000,32000,32000
9.014,0,0,0,2.9001e-06,4.37881e-08,4.39134e-05,-6.09217e-07,7.1356e-05,-8.92368e-07,32000,32000,32000,32000
9.015,0,0,0,2.90014e-06,4.77746e-08,4.39128e-05,-6.10473e-07,7.13551e-05,-8.92357e-07,32000,32000,32000,32000
9.016,0,0,0,2.90019e-06,5.15386e-08,4.39122e-05,-6.11625e-07,7.13542e-05,-8.92346e-07,32000,32000,32000,32000
9.017,0,0,0,2.90025e-06,5.50845e-08,4.39116e-05,-6.12677e-07,7.13533e-05,-8.92335e-07,32000,32000,32000,32000
9.018,0,0,0,2.90031e-06,5.84167e-08,4.3911e-05,-6.1363e-07,7.13524e-05,-8.92323e-07,32000,32000,32000,32000
9.019,0,0,0,2.90037e-06,6.15395e-08,4.39104e-05,-6.14488e-07,7.13515e-05,-8.92312e-07,32000,32000,32000,32000
9.02,0,0,0,2.90043e-06,6.44577e-08,4.39097e-05,-6.15252e-07,7.13506e-05,-8.92301e-07,32000,32000,32000,32000
9.021,0,0,0,2.9005e-06,6.71755e-08,4.39091e-05,-6.15926e-07,7.13497e-05,-8.9229e-07,32000,32000,32000,32000
9.022,0,0,0,2.90057e-06,6.96977e-08,4.39085e-05,-6.16512e-07,7.13488e-05,-8.92279e-07,32000,32000,32000,32000
9.023,0,0,0,2.90064e-06,7.20289e-08,4.39079e-05,-6.17012e-07,7.13479e-05,-8.92268e-07,32000,32000,32000,32000
9.024,0,0,0,2.90072e-06,7.41735e-08,4.39073e-05,-6.1743e-07,7.1347e-05,-8.92256e-07,32000,32000,32000,32000
9.025,0,0,0,2.90079e-06,7.61363e-08,4.39067e-05,-6.17767e-07,7.13462e-05,-8.92245e-07,32000,32000,32000,32000
9.026,0,0,0,2.90087e-06,7.79219e-08,4.3906e-05,-6.18027e-07,7.13453e-05,-8.92234e-07,32000,32000,32000,32000
9.027,0,0,0,2.90095e-06,7.95348e-08,4.39054e-05,-6.18211e-07,7.13444e-05,-8.92223e-07,32000,32000,32000,32000
9.028,0,0,0,2.90103e-06,8.09798e-08,4.39048e-05,-6.18323e-07,7.13435e-05,-8.92212e-07,32000,32000,32000,32000
9.029,0,0,0,2.90111e-06,8.22614e-08,4.39042e-05,-6.18364e-07,7.13426e-05,-8.92201e-07,32000,32000,32000,32000
9.03,0,0,0,2.9012e-06,8.33844e-08,4.39036e-05,-6.18338e-07,7.13417e-05,-8.92189e-07,32000,32000,32000,32000
9.031,0,0,0,2.90128e-06,8.43531e-08,4.39029e-05,-6.18246e-07,7.13408e-05,-8.92178e-07,32000,32000,32000,32000
9.032,0,0,0,2.90137e-06,8.51724e-08,4.39023e-05,-6.18092e-07,7.13399e-05,-8.92167e-07,32000,32000,32000,32000
9.033,0,0,0,2.90145e-06,8.58466e-08,4.39017e-05,-6.17877e-07,7.1339e-05,-8.92156e-07,32000,32000,32000,32000
9.034,0,0,0,2.90154e-06,8.63804e-08,4.39011e-05,-6.17603e-07,7.13381e-05,-8.92145e-07,32000,32000,32000,32000
9.035,0,0,0,2.90163e-06,8.67783e-08,4.39005e-05,-6.17274e-07,7.13372e-05,-8.92134e-07,32000,32000,32000,32000
9.036,0,0,0,2.90171e-06,8.70447e-08,4.38999e-05,-6.16892e-07,7.13363e-05,-8.92123e-07,32000,32000,32000,32000
9.037,0,0,0,2.9018e-06,8.7184e-08,4.38992e-05,-6.16458e-07,7.13354e-05,-8.92111e-07,32000,32000,32000,32000
9.038,0,0,0,2.90189e-06,8.72008e-08,4.38986e-05,-6.15975e-07,7.13346e-05,-8.921e-07,32000,32000,32000,32000
9.039,0,0,0,2.90197e-06,8.70993e-08,4.3898e-05,-6.15445e-07,7.13337e-05,-8.92089e-07,32000,32000,32000,32000
9.04,0,0,0,2.90206e-06,8.68839e-08,4.38974e-05,-6.14871e-07,7.13328e-05,-8.92078e-07,32000,32000,32000,32000
9.041,0,0,0,2.90215e-06,8.65588e-08,4.38968e-05,-6.14254e-07,7.13319e-05,-8.92067e-07,32000,32000,32000,32000
9.042,0,0,0,2.90223e-06,8.61283e-08,4.38962e-05,-6.13597e-07,7.1331e-05,-8.92056e-07,32000,32000,32000,32000
9.043,0,0,0,2.90232e-06,8.55965e-08,4.38956e-05,-6.12901e-07,7.13301e-05,-8.92044e-07,32000,32000,32000,32000
9.044,0,0,0,2.9024e-06,8.49677e-08,4.38949e-05,-6.12169e-07,7.13292e-05,-8.92033e-07,32000,32000,32000,32000
9.045,0,0,0,2.90249e-06,8.42457e-08,4.38943e-05,-6.11403e-07,7.13283e-05,-8.92022e-07,32000,32000,32000,32000
9.046,0,0,0,2.90257e-06,8.34347e-08,4.38937e-05,-6.10604e-07,7.13274e-05,-8.92011e-07,32000,32000,32000,32000
9.047,0,0,0,2.90266e-06,8.25386e-08,4.38931e-05,-6.09775e-07,7.13265e-05,-8.92e-07,32000,32000,32000,32000
9.048,0,0,0,2.90274e-06,8.15614e-08,4.38925e-05,-6.08917e-07,7.13256e-05,-8.91989e-07,32000,32000,32000,32000
9.049,0,0,0,2.90282e-06,8.05067e-08,4.38919e-05,-6.08033e-07,7.13247e-05,-8.91978e-07,32000,32000,32000,32000
9.05,0,0,0,2.9029e-06,7.93784e-08,4.38913e-05,-6.07123e-07,7.13238e-05,-8.91966e-07,32000,32000,32000,32000
9.051,0,0,0,2.90297e-06,7.81803e-08,4.38907e-05,-6.06191e-07,7.1323e-05,-8.91955e-07,32000,32000,32000,32000
9.052,0,0,0,2.90305e-06,7.69159e-08,4.38901e-05,-6.05236e-07,7.13221e-05,-8.91944e-07,32000,32000,32000,32000
9.053,0,0,0,2.90313e-06,7.55888e-08,4.38895e-05,-6.04262e-07,7.13212e-05,-8.91933e-07,32000,32000,32000,32000
9.054,0,0,0,2.9032e-06,7.42025e-08,4.38889e-05,-6.0327e-07,7.13203e-05,-8.91922e-07,32000,32000,32000,32000
9.055,0,0,0,2.90327e-06,7.27605e-08,4.38883e-05,-6.02261e-07,7.13194e-05,-8.91911e-07,32000,32000,32000,32000
9.056,0,0,0,2.90335e-06,7.12661e-08,4.38877e-05,-6.01237e-07,7.13185e-05,-8.91899e-07,32000,32000,32000,32000
9.057,0,0,0,2.90342e-06,6.97226e-08,4.38871e-05,-6.002e-07,7.13176e-05,-8.91888e-07,32000,32000,32000,32000
9.058,0,0,0,2.90348e-06,6.81332e-08,4.38865e-05,-5.9915e-07,7.13167e-05,-8.91877e-07,32000,32000,32000,32000
9.059,0,0,0,2.90355e-06,6.65011e-08,4.38859e-05,-5.9809e-07,7.13158e-05,-8.91866e-07,32000,32000,32000,32000
9.06,0,0,0,2.90361e-06,6.48294e-08,4.38853e-05,-5.9702e-07,7.13149e-05,-8.91855e-07,32000,32000,32000,32000
9.061,0,0,0,2.90368e-06,6.31211e-08,4.38847e-05,-5.95942e-07,7.1314e-05,-8.91844e-07,32000,32000,32000,32000
9.062,0,0,0,2.90374e-06,6.13791e-08,4.38841e-05,-5.94858e-07,7.13131e-05,-8.91833e-07,32000,32000,32000,32000
9.063,0,0,0,2.9038e-06,5.96062e-08,4.38835e-05,-5.93768e-07,7.13123e-05,-8.91821e-07,32000,32000,32000,32000
9.064,0,0,0,2.90386e-06,5.78054e-08,4.38829e-05,-5.92675e-07,7.13114e-05,-8.9181e-07,32000,32000,32000,32000
9.065,0,0,0,2.90391e-06,5.59792e-08,4.38823e-05,-5.91578e-07,7.13105e-05,-8.91799e-07,32000,32000,32000,32000
9.066,0,0,0,2.90397e-06,5.41303e-08,4.38817e-05,-5.90479e-07,7.13096e-05,-8.91788e-07,32000,32000,32000,32000
9.067,0,0,0,2.90402e-06,5.22613e-08,4.38811e-05,-5.8938e-07,7.13087e-05,-8.91777e-07,32000,32000,32000,32000
9.068,0,0,0,2.90407e-06,5.03748e-08,4.38805e-05,-5.88281e-07,7.13078e-05,-8.91766e-07,32000,32000,32000,32000
9.069,0,0,0,2.90412e-06,4.8473e-08,4.38799e-05,-5.87184e-07,7.13069e-05,-8.91754e-07,32000,32000,32000,32000
9.07,0,0,0,2.90416e-06,4.65584e-08,4.38794e-05,-5.86088e-07,7.1306e-05,-8.91743e-07,32000,32000,32000,32000
9.071,0,0,0,2.90421e-06,4.46333e-08,4.38788e-05,-5.84996e-07,7.13051e-05,-8.91732e-07,32000,32000,32000,32000
9.072,0,0,0,2.90425e-06,4.26999e-08,4.38782e-05,-5.83909e-07,7.13042e-05,-8.91721e-07,32000,32000,32000,32000
9.073,0,0,0,2.90429e-06,4.07602e-08,4.38776e-05,-5.82826e-07,7.13033e-05,-8.9171e-07,32000,32000,32000,32000
9.074,0,0,0,2.90433e-06,3.88164e-08,4.3877e-05,-5.81749e-07,7.13024e-05,-8.91699e-07,32000,32000,32000,32000
9.075,0,0,0,2.90437e-06,3.68706e-08,4.38764e-05,-5.8068e-07,7.13016e-05,-8.91688e-07,32000,32000,32000,32000
9.076,0,0,0,2.9044e-06,3.49245e-08,4.38759e-05,-5.79617e-07,7.13007e-05,-8.91676e-07,32000,32000,32000,32000
9.077,0,0,0,2.90444e-06,3.298e-08,4.38753e-05,-5.78563e-07,7.12998e-05,-8.91665e-07,32000,32000,32000,32000
9.078,0,0,0,2.90447e-06,3.10391e-08,4.38747e-05,-5.77518e-07,7.12989e-05,-8.91654e-07,32000,32000,32000,32000
9.079,0,0,0,2.9045e-06,2.91033e-08,4.38741e-05,-5.76482e-07,7.1298e-05,-8.91643e-07,32000,32000,32000,32000
9.08,0,0,0,2.90452e-06,2.71744e-08,4.38736e-05,-5.75457e-07,7.12971e-05,-8.91632e-07,32000,32000,32000,32000
9.081,0,0,0,2.90455e-06,2.52539e-08,4.3873e-05,-5.74443e-07,7.12962e-05,-8.91621e-07,32000,32000,32000,32000
9.082,0,0,0,2.90457e-06,2.33434e-08,4.38724e-05,-5.7344e-07,7.12953e-05,-8.91609e-07,32000,32000,32000,32000
9.083,0,0,0,2.90459e-06,2.14443e-08,4.38718e-05,-5.72449e-07,7.12944e-05,-8.91598e-07,32000,32000,32000,32000
9.084,0,0,0,2.90461e-06,1.9558e-08,4.38713e-05,-5.7147e-07,7.12935e-05,-8.91587e-07,32000,32000,32000,32000
9.085,0,0,0,2.90463e-06,1.76859e-08,4.38707e-05,-5.70505e-07,7.12926e-05,-8.91576e-07,32000,32000,32000,32000
9.086,0,0,0,2.90465e-06,1.58292e-08,4.38701e-05,-5.69553e-07,7.12917e-05,-8.91565e-07,32000,32000,32000,32000
9.087,0,0,0,2.90466e-06,1.39892e-08,4.38696e-05,-5.68615e-07,7.12909e-05,-8.91554e-07,32000,32000,32000,32000
9.088,0,0,0,2.90467e-06,1.21671e-08,4.3869e-05,-5.67691e-07,7.129e-05,-8.91543e-07,32000,32000,32000,32000
9.089,0,0,0,2.90468e-06,1.03638e-08,4.38684e-05,-5.66781e-07,7.12891e-05,-8.91531e-07,32000,32000,32000,32000
9.09,0,0,0,2.90469e-06,8.5805e-09,4.38679e-05,-5.65887e-07,7.12882e-05,-8.9152e-07,32000,32000,32000,32000
9.091,0,0,0,2.9047e-06,6.81816e-09,4.38673e-05,-5.65008e-07,7.12873e-05,-8.91509e-07,32000,32000,32000,32000
9.092,0,0,0,2.9047e-06,5.07769e-09,4.38667e-05,-5.64144e-07,7.12864e-05,-8.91498e-07,32000,32000,32000,32000
9.093,0,0,0,2.90471e-06,3.35998e-09,4.38662e-05,-5.63296e-07,7.12855e-05,-8.91487e-07,32000,32000,32000,32000
9.094,0,0,0,2.90471e-06,1.66585e-09,4.38656e-05,-5.62464e-07,7.12846e-05,-8.91476e-07,32000,32000,32000,32000
9.095,0,0,0,2.90471e-06,-3.93754e-12,4.3865e-05,-5.61649e-07,7.12837e-05,-8.91465e-07,32000,32000,32000,32000
9.096,0,0,0,2.90471e-06,-1.64865e-09,4.38645e-05,-5.60849e-07,7.12828e-05,-8.91453e-07,32000,32000,32000,32000
9.097,0,0,0,2.9047e-06,-3.26762e-09,4.38639e-05,-5.60067e-07,7.12819e-05,-8.91442e-07,32000,32000,32000,32000
9.098,0,0,0,2.9047e-06,-4.86022e-09,4.38634e-05,-5.59301e-07,7.1281e-05,-8.91431e-07,32000,32000,32000,32000
9.099,0,0,0,2.90469e-06,-6.42588e-09,4.38628e-05,-5.58552e-07,7.12802e-05,-8.9142e-07,32000,32000,32000,32000
9.1,0,0,0,2.90468e-06,-7.96408e-09,4.38622e-05,-5.5782e-07,7.12793e-05,-8.91409e-07,32000,32000,32000,32000
9.101,0,0,0,2.90467e-06,-9.47432e-09,4.38617e-05,-5.57105e-07,7.12784e-05,-8.91398e-07,32000,32000,32000,32000
9.102,0,0,0,2.90466e-06,-1.09562e-08,4.38611e-05,-5.56408e-07,7.12775e-05,-8.91387e-07,32000,32000,32000,32000
9.103,0,0,0,2.90465e-06,-1.24092e-08,4.38606e-05,-5.55727e-07,7.12766e-05,-8.91375e-07,32000,32000,32000,32000
9.104,0,0,0,2.90464e-06,-1.38331e-08,4.386e-05,-5.55064e-07,7.12757e-05,-8.91364e-07,32000,32000,32000,32000
9.105,0,0,0,2.90462e-06,-1.52276e-08,4.38595e-05,-5.54417e-07,7.12748e-05,-8.91353e-07,32000,32000,32000,32000
9.106,0,0,0,2.90461e-06,-1.65923e-08,4.38589e-05,-5.53788e-07,7.12739e-05,-8.91342e-07,32000,32000,32000,32000
9.107,0,0,0,2.90459e-06,-1.7927e-08,4.38584e-05,-5.53177e-07,7.1273e-05,-8.91331e-07,32000,32000,32000,32000
9.108,0,0,0,2.90457e-06,-1.92315e-08,4.38578e-05,-5.52582e-07,7.12721e-05,-8.9132e-07,32000,32000,32000,32000
9.109,0,0,0,2.90455e-06,-2.05057e-08,4.38573e-05,-5.52004e-07,7.12712e-05,-8.91308e-07,32000,32000,32000,32000
9.11,0,0,0,2.90453e-06,-2.17494e-08,4.38567e-05,-5.51444e-07,7.12704e-05,-8.91297e-07,32000,32000,32000,32000
9.111,0,0,0,2.9045e-06,-2.29626e-08,4.38561e-05,-5.509e-07,7.12695e-05,-8.91286e-07,32000,32000,32000,32000
9.112,0,0,0,2.90448e-06,-2.41451e-08,4.38556e-05,-5.50374e-07,7.12686e-05,-8.91275e-07,32000,32000,32000,32000
9.113,0,0,0,2.90445e-06,-2.5297e-08,4.3855e-05,-5.49864e-07,7.12677e-05,-8.91264e-07,32000,32000,32000,32000
9.114,0,0,0,2.90443e-06,-2.64182e-08,4.38545e-05,-5.4937e-07,7.12668e-05,-8.91253e-07,32000,32000,32000,32000
9.115,0,0,0,2.9044e-06,-2.75087e-08,4.38539e-05,-5.48893e-07,7.12659e-05,-8.91242e-07,32000,32000,32000,32000
9.116,0,0,0,2.90437e-06,-2.85687e-08,4.38534e-05,-5.48433e-07,7.1265e-05,-8.9123e-07,32000,32000,32000,32000
9.117,0,0,0,2.90434e-06,-2.95981e-08,4.38529e-05,-5.47989e-07,7.12641e-05,-8.91219e-07,32000,32000,32000,32000
9.118,0,0,0,2.90431e-06,-3.05972e-08,4.38523e-05,-5.4756e-07,7.12632e-05,-8.91208e-07,32000,32000,32000,32000
9.119,0,0,0,2.90428e-06,-3.1566e-08,4.38518e-05,-5.47148e-07,7.12623e-05,-8.91197e-07,32000,32000,32000,32000
9.12,0,0,0,2.90425e-06,-3.25047e-08,4.38512e-05,-5.46751e-07,7.12614e-05,-8.91186e-07,32000,32000,32000,32000
9.121,0,0,0,2.90421e-06,-3.34135e-08,4.38507e-05,-5.4637e-07,7.12605e-05,-8.91175e-07,32000,32000,32000,32000
9.122,0,0,0,2.90418e-06,-3.42926e-08,4.38501e-05,-5.46004e-07,7.12597e-05,-8.91164e-07,32000,32000,32000,32000
9.123,0,0,0,2.90414e-06,-3.51421e-08,4.38496e-05,-5.45653e-07,7.12588e-05,-8.91152e-07,32000,32000,32000,32000
9.124,0,0,0,2.90411e-06,-3.59624e-08,4.3849e-05,-5.45317e-07,7.12579e-05,-8.91141e-07,32000,32000,32000,32000
9.125,0,0,0,2.90407e-06,-3.67538e-08,4.38485e-05,-5.44996e-07,7.1257e-05,-8.9113e-07,32000,32000,32000,32000
9.126,0,0,0,2.90403e-06,-3.75164e-08,4.38479e-05,-5.44689e-07,7.12561e-05,-8.91119e-07,32000,32000,32000,32000
9.127,0,0,0,2.904e-06,-3.82506e-08,4.38474e-05,-5.44397e-07,7.12552e-05,-8.91108e-07,32000,32000,32000,32000
9.128,0,0,0,2.90396e-06,-3.89567e-08,4.38469e-05,-5.44118e-07,7.12543e-05,-8.91097e-07,32000,32000,32000,32000
9.129,0,0,0,2.90392e-06,-3.96351e-08,4.38463e-05,-5.43853e-07,7.12534e-05,-8.91086e-07,32000,32000,32000,32000
9.13,0,0,0,2.90388e-06,-4.0286e-08,4.38458e-05,-5.43602e-07,7.12525e-05,-8.91074e-07,32000,32000,32000,32000
9.131,0,0,0,2.90384e-06,-4.09099e-08,4.38452e-05,-5.43364e-07,7.12516e-05,-8.91063e-07,32000,32000,32000,32000
9.132,0,0,0,2.90379e-06,-4.15071e-08,4.38447e-05,-5.43138e-07,7.12507e-05,-8.91052e-07,32000,32000,32000,32000
9.133,0,0,0,2.90375e-06,-4.20779e-08,4.38441e-05,-5.42926e-07,7.12499e-05,-8.91041e-07,32000,32000,32000,32000
9.134,0,0,0,2.90371e-06,-4.26229e-08,4.38436e-05,-5.42726e-07,7.1249e-05,-8.9103e-07,32000,32000,32000,32000
9.135,0,0,0,2.90367e-06,-4.31424e-08,4.3843e-05,-5.42538e-07,7.12481e-05,-8.91019e-07,32000,32000,32000,32000
9.136,0,0,0,2.90362e-06,-4.36368e-08,4.38425e-05,-5.42362e-07,7.12472e-05,-8.91008e-07,32000,32000,32000,32000
9.137,0,0,0,2.90358e-06,-4.41065e-08,4.3842e-05,-5.42198e-07,7.12463e-05,-8.90996e-07,32000,32000,32000,32000
9.138,0,0,0,2.90353e-06,-4.4552e-08,4.38414e-05,-5.42046e-07,7.12454e-05,-8.90985e-07,32000,32000,32000,32000
9.139,0,0,0,2.90349e-06,-4.49738e-08,4.38409e-05,-5.41904e-07,7.12445e-05,-8.90974e-07,32000,32000,32000,32000
9.14,0,0,0,2.90344e-06,-4.53721e-08,4.38403e-05,-5.41773e-07,7.12436e-05,-8.90963e-07,32000,32000,32000,32000
9.141,0,0,0,2.9034e-06,-4.57476e-08,4.38398e-05,-5.41653e-07,7.12427e-05,-8.90952e-07,32000,32000,32000,32000
9.142,0,0,0,2.90335e-06,-4.61007e-08,4.38393e-05,-5.41544e-07,7.12418e-05,-8.90941e-07,32000,32000,32000,32000
9.143,0,0,0,2.90331e-06,-4.64318e-08,4.38387e-05,-5.41444e-07,7.12409e-05,-8.9093e-07,32000,32000,32000,32000
9.144,0,0,0,2.90326e-06,-4.67414e-08,4.38382e-05,-5.41354e-07,7.12401e-05,-8.90918e-07,32000,32000,32000,32000
9.145,0,0,0,2.90321e-06,-4.703e-08,4.38376e-05,-5.41274e-07,7.12392e-05,-8.90907e-07,32000,32000,32000,32000
9.146,0,0,0,2.90316e-06,-4.7298e-08,4.38371e-05,-5.41203e-07,7.12383e-05,-8.90896e-07,32000,32000,32000,32000
9.147,0,0,0,2.90312e-06,-4.7546e-08,4.38365e-05,-5.41141e-07,7.12374e-05,-8.90885e-07,32000,32000,32000,32000
9.148,0,0,0,2.90307e-06,-4.77744e-08,4.3836e-05,-5.41087e-07,7.12365e-05,-8.90874e-07,32000,32000,32000,32000
9.149,0,0,0,2.90302e-06,-4.79837e-08,4.38355e-05,-5.41042e-07,7.12356e-05,-8.90863e-07,32000,32000,32000,32000
9.15,0,0,0,2.90297e-06,-4.81744e-08,4.38349e-05,-5.41005e-07,7.12347e-05,-8.90852e-07,32000,32000,32000,32000
9.151,0,0,0,2.90292e-06,-4.83469e-08,4.38344e-05,-5.40977e-07,7.12338e-05,-8.9084e-07,32000,32000,32000,32000
9.152,0,0,0,2.90288e-06,-4.85017e-08,4.38338e-05,-5.40955e-07,7.12329e-05,-8.90829e-07,32000,32000,32000,32000
9.153,0,0,0,2.90283e-06,-4.86394e-08,4.38333e-05,-5.40942e-07,7.1232e-05,-8.90818e-07,32000,32000,32000,32000
9.154,0,0,0,2.90278e-06,-4.87604e-08,4.38328e-05,-5.40935e-07,7.12311e-05,-8.90807e-07,32000,32000,32000,32000
9.155,0,0,0,2.90273e-06,-4.88652e-08,4.38322e-05,-5.40935e-07,7.12303e-05,-8.90796e-07,32000,32000,32000,32000
9.156,0,0,0,2.90268e-06,-4.89543e-08,4.38317e-05,-5.40942e-07,7.12294e-05,-8.90785e-07,32000,32000,32000,32000
9.157,0,0,0,2.90263e-06,-4.90281e-08,4.38311e-05,-5.40955e-07,7.12285e-05,-8.90774e-07,32000,32000,32000,32000
9.158,0,0,0,2.90258e-06,-4.90871e-08,4.38306e-05,-5.40975e-07,7.12276e-05,-8.90762e-07,32000,32000,32000,32000
9.159,0,0,0,2.90253e-06,-4.91318e-08,4.38301e-05,-5.41e-07,7.12267e-05,-8.90751e-07,32000,32000,32000,32000
9.16,0,0,0,2.90248e-06,-4.91627e-08,4.38295e-05,-5.41031e-07,7.12258e-05,-8.9074e-07,32000,32000,32000,32000
9.161,0,0,0,2.90244e-06,-4.91802e-08,4.3829e-05,-5.41067e-07,7.12249e-05,-8.90729e-07,32000,32000,32000,32000
9.162,0,0,0,2.90239e-06,-4.91848e-08,4.38284e-05,-5.41108e-07,7.1224e-05,-8.90718e-07,32000,32000,32000,32000
9.163,0,0,0,2.90234e-06,-4.91769e-08,4.38279e-05,-5.41155e-07,7.12231e-05,-8.90707e-07,32000,32000,32000,32000
9.164,0,0,0,2.90229e-06,-4.9157e-08,4.38274e-05,-5.41206e-07,7.12222e-05,-8.90696e-07,32000,32000,32000,32000
9.165,0,0,0,2.90224e-06,-4.91255e-08,4.38268e-05,-5.41262e-07,7.12213e-05,-8.90684e-07,32000,32000,32000,32000
9.166,0,0,0,2.90219e-06,-4.9083e-08,4.38263e-05,-5.41322e-07,7.12205e-05,-8.90673e-07,32000,32000,32000,32000
9.167,0,0,0,2.90214e-06,-4.90297e-08,4.38257e-05,-5.41386e-07,7.12196e-05,-8.90662e-07,32000,32000,32000,32000
9.168,0,0,0,2.90209e-06,-4.89662e-08,4.38252e-05,-5.41453e-07,7.12187e-05,-8.90651e-07,32000,32000,32000,32000
9.169,0,0,0,2.90204e-06,-4.88929e-08,4.38246e-05,-5.41525e-07,7.12178e-05,-8.9064e-07,32000,32000,32000,32000
9.17,0,0,0,2.90199e-06,-4.88102e-08,4.38241e-05,-5.416e-07,7.12169e-05,-8.90629e-07,32000,32000,32000,32000
9.171,0,0,0,2.90195e-06,-4.87185e-08,4.38236e-05,-5.41678e-07,7.1216e-05,-8.90618e-07,32000,32000,32000,32000
9.172,0,0,0,2.9019e-06,-4.86182e-08,4.3823e-05,-5.41759e-07,7.12151e-05,-8.90607e-07,32000,32000,32000,32000
9.173,0,0,0,2.90185e-06,-4.85097e-08,4.38225e-05,-5.41843e-07,7.12142e-05,-8.90595e-07,32000,32000,32000,32000
9.174,0,0,0,2.9018e-06,-4.83934e-08,4.38219e-05,-5.4193e-07,7.12133e-05,-8.90584e-07,32000,32000,32000,32000
9.175,0,0,0,2.90175e-06,-4.82698e-08,4.38214e-05,-5.42019e-07,7.12124e-05,-8.90573e-07,32000,32000,32000,32000
9.176,0,0,0,2.9017e-06,-4.81391e-08,4.38209e-05,-5.4211e-07,7.12116e-05,-8.90562e-07,32000,32000,32000,32000
9.177,0,0,0,2.90166e-06,-4.80018e-08,4.38203e-05,-5.42204e-07,7.12107e-05,-8.90551e-07,32000,32000,32000,32000
9.178,0,0,0,2.90161e-06,-4.78582e-08,4.38198e-05,-5.423e-07,7.12098e-05,-8.9054e-07,32000,32000,32000,32000
9.179,0,0,0,2.90156e-06,-4.77088e-08,4.38192e-05,-5.42397e-07,7.12089e-05,-8.90529e-07,32000,32000,32000,32000
9.18,0,0,0,2.90151e-06,-4.75537e-08,4.38187e-05,-5.42496e-07,7.1208e-05,-8.90517e-07,32000,32000,32000,32000
9.181,0,0,0,2.90147e-06,-4.73935e-08,4.38181e-05,-5.42596e-07,7.12071e-05,-8.90506e-07,32000,32000,32000,32000
9.182,0,0,0,2.90142e-06,-4.72283e-08,4.38176e-05,-5.42698e-07,7.12062e-05,-8.90495e-07,32000,32000,32000,32000
9.183,0,0,0,2.90137e-06,-4.70586e-08,4.38171e-05,-5.428e-07,7.12053e-05,-8.90484e-07,32000,32000,32000,32000
9.184,0,0,0,2.90132e-06,-4.68847e-08,4.38165e-05,-5.42904e-07,7.12044e-05,-8.90473e-07,32000,32000,32000,32000
9.185,0,0,0,2.90128e-06,-4.67069e-08,4.3816e-05,-5.43009e-07,7.12035e-05,-8.90462e-07,32000,32000,32000,32000
9.186,0,0,0,2.90123e-06,-4.65256e-08,4.38154e-05,-5.43114e-07,7.12026e-05,-8.90451e-07,32000,32000,32000,32000
9.187,0,0,0,2.90118e-06,-4.63409e-08,4.38149e-05,-5.4322e-07,7.12018e-05,-8.90439e-07,32000,32000,32000,32000
9.188,0,0,0,2.90114e-06,-4.61532e-08,4.38143e-05,-5.43327e-07,7.12009e-05,-8.90428e-07,32000,32000,32000,32000
9.189,0,0,0,2.90109e-06,-4.59628e-08,4.38138e-05,-5.43434e-07,7.12e-05,-8.90417e-07,32000,32000,32000,32000
9.19,0,0,0,2.90105e-06,-4.57699e-08,4.38133e-05,-5.43541e-07,7.11991e-05,-8.90406e-07,32000,32000,32000,32000
9.191,0,0,0,2.901e-06,-4.55749e-08,4.38127e-05,-5.43648e-07,7.11982e-05,-8.90395e-07,32000,32000,32000,32000
9.192,0,0,0,2.90096e-06,-4.5378e-08,4.38122e-05,-5.43755e-07,7.11973e-05,-8.90384e-07,32000,32000,32000,32000
9.193,0,0,0,2.90091e-06,-4.51794e-08,4.38116e-05,-5.43862e-07,7.11964e-05,-8.90373e-07,32000,32000,32000,32000
9.194,0,0,0,2.90087e-06,-4.49794e-08,4.38111e-05,-5.43969e-07,7.11955e-05,-8.90362e-07,32000,32000,32000,32000
9.195,0,0,0,2.90082e-06,-4.47783e-08,4.38105e-05,-5.44075e-07,7.11946e-05,-8.9035e-07,32000,32000,32000,32000
9.196,0,0,0,2.90078e-06,-4.45762e-08,4.381e-05,-5.44181e-07,7.11937e-05,-8.90339e-07,32000,32000,32000,32000
9.197,0,0,0,2.90073e-06,-4.43735e-08,4.38094e-05,-5.44287e-07,7.11929e-05,-8.90328e-07,32000,32000,32000,32000
9.198,0,0,0,2.90069e-06,-4.41702e-08,4.38089e-05,-5.44392e-07,7.1192e-05,-8.90317e-07,32000,32000,32000,32000
9.199,0,0,0,2.90064e-06,-4.39667e-08,4.38084e-05,-5.44496e-07,7.11911e-05,-8.90306e-07,32000,32000,32000,32000
9.2,0,0,0,2.9006e-06,-4.37631e-08,4.38078e-05,-5.446e-07,7.11902e-05,-8.90295e-07,32000,32000,32000,32000
9.201,0,0,0,2.90056e-06,-4.35596e-08,4.38073e-05,-5.44702e-07,7.11893e-05,-8.90284e-07,32000,32000,32000,32000
9.202,0,0,0,2.90051e-06,-4.33564e-08,4.38067e-05,-5.44804e-07,7.11884e-05,-8.90272e-07,32000,32000,32000,32000
9.203,0,0,0,2.90047e-06,-4.31538e-08,4.38062e-05,-5.44905e-07,7.11875e-05,-8.90261e-07,32000,32000,32000,32000
9.204,0,0,0,2.90043e-06,-4.29518e-08,4.38056e-05,-5.45005e-07,7.11866e-05,-8.9025e-07,32000,32000,32000,32000
9.205,0,0,0,2.90038e-06,-4.27506e-08,4.38051e-05,-5.45103e-07,7.11857e-05,-8.90239e-07,32000,32000,32000,32000
9.206,0,0,0,2.90034e-06,-4.25504e-08,4.38045e-05,-5.45201e-07,7.11848e-05,-8.90228e-07,32000,32000,32000,32000
9.207,0,0,0,2.9003e-06,-4.23514e-08,4.3804e-05,-5.45297e-07,7.11839e-05,-8.90217e-07,32000,32000,32000,32000
9.208,0,0,0,2.90026e-06,-4.21537e-08,4.38034e-05,-5.45392e-07,7.11831e-05,-8.90206e-07,32000,32000,32000,32000
9.209,0,0,0,2.90021e-06,-4.19574e-08,4.38029e-05,-5.45485e-07,7.11822e-05,-8.90195e-07,32000,32000,32000,32000
9.21,0,0,0,2.90017e-06,-4.17627e-08,4.38024e-05,-5.45577e-07,7.11813e-05,-8.90183e-07,32000,32000,32000,32000
9.211,0,0,0,2.90013e-06,-4.15698e-08,4.38018e-05,-5.45668e-07,7.11804e-05,-8.90172e-07,32000,32000,32000,32000
9.212,0,0,0,2.90009e-06,-4.13786e-08,4.38013e-05,-5.45757e-07,7.11795e-05,-8.90161e-07,32000,32000,32000,32000
9.213,0,0,0,2.90005e-06,-4.11894e-08,4.38007e-05,-5.45845e-07,7.11786e-05,-8.9015e-07,32000,32000,32000,32000
9.214,0,0,0,2.90001e-06,-4.10022e-08,4.38002e-05,-5.45931e-07,7.11777e-05,-8.90139e-07,32000,32000,32000,32000
9.215,0,0,0,2.89997e-06,-4.08172e-08,4.37996e-05,-5.46016e-07,7.11768e-05,-8.90128e-07,32000,32000,32000,32000
9.216,0,0,0,2.89993e-06,-4.06345e-08,4.37991e-05,-5.46099e-07,7.11759e-05,-8.90117e-07,32000,32000,32000,32000
9.217,0,0,0,2.89989e-06,-4.04541e-08,4.37985e-05,-5.4618e-07,7.1175e-05,-8.90105e-07,32000,32000,32000,32000
9.218,0,0,0,2.89985e-06,-4.02761e-08,4.3798e-05,-5.4626e-07,7.11742e-05,-8.90094e-07,32000,32000,32000,32000
9.219,0,0,0,2.89981e-06,-4.01007e-08,4.37974e-05,-5.46338e-07,7.11733e-05,-8.90083e-07,32000,32000,32000,32000
9.22,0,0,0,2.89977e-06,-3.99279e-08,4.37969e-05,-5.46414e-07,7.11724e-05,-8.90072e-07,32000,32000,32000,32000
9.221,0,0,0,2.89973e-06,-3.97577e-08,4.37964e-05,-5.46489e-07,7.11715e-05,-8.90061e-07,32000,32000,32000,32000
9.222,0,0,0,2.89969e-06,-3.95903e-08,4.37958e-05,-5.46562e-07,7.11706e-05,-8.9005e-07,32000,32000,32000,32000
9.223,0,0,0,2.89965e-06,-3.94256e-08,4.37953e-05,-5.46633e-07,7.11697e-05,-8.90039e-07,32000,32000,32000,32000
9.224,0,0,0,2.89961e-06,-3.92639e-08,4.37947e-05,-5.46702e-07,7.11688e-05,-8.90028e-07,32000,32000,32000,32000
9.225,0,0,0,2.89957e-06,-3.9105e-08,4.37942e-05,-5.46769e-07,7.11679e-05,-8.90016e-07,32000,32000,32000,32000
9.226,0,0,0,2.89953e-06,-3.8949e-08,4.37936e-05,-5.46835e-07,7.1167e-05,-8.90005e-07,32000,32000,32000,32000
9.227,0,0,0,2.89949e-06,-3.87961e-08,4.37931e-05,-5.46899e-07,7.11661e-05,-8.89994e-07,32000,32000,32000,32000
9.228,0,0,0,2.89945e-06,-3.86462e-08,4.37925e-05,-5.46961e-07,7.11653e-05,-8.89983e-07,32000,32000,32000,32000
9.229,0,0,0,2.89941e-06,-3.84994e-08,4.3792e-05,-5.47022e-07,7.11644e-05,-8.89972e-07,32000,32000,32000,32000
9.23,0,0,0,2.89938e-06,-3.83556e-08,4.37914e-05,-5.4708e-07,7.11635e-05,-8.89961e-07,32000,32000,32000,32000
9.231,0,0,0,2.89934e-06,-3.8215e-08,4.37909e-05,-5.47137e-07,7.11626e-05,-8.8995e-07,32000,32000,32000,32000
9.232,0,0,0,2.8993e-06,-3.80776e-08,4.37903e-05,-5.47192e-07,7.11617e-05,-8.89939e-07,32000,32000,32000,32000
9.233,0,0,0,2.89926e-06,-3.79432e-08,4.37898e-05,-5.47245e-07,7.11608e-05,-8.89927e-07,32000,32000,32000,32000
9.234,0,0,0,2.89922e-06,-3.78121e-08,4.37892e-05,-5.47296e-07,7.11599e-05,-8.89916e-07,32000,32000,32000,32000
9.235,0,0,0,2.89919e-06,-3.76842e-08,4.37887e-05,-5.47346e-07,7.1159e-05,-8.89905e-07,32000,32000,32000,32000
9.236,0,0,0,2.89915e-06,-3.75594e-08,4.37881e-05,-5.47394e-07,7.11581e-05,-8.89894e-07,32000,32000,32000,32000
9.237,0,0,0,2.89911e-06,-3.74379e-08,4.37876e-05,-5.4744e-07,7.11572e-05,-8.89883e-07,32000,32000,32000,32000
9.238,0,0,0,2.89907e-06,-3.73195e-08,4.37871e-05,-5.47484e-07,7.11564e-05,-8.89872e-07,32000,32000,32000,32000
9.239,0,0,0,2.89904e-06,-3.72044e-08,4.37865e-05,-5.47527e-07,7.11555e-05,-8.89861e-07,32000,32000,32000,32000
9.24,0,0,0,2.899e-06,-3.70924e-08,4.3786e-05,-5.47568e-07,7.11546e-05,-8.89849e-07,32000,32000,32000,32000
9.241,0,0,0,2.89896e-06,-3.69837e-08,4.37854e-05,-5.47607e-07,7.11537e-05,-8.89838e-07,32000,32000,32000,32000
9.242,0,0,0,2.89893e-06,-3.68781e-08,4.37849e-05,-5.47645e-07,7.11528e-05,-8.89827e-07,32000,32000,32000,32000
9.243,0,0,0,2.89889e-06,-3.67756e-08,4.37843e-05,-5.47681e-07,7.11519e-05,-8.89816e-07,32000,32000,32000,32000
9.244,0,0,0,2.89885e-06,-3.66763e-08,4.37838e-05,-5.47715e-07,7.1151e-05,-8.89805e-07,32000,32000,32000,32000
9.245,0,0,0,2.89882e-06,-3.65802e-08,4.37832e-05,-5.47748e-07,7.11501e-05,-8.89794e-07,32000,32000,32000,32000
9.246,0,0,0,2.89878e-06,-3.64871e-08,4.37827e-05,-5.47779e-07,7.11492e-05,-8.89783e-07,32000,32000,32000,32000
9.247,0,0,0,2.89874e-06,-3.63972e-08,4.37821e-05,-5.47808e-07,7.11483e-05,-8.89772e-07,32000,32000,32000,32000
9.248,0,0,0,2.89871e-06,-3.63102e-08,4.37816e-05,-5.47836e-07,7.11475e-05,-8.8976e-07,32000,32000,32000,32000
9.249,0,0,0,2.89867e-06,-3.62264e-08,4.3781e-05,-5.47862e-07,7.11466e-05,-8.89749e-07,32000,32000,32000,32000
9.25,0,0,0,2.89863e-06,-3.61455e-08,4.37805e-05,-5.47887e-07,7.11457e-05,-8.89738e-07,32000,32000,32000,32000
9.251,0,0,0,2.8986e-06,-3.60676e-08,4.37799e-05,-5.47911e-07,7.11448e-05,-8.89727e-07,32000,32000,32000,32000
9.252,0,0,0,2.89856e-06,-3.59926e-08,4.37794e-05,-5.47932e-07,7.11439e-05,-8.89716e-07,32000,32000,32000,32000
9.253,0,0,0,2.89853e-06,-3.59206e-08,4.37788e-05,-5.47953e-07,7.1143e-05,-8.89705e-07,32000,32000,32000,32000
9.254,0,0,0,2.89849e-06,-3.58514e-08,4.37783e-05,-5.47972e-07,7.11421e-05,-8.89694e-07,32000,32000,32000,32000
9.255,0,0,0,2.89845e-06,-3.57851e-08,4.37777e-05,-5.4799e-07,7.11412e-05,-8.89683e-07,32000,32000,32000,32000
9.256,0,0,0,2.89842e-06,-3.57215e-08,4.37772e-05,-5.48006e-07,7.11403e-05,-8.89671e-07,32000,32000,32000,32000
9.257,0,0,0,2.89838e-06,-3.56607e-08,4.37766e-05,-5.48021e-07,7.11395e-05,-8.8966e-07,32000,32000,32000,32000
9.258,0,0,0,2.89835e-06,-3.56026e-08,4.37761e-05,-5.48035e-07,7.11386e-05,-8.89649e-07,32000,32000,32000,32000
9.259,0,0,0,2.89831e-06,-3.55472e-08,4.37755e-05,-5.48047e-07,7.11377e-05,-8.89638e-07,32000,32000,32000,32000
9.26,0,0,0,2.89828e-06,-3.54944e-08,4.3775e-05,-5.48058e-07,7.11368e-05,-8.89627e-07,32000,32000,32000,32000
9.261,0,0,0,2.89824e-06,-3.54442e-08,4.37745e-05,-5.48068e-07,7.11359e-05,-8.89616e-07,32000,32000,32000,32000
9.262,0,0,0,2.89821e-06,-3.53966e-08,4.37739e-05,-5.48077e-07,7.1135e-05,-8.89605e-07,32000,32000,32000,32000
9.263,0,0,0,2.89817e-06,-3.53514e-08,4.37734e-05,-5.48084e-07,7.11341e-05,-8.89594e-07,32000,32000,32000,32000
9.264,0,0,0,2.89813e-06,-3.53087e-08,4.37728e-05,-5.4809e-07,7.11332e-05,-8.89582e-07,32000,32000,32000,32000
9.265,0,0,0,2.8981e-06,-3.52684e-08,4.37723e-05,-5.48096e-07,7.11323e-05,-8.89571e-07,32000,32000,32000,32000
9.266,0,0,0,2.89806e-06,-3.52305e-08,4.37717e-05,-5.481e-07,7.11314e-05,-8.8956e-07,32000,32000,32000,32000
9.267,0,0,0,2.89803e-06,-3.51948e-08,4.37712e-05,-5.48103e-07,7.11306e-05,-8.89549e-07,32000,32000,32000,32000
9.268,0,0,0,2.89799e-06,-3.51614e-08,4.37706e-05,-5.48105e-07,7.11297e-05,-8.89538e-07,32000,32000,32000,32000
9.269,0,0,0,2.89796e-06,-3.51302e-08,4.37701e-05,-5.48106e-07,7.11288e-05,-8.89527e-07,32000,32000,32000,32000
9.27,0,0,0,2.89792e-06,-3.51012e-08,4.37695e-05,-5.48106e-07,7.11279e-05,-8.89516e-07,32000,32000,32000,32000
9.271,0,0,0,2.89789e-06,-3.50743e-08,4.3769e-05,-5.48105e-07,7.1127e-05,-8.89505e-07,32000,32000,32000,32000
9.272,0,0,0,2.89785e-06,-3.50494e-08,4.37684e-05,-5.48104e-07,7.11261e-05,-8.89493e-07,32000,32000,32000,32000
9.273,0,0,0,2.89782e-06,-3.50265e-08,4.37679e-05,-5.48101e-07,7.11252e-05,-8.89482e-07,32000,32000,32000,32000
9.274,0,0,0,2.89778e-06,-3.50056e-08,4.37673e-05,-5.48098e-07,7.11243e-05,-8.89471e-07,32000,32000,32000,32000
9.275,0,0,0,2.89775e-06,-3.49866e-08,4.37668e-05,-5.48093e-07,7.11234e-05,-8.8946e-07,32000,32000,32000,32000
9.276,0,0,0,2.89771e-06,-3.49695e-08,4.37662e-05,-5.48088e-07,7.11226e-05,-8.89449e-07,32000,32000,32000,32000
9.277,0,0,0,2.89768e-06,-3.49541e-08,4.37657e-05,-5.48082e-07,7.11217e-05,-8.89438e-07,32000,32000,32000,32000
9.278,0,0,0,2.89764e-06,-3.49406e-08,4.37651e-05,-5.48076e-07,7.11208e-05,-8.89427e-07,32000,32000,32000,32000
9.279,0,0,0,2.89761e-06,-3.49287e-08,4.37646e-05,-5.48068e-07,7.11199e-05,-8.89416e-07,32000,32000,32000,32000
9.28,0,0,0,2.89757e-06,-3.49185e-08,4.3764e-05,-5.4806e-07,7.1119e-05,-8.89404e-07,32000,32000,32000,32000
9.281,0,0,0,2.89754e-06,-3.49098e-08,4.37635e-05,-5.48051e-07,7.11181e-05,-8.89393e-07,32000,32000,32000,32000
9.282,0,0,0,2.8975e-06,-3.49028e-08,4.37629e-05,-5.48042e-07,7.11172e-05,-8.89382e-07,32000,32000,32000,32000
9.283,0,0,0,2.89747e-06,-3.48972e-08,4.37624e-05,-5.48032e-07,7.11163e-05,-8.89371e-07,32000,32000,32000,32000
9.284,0,0,0,2.89743e-06,-3.48931e-08,4.37618e-05,-5.48021e-07,7.11154e-05,-8.8936e-07,32000,32000,32000,32000
9.285,0,0,0,2.8974e-06,-3.48904e-08,4.37613e-05,-5.4801e-07,7.11145e-05,-8.89349e-07,32000,32000,32000,32000
9.286,0,0,0,2.89736e-06,-3.48891e-08,4.37607e-05,-5.47998e-07,7.11137e-05,-8.89338e-07,32000,32000,32000,32000
9.287,0,0,0,2.89733e-06,-3.48891e-08,4.37602e-05,-5.47986e-07,7.11128e-05,-8.89327e-07,32000,32000,32000,32000
9.288,0,0,0,2.89729e-06,-3.48903e-08,4.37597e-05,-5.47973e-07,7.11119e-05,-8.89315e-07,32000,32000,32000,32000
9.289,0,0,0,2.89726e-06,-3.48928e-08,4.37591e-05,-5.4796e-07,7.1111e-05,-8.89304e-07,32000,32000,32000,32000
9.29,0,0,0,2.89722e-06,-3.48965e-08,4.37586e-05,-5.47946e-07,7.11101e-05,-8.89293e-07,32000,32000,32000,32000
9.291,0,0,0,2.89719e-06,-3.49012e-08,4.3758e-05,-5.47932e-07,7.11092e-05,-8.89282e-07,32000,32000,32000,32000
9.292,0,0,0,2.89715e-06,-3.49071e-08,4.37575e-05,-5.47918e-07,7.11083e-05,-8.89271e-07,32000,32000,32000,32000
9.293,0,0,0,2.89712e-06,-3.4914e-08,4.37569e-05,-5.47903e-07,7.11074e-05,-8.8926e-07,32000,32000,32000,32000
9.294,0,0,0,2.89708e-06,-3.49218e-08,4.37564e-05,-5.47887e-07,7.11065e-05,-8.89249e-07,32000,32000,32000,32000
9.295,0,0,0,2.89705e-06,-3.49307e-08,4.37558e-05,-5.47872e-07,7.11057e-05,-8.89238e-07,32000,32000,32000,32000
9.296,0,0,0,2.89702e-06,-3.49404e-08,4.37553e-05,-5.47856e-07,7.11048e-05,-8.89227e-07,32000,32000,32000,32000
9.297,0,0,0,2.89698e-06,-3.4951e-08,4.37547e-05,-5.4784e-07,7.11039e-05,-8.89215e-07,32000,32000,32000,32000
9.298,0,0,0,2.89695e-06,-3.49624e-08,4.37542e-05,-5.47823e-07,7.1103e-05,-8.89204e-07,32000,32000,32000,32000
9.299,0,0,0,2.89691e-06,-3.49746e-08,4.37536e-05,-5.47806e-07,7.11021e-05,-8.89193e-07,32000,32000,32000,32000
9.3,0,0,0,2.89688e-06,-3.49876e-08,4.37531e-05,-5.47789e-07,7.11012e-05,-8.89182e-07,32000,32000,32000,32000
9.301,0,0,0,2.89684e-06,-3.50012e-08,4.37525e-05,-5.47772e-07,7.11003e-05,-8.89171e-07,32000,32000,32000,32000
9.302,0,0,0,2.89681e-06,-3.50155e-08,4.3752e-05,-5.47754e-07,7.10994e-05,-8.8916e-07,32000,32000,32000,32000
9.303,0,0,0,2.89677e-06,-3.50305e-08,4.37514e-05,-5.47737e-07,7.10985e-05,-8.89149e-07,32000,32000,32000,32000
9.304,0,0,0,2.89674e-06,-3.5046e-08,4.37509e-05,-5.47719e-07,7.10977e-05,-8.89138e-07,32000,32000,32000,32000
9.305,0,0,0,2.8967e-06,-3.50621e-08,4.37503e-05,-5.47701e-07,7.10968e-05,-8.89126e-07,32000,32000,32000,32000
9.306,0,0,0,2.89666e-06,-3.50787e-08,4.37498e-05,-5.47683e-07,7.10959e-05,-8.89115e-07,32000,32000,32000,32000
9.307,0,0,0,2.89663e-06,-3.50958e-08,4.37492e-05,-5.47665e-07,7.1095e-05,-8.89104e-07,32000,32000,32000,32000
9.308,0,0,0,2.89659e-06,-3.51133e-08,4.37487e-05,-5.47646e-07,7.10941e-05,-8.89093e-07,32000,32000,32000,32000
9.309,0,0,0,2.89656e-06,-3.51312e-08,4.37481e-05,-5.47628e-07,7.10932e-05,-8.89082e-07,32000,32000,32000,32000
9.31,0,0,0,2.89652e-06,-3.51496e-08,4.37476e-05,-5.47609e-07,7.10923e-05,-8.89071e-07,32000,32000,32000,32000
9.311,0,0,0,2.89649e-06,-3.51683e-08,4.37471e-05,-5.47591e-07,7.10914e-05,-8.8906e-07,32000,32000,32000,32000
9.312,0,0,0,2.89645e-06,-3.51873e-08,4.37465e-05,-5.47572e-07,7.10905e-05,-8.89049e-07,32000,32000,32000,32000
9.313,0,0,0,2.89642e-06,-3.52066e-08,4.3746e-05,-5.47553e-07,7.10896e-05,-8.89037e-07,32000,32000,32000,32000
9.314,0,0,0,2.89638e-06,-3.52261e-08,4.37454e-05,-5.47535e-07,7.10888e-05,-8.89026e-07,32000,32000,32000,32000
9.315,0,0,0,2.89635e-06,-3.52459e-08,4.37449e-05,-5.47516e-07,7.10879e-05,-8.89015e-07,32000,32000,32000,32000
9.316,0,0,0,2.89631e-06,-3.52659e-08,4.37443e-05,-5.47497e-07,7.1087e-05,-8.89004e-07,32000,32000,32000,32000
9.317,0,0,0,2.89628e-06,-3.52861e-08,4.37438e-05,-5.47478e-07,7.10861e-05,-8.88993e-07,32000,32000,32000,32000
9.318,0,0,0,2.89624e-06,-3.53064e-08,4.37432e-05,-5.4746e-07,7.10852e-05,-8.88982e-07,32000,32000,32000,32000
9.319,0,0,0,2.89621e-06,-3.53269e-08,4.37427e-05,-5.47441e-07,7.10843e-05,-8.88971e-07,32000,32000,32000,32000
9.32,0,0,0,2.89617e-06,-3.53475e-08,4.37421e-05,-5.47422e-07,7.10834e-05,-8.8896e-07,32000,32000,32000,32000
9.321,0,0,0,2.89614e-06,-3.53681e-08,4.37416e-05,-5.47404e-07,7.10825e-05,-8.88949e-07,32000,32000,32000,32000
9.322,0,0,0,2.8961e-06,-3.53888e-08,4.3741e-05,-5.47385e-07,7.10816e-05,-8.88937e-07,32000,32000,32000,32000
9.323,0,0,0,2.89607e-06,-3.54095e-08,4.37405e-05,-5.47367e-07,7.10808e-05,-8.88926e-07,32000,32000,32000,32000
9.324,0,0,0,2.89603e-06,-3.54303e-08,4.37399e-05,-5.47348e-07,7.10799e-05,-8.88915e-07,32000,32000,32000,32000
9.325,0,0,0,2.89599e-06,-3.5451e-08,4.37394e-05,-5.4733e-07,7.1079e-05,-8.88904e-07,32000,32000,32000,32000
9.326,0,0,0,2.89596e-06,-3.54717e-08,4.37388e-05,-5.47312e-07,7.10781e-05,-8.88893e-07,32000,32000,32000,32000
9.327,0,0,0,2.89592e-06,-3.54924e-08,4.37383e-05,-5.47294e-07,7.10772e-05,-8.88882e-07,32000,32000,32000,32000
9.328,0,0,0,2.89589e-06,-3.5513e-08,4.37377e-05,-5.47276e-07,7.10763e-05,-8.88871e-07,32000,32000,32000,32000
9.329,0,0,0,2.89585e-06,-3.55335e-08,4.37372e-05,-5.47258e-07,7.10754e-05,-8.8886e-07,32000,32000,32000,32000
9.33,0,0,0,2.89582e-06,-3.55539e-08,4.37367e-05,-5.4724e-07,7.10745e-05,-8.88848e-07,32000,32000,32000,32000
9.331,0,0,0,2.89578e-06,-3.55742e-08,4.37361e-05,-5.47222e-07,7.10736e-05,-8.88837e-07,32000,32000,32000,32000
9.332,0,0,0,2.89575e-06,-3.55944e-08,4.37356e-05,-5.47205e-07,7.10728e-05,-8.88826e-07,32000,32000,32000,32000
9.333,0,0,0,2.89571e-06,-3.56144e-08,4.3735e-05,-5.47188e-07,7.10719e-05,-8.88815e-07,32000,32000,32000,32000
9.334,0,0,0,2.89567e-06,-3.56343e-08,4.37345e-05,-5.4717e-07,7.1071e-05,-8.88804e-07,32000,32000,32000,32000
9.335,0,0,0,2.89564e-06,-3.5654e-08,4.37339e-05,-5.47153e-07,7.10701e-05,-8.88793e-07,32000,32000,32000,32000
9.336,0,0,0,2.8956e-06,-3.56735e-08,4.37334e-05,-5.47136e-07,7.10692e-05,-8.88782e-07,32000,32000,32000,32000
9.337,0,0,0,2.89557e-06,-3.56928e-08,4.37328e-05,-5.4712e-07,7.10683e-05,-8.88771e-07,32000,32000,32000,32000
9.338,0,0,0,2.89553e-06,-3.57119e-08,4.37323e-05,-5.47103e-07,7.10674e-05,-8.8876e-07,32000,32000,32000,32000
9.339,0,0,0,2.8955e-06,-3.57307e-08,4.37317e-05,-5.47087e-07,7.10665e-05,-8.88748e-07,32000,32000,32000,32000
9.34,0,0,0,2.89546e-06,-3.57494e-08,4.37312e-05,-5.4707e-07,7.10656e-05,-8.88737e-07,32000,32000,32000,32000
9.341,0,0,0,2.89542e-06,-3.57678e-08,4.37306e-05,-5.47054e-07,7.10648e-05,-8.88726e-07,32000,32000,32000,32000
9.342,0,0,0,2.89539e-06,-3.57859e-08,4.37301e-05,-5.47038e-07,7.10639e-05,-8.88715e-07,32000,32000,32000,32000
9.343,0,0,0,2.89535e-06,-3.58038e-08,4.37295e-05,-5.47023e-07,7.1063e-05,-8.88704e-07,32000,32000,32000,32000
9.344,0,0,0,2.89532e-06,-3.58214e-08,4.3729e-05,-5.47007e-07,7.10621e-05,-8.88693e-07,32000,32000,32000,32000
9.345,0,0,0,2.89528e-06,-3.58387e-08,4.37284e-05,-5.46992e-07,7.10612e-05,-8.88682e-07,32000,32000,32000,32000
9.346,0,0,0,2.89525e-06,-3.58558e-08,4.37279e-05,-5.46977e-07,7.10603e-05,-8.88671e-07,32000,32000,32000,32000
9.347,0,0,0,2.89521e-06,-3.58725e-08,4.37274e-05,-5.46962e-07,7.10594e-05,-8.8866e-07,32000,32000,32000,32000
9.348,0,0,0,2.89517e-06,-3.5889e-08,4.37268e-05,-5.46947e-07,7.10585e-05,-8.88648e-07,32000,32000,32000,32000
9.349,0,0,0,2.89514e-06,-3.59051e-08,4.37263e-05,-5.46932e-07,7.10577e-05,-8.88637e-07,32000,32000,32000,32000
9.35,0,0,0,2.8951e-06,-3.5921e-08,4.37257e-05,-5.46918e-07,7.10568e-05,-8.88626e-07,32000,32000,32000,32000
9.351,0,0,0,2.89507e-06,-3.59365e-08,4.37252e-05,-5.46903e-07,7.10559e-05,-8.88615e-07,32000,32000,32000,32000
9.352,0,0,0,2.89503e-06,-3.59518e-08,4.37246e-05,-5.46889e-07,7.1055e-05,-8.88604e-07,32000,32000,32000,32000
9.353,0,0,0,2.89499e-06,-3.59667e-08,4.37241e-05,-5.46875e-07,7.10541e-05,-8.88593e-07,32000,32000,32000,32000
9.354,0,0,0,2.89496e-06,-3.59813e-08,4.37235e-05,-5.46862e-07,7.10532e-05,-8.88582e-07,32000,32000,32000,32000
9.355,0,0,0,2.89492e-06,-3.59955e-08,4.3723e-05,-5.46848e-07,7.10523e-05,-8.88571e-07,32000,32000,32000,32000
9.356,0,0,0,2.89489e-06,-3.60095e-08,4.37224e-05,-5.46835e-07,7.10514e-05,-8.8856e-07,32000,32000,32000,32000
9.357,0,0,0,2.89485e-06,-3.60231e-08,4.37219e-05,-5.46822e-07,7.10505e-05,-8.88548e-07,32000,32000,32000,32000
9.358,0,0,0,2.89481e-06,-3.60363e-08,4.37213e-05,-5.46809e-07,7.10497e-05,-8.88537e-07,32000,32000,32000,32000
9.359,0,0,0,2.89478e-06,-3.60493e-08,4.37208e-05,-5.46796e-07,7.10488e-05,-8.88526e-07,32000,32000,32000,32000
9.36,0,0,0,2.89474e-06,-3.60619e-08,4.37202e-05,-5.46783e-07,7.10479e-05,-8.88515e-07,32000,32000,32000,32000
9.361,0,0,0,2.89471e-06,-3.60741e-08,4.37197e-05,-5.46771e-07,7.1047e-05,-8.88504e-07,32000,32000,32000,32000
9.362,0,0,0,2.89467e-06,-3.60861e-08,4.37192e-05,-5.46759e-07,7.10461e-05,-8.88493e-07,32000,32000,32000,32000
9.363,0,0,0,2.89463e-06,-3.60977e-08,4.37186e-05,-5.46747e-07,7.10452e-05,-8.88482e-07,32000,32000,32000,32000
9.364,0,0,0,2.8946e-06,-3.6109e-08,4.37181e-05,-5.46735e-07,7.10443e-05,-8.88471e-07,32000,32000,32000,32000
9.365,0,0,0,2.89456e-06,-3.61199e-08,4.37175e-05,-5.46723e-07,7.10434e-05,-8.8846e-07,32000,32000,32000,32000
9.366,0,0,0,2.89453e-06,-3.61305e-08,4.3717e-05,-5.46711e-07,7.10425e-05,-8.88448e-07,32000,32000,32000,32000
9.367,0,0,0,2.89449e-06,-3.61408e-08,4.37164e-05,-5.467e-07,7.10417e-05,-8.88437e-07,32000,32000,32000,32000
9.368,0,0,0,2.89445e-06,-3.61507e-08,4.37159e-05,-5.46689e-07,7.10408e-05,-8.88426e-07,32000,32000,32000,32000
9.369,0,0,0,2.89442e-06,-3.61604e-08,4.37153e-05,-5.46678e-07,7.10399e-05,-8.88415e-07,32000,32000,32000,32000
9.37,0,0,0,2.89438e-06,-3.61696e-08,4.37148e-05,-5.46667e-07,7.1039e-05,-8.88404e-07,32000,32000,32000,32000
9.371,0,0,0,2.89434e-06,-3.61786e-08,4.37142e-05,-5.46656e-07,7.10381e-05,-8.88393e-07,32000,32000,32000,32000
9.372,0,0,0,2.89431e-06,-3.61873e-08,4.37137e-05,-5.46646e-07,7.10372e-05,-8.88382e-07,32000,32000,32000,32000
9.373,0,0,0,2.89427e-06,-3.61956e-08,4.37131e-05,-5.46636e-07,7.10363e-05,-8.88371e-07,32000,32000,32000,32000
9.374,0,0,0,2.89424e-06,-3.62036e-08,4.37126e-05,-5.46625e-07,7.10354e-05,-8.8836e-07,32000,32000,32000,32000
9.375,0,0,0,2.8942e-06,-3.62113e-08,4.3712e-05,-5.46615e-07,7.10345e-05,-8.88348e-07,32000,32000,32000,32000
9.376,0,0,0,2.89416e-06,-3.62187e-08,4.37115e-05,-5.46606e-07,7.10337e-05,-8.88337e-07,32000,32000,32000,32000
9.377,0,0,0,2.89413e-06,-3.62258e-08,4.3711e-05,-5.46596e-07,7.10328e-05,-8.88326e-07,32000,32000,32000,32000
9.378,0,0,0,2.89409e-06,-3.62326e-08,4.37104e-05,-5.46586e-07,7.10319e-05,-8.88315e-07,32000,32000,32000,32000
9.379,0,0,0,2.89406e-06,-3.62391e-08,4.37099e-05,-5.46577e-07,7.1031e-05,-8.88304e-07,32000,32000,32000,32000
9.38,0,0,0,2.89402e-06,-3.62454e-08,4.37093e-05,-5.46567e-07,7.10301e-05,-8.88293e-07,32000,32000,32000,32000
9.381,0,0,0,2.89398e-06,-3.62513e-08,4.37088e-05,-5.46558e-07,7.10292e-05,-8.88282e-07,32000,32000,32000,32000
9.382,0,0,0,2.89395e-06,-3.62569e-08,4.37082e-05,-5.46549e-07,7.10283e-05,-8.88271e-07,32000,32000,32000,32000
9.383,0,0,0,2.89391e-06,-3.62623e-08,4.37077e-05,-5.4654e-07,7.10274e-05,-8.8826e-07,32000,32000,32000,32000
9.384,0,0,0,2.89387e-06,-3.62673e-08,4.37071e-05,-5.46532e-07,7.10266e-05,-8.88248e-07,32000,32000,32000,32000
9.385,0,0,0,2.89384e-06,-3.62722e-08,4.37066e-05,-5.46523e-07,7.10257e-05,-8.88237e-07,32000,32000,32000,32000
9.386,0,0,0,2.8938e-06,-3.62767e-08,4.3706e-05,-5.46515e-07,7.10248e-05,-8.88226e-07,32000,32000,32000,32000
9.387,0,0,0,2.89376e-06,-3.6281e-08,4.37055e-05,-5.46506e-07,7.10239e-05,-8.88215e-07,32000,32000,32000,32000
9.388,0,0,0,2.89373e-06,-3.6285e-08,4.37049e-05,-5.46498e-07,7.1023e-05,-8.88204e-07,32000,32000,32000,32000
9.389,0,0,0,2.89369e-06,-3.62888e-08,4.37044e-05,-5.4649e-07,7.10221e-05,-8.88193e-07,32000,32000,32000,32000
9.39,0,0,0,2.89366e-06,-3.62923e-08,4.37038e-05,-5.46482e-07,7.10212e-05,-8.88182e-07,32000,32000,32000,32000
9.391,0,0,0,2.89362e-06,-3.62956e-08,4.37033e-05,-5.46474e-07,7.10203e-05,-8.88171e-07,32000,32000,32000,32000
9.392,0,0,0,2.89358e-06,-3.62986e-08,4.37028e-05,-5.46466e-07,7.10194e-05,-8.8816e-07,32000,32000,32000,32000
9.393,0,0,0,2.89355e-06,-3.63014e-08,4.37022e-05,-5.46458e-07,7.10186e-05,-8.88148e-07,32000,32000,32000,32000
9.394,0,0,0,2.89351e-06,-3.6304e-08,4.37017e-05,-5.46451e-07,7.10177e-05,-8.88137e-07,32000,32000,32000,32000
9.395,0,0,0,2.89347e-06,-3.63064e-08,4.37011e-05,-5.46443e-07,7.10168e-05,-8.88126e-07,32000,32000,32000,32000
9.396,0,0,0,2.89344e-06,-3.63086e-08,4.37006e-05,-5.46436e-07,7.10159e-05,-8.88115e-07,32000,32000,32000,32000
9.397,0,0,0,2.8934e-06,-3.63105e-08,4.37e-05,-5.46429e-07,7.1015e-05,-8.88104e-07,32000,32000,32000,32000
9.398,0,0,0,2.89337e-06,-3.63122e-08,4.36995e-05,-5.46421e-07,7.10141e-05,-8.88093e-07,32000,32000,32000,32000
9.399,0,0,0,2.89333e-06,-3.63138e-08,4.36989e-05,-5.46414e-07,7.10132e-05,-8.88082e-07,32000,32000,32000,32000
9.4,0,0,0,2.89329e-06,-3.63151e-08,4.36984e-05,-5.46407e-07,7.10123e-05,-8.88071e-07,32000,32000,32000,32000
9.401,0,0,0,2.89326e-06,-3.63163e-08,4.36978e-05,-5.464e-07,7.10115e-05,-8.8806e-07,32000,32000,32000,32000
9.402,0,0,0,2.89322e-06,-3.63172e-08,4.36973e-05,-5.46394e-07,7.10106e-05,-8.88049e-07,32000,32000,32000,32000
9.403,0,0,0,2.89318e-06,-3.6318e-08,4.36967e-05,-5.46387e-07,7.10097e-05,-8.88037e-07,32000,32000,32000,32000
9.404,0,0,0,2.89315e-06,-3.63186e-08,4.36962e-05,-5.4638e-07,7.10088e-05,-8.88026e-07,32000,32000,32000,32000
9.405,0,0,0,2.89311e-06,-3.63191e-08,4.36956e-05,-5.46373e-07,7.10079e-05,-8.88015e-07,32000,32000,32000,32000
9.406,0,0,0,2.89308e-06,-3.63193e-08,4.36951e-05,-5.46367e-07,7.1007e-05,-8.88004e-07,32000,32000,32000,32000
9.407,0,0,0,2.89304e-06,-3.63195e-08,4.36946e-05,-5.4636e-07,7.10061e-05,-8.87993e-07,32000,32000,32000,32000
9.408,0,0,0,2.893e-06,-3.63194e-08,4.3694e-05,-5.46354e-07,7.10052e-05,-8.87982e-07,32000,32000,32000,32000
9.409,0,0,0,2.89297e-06,-3.63192e-08,4.36935e-05,-5.46347e-07,7.10044e-05,-8.87971e-07,32000,32000,32000,32000
9.41,0,0,0,2.89293e-06,-3.63189e-08,4.36929e-05,-5.46341e-07,7.10035e-05,-8.8796e-07,32000,32000,32000,32000
9.411,0,0,0,2.89289e-06,-3.63185e-08,4.36924e-05,-5.46335e-07,7.10026e-05,-8.87949e-07,32000,32000,32000,32000
9.412,0,0,0,2.89286e-06,-3.63179e-08,4.36918e-05,-5.46329e-07,7.10017e-05,-8.87937e-07,32000,32000,32000,32000
9.413,0,0,0,2.89282e-06,-3.63171e-08,4.36913e-05,-5.46322e-07,7.10008e-05,-8.87926e-07,32000,32000,32000,32000
9.414,0,0,0,2.89278e-06,-3.63163e-08,4.36907e-05,-5.46316e-07,7.09999e-05,-8.87915e-07,32000,32000,32000,32000
9.415,0,0,0,2.89275e-06,-3.63153e-08,4.36902e-05,-5.4631e-07,7.0999e-05,-8.87904e-07,32000,32000,32000,32000
9.416,0,0,0,2.89271e-06,-3.63142e-08,4.36896e-05,-5.46304e-07,7.09981e-05,-8.87893e-07,32000,32000,32000,32000
9.417,0,0,0,2.89268e-06,-3.63131e-08,4.36891e-05,-5.46298e-07,7.09972e-05,-8.87882e-07,32000,32000,32000,32000
9.418,0,0,0,2.89264e-06,-3.63118e-08,4.36885e-05,-5.46292e-07,7.09964e-05,-8.87871e-07,32000,32000,32000,32000
9.419,0,0,0,2.8926e-06,-3.63104e-08,4.3688e-05,-5.46286e-07,7.09955e-05,-8.8786e-07,32000,32000,32000,32000
9.42,0,0,0,2.89257e-06,-3.63089e-08,4.36875e-05,-5.4628e-07,7.09946e-05,-8.87849e-07,32000,32000,32000,32000
9.421,0,0,0,2.89253e-06,-3.63073e-08,4.36869e-05,-5.46274e-07,7.09937e-05,-8.87838e-07,32000,32000,32000,32000
9.422,0,0,0,2.89249e-06,-3.63056e-08,4.36864e-05,-5.46269e-07,7.09928e-05,-8.87826e-07,32000,32000,32000,32000
9.423,0,0,0,2.89246e-06,-3.63039e-08,4.36858e-05,-5.46263e-07,7.09919e-05,-8.87815e-07,32000,32000,32000,32000
9.424,0,0,0,2.89242e-06,-3.6302e-08,4.36853e-05,-5.46257e-07,7.0991e-05,-8.87804e-07,32000,32000,32000,32000
9.425,0,0,0,2.89239e-06,-3.63001e-08,4.36847e-05,-5.46251e-07,7.09901e-05,-8.87793e-07,32000,32000,32000,32000
9.426,0,0,0,2.89235e-06,-3.62982e-08,4.36842e-05,-5.46246e-07,7.09893e-05,-8.87782e-07,32000,32000,32000,32000
9.427,0,0,0,2.89231e-06,-3.62961e-08,4.36836e-05,-5.4624e-07,7.09884e-05,-8.87771e-07,32000,32000,32000,32000
9.428,0,0,0,2.89228e-06,-3.6294e-08,4.36831e-05,-5.46234e-07,7.09875e-05,-8.8776e-07,32000,32000,32000,32000
9.429,0,0,0,2.89224e-06,-3.62919e-08,4.36825e-05,-5.46229e-07,7.09866e-05,-8.87749e-07,32000,32000,32000,32000
9.43,0,0,0,2.8922e-06,-3.62896e-08,4.3682e-05,-5.46223e-07,7.09857e-05,-8.87738e-07,32000,32000,32000,32000
9.431,0,0,0,2.89217e-06,-3.62874e-08,4.36814e-05,-5.46217e-07,7.09848e-05,-8.87727e-07,32000,32000,32000,32000
9.432,0,0,0,2.89213e-06,-3.6285e-08,4.36809e-05,-5.46212e-07,7.09839e-05,-8.87715e-07,32000,32000,32000,32000
9.433,0,0,0,2.89209e-06,-3.62827e-08,4.36804e-05,-5.46206e-07,7.0983e-05,-8.87704e-07,32000,32000,32000,32000
9.434,0,0,0,2.89206e-06,-3.62803e-08,4.36798e-05,-5.462e-07,7.09822e-05,-8.87693e-07,32000,32000,32000,32000
9.435,0,0,0,2.89202e-06,-3.62778e-08,4.36793e-05,-5.46195e-07,7.09813e-05,-8.87682e-07,32000,32000,32000,32000
9.436,0,0,0,2.89199e-06,-3.62754e-08,4.36787e-05,-5.46189e-07,7.09804e-05,-8.87671e-07,32000,32000,32000,32000
9.437,0,0,0,2.89195e-06,-3.62729e-08,4.36782e-05,-5.46184e-07,7.09795e-05,-8.8766e-07,32000,32000,32000,32000
9.438,0,0,0,2.89191e-06,-3.62703e-08,4.36776e-05,-5.46178e-07,7.09786e-05,-8.87649e-07,32000,32000,32000,32000
9.439,0,0,0,2.89188e-06,-3.62678e-08,4.36771e-05,-5.46172e-07,7.09777e-05,-8.87638e-07,32000,32000,32000,32000
9.44,0,0,0,2.89184e-06,-3.62652e-08,4.36765e-05,-5.46167e-07,7.09768e-05,-8.87627e-07,32000,32000,32000,32000
9.441,0,0,0,2.8918e-06,-3.62626e-08,4.3676e-05,-5.46161e-07,7.09759e-05,-8.87616e-07,32000,32000,32000,32000
9.442,0,0,0,2.89177e-06,-3.626e-08,4.36754e-05,-5.46156e-07,7.09751e-05,-8.87604e-07,32000,32000,32000,32000
9.443,0,0,0,2.89173e-06,-3.62573e-08,4.36749e-05,-5.4615e-07,7.09742e-05,-8.87593e-07,32000,32000,32000,32000
9.444,0,0,0,2.8917e-06,-3.62547e-08,4.36743e-05,-5.46144e-07,7.09733e-05,-8.87582e-07,32000,32000,32000,32000
9.445,0,0,0,2.89166e-06,-3.6252e-08,4.36738e-05,-5.46139e-07,7.09724e-05,-8.87571e-07,32000,32000,32000,32000
9.446,0,0,0,2.89162e-06,-3.62494e-08,4.36733e-05,-5.46133e-07,7.09715e-05,-8.8756e-07,32000,32000,32000,32000
9.447,0,0,0,2.89159e-06,-3.62467e-08,4.36727e-05,-5.46128e-07,7.09706e-05,-8.87549e-07,32000,32000,32000,32000
9.448,0,0,0,2.89155e-06,-3.62441e-08,4.36722e-05,-5.46122e-07,7.09697e-05,-8.87538e-07,32000,32000,32000,32000
9.449,0,0,0,2.89151e-06,-3.62414e-08,4.36716e-05,-5.46116e-07,7.09688e-05,-8.87527e-07,32000,32000,32000,32000
9.45,0,0,0,2.89148e-06,-3.62387e-08,4.36711e-05,-5.46111e-07,7.0968e-05,-8.87516e-07,32000,32000,32000,32000
9.451,0,0,0,2.89144e-06,-3.62361e-08,4.36705e-05,-5.46105e-07,7.09671e-05,-8.87505e-07,32000,32000,32000,32000
9.452,0,0,0,2.89141e-06,-3.62334e-08,4.367e-05,-5.46099e-07,7.09662e-05,-8.87493e-07,32000,32000,32000,32000
9.453,0,0,0,2.89137e-06,-3.62308e-08,4.36694e-05,-5.46094e-07,7.09653e-05,-8.87482e-07,32000,32000,32000,32000
9.454,0,0,0,2.89133e-06,-3.62281e-08,4.36689e-05,-5.46088e-07,7.09644e-05,-8.87471e-07,32000,32000,32000,32000
9.455,0,0,0,2.8913e-06,-3.62255e-08,4.36683e-05,-5.46082e-07,7.09635e-05,-8.8746e-07,32000,32000,32000,32000
9.456,0,0,0,2.89126e-06,-3.62229e-08,4.36678e-05,-5.46077e-07,7.09626e-05,-8.87449e-07,32000,32000,32000,32000
9.457,0,0,0,2.89122e-06,-3.62203e-08,4.36672e-05,-5.46071e-07,7.09617e-05,-8.87438e-07,32000,32000,32000,32000
9.458,0,0,0,2.89119e-06,-3.62177e-08,4.36667e-05,-5.46065e-07,7.09609e-05,-8.87427e-07,32000,32000,32000,32000
9.459,0,0,0,2.89115e-06,-3.62152e-08,4.36662e-05,-5.46059e-07,7.096e-05,-8.87416e-07,32000,32000,32000,32000
9.46,0,0,0,2.89112e-06,-3.62126e-08,4.36656e-05,-5.46054e-07,7.09591e-05,-8.87405e-07,32000,32000,32000,32000
9.461,0,0,0,2.89108e-06,-3.62101e-08,4.36651e-05,-5.46048e-07,7.09582e-05,-8.87394e-07,32000,32000,32000,32000
9.462,0,0,0,2.89104e-06,-3.62076e-08,4.36645e-05,-5.46042e-07,7.09573e-05,-8.87382e-07,32000,32000,32000,32000
9.463,0,0,0,2.89101e-06,-3.62052e-08,4.3664e-05,-5.46036e-07,7.09564e-05,-8.87371e-07,32000,32000,32000,32000
9.464,0,0,0,2.89097e-06,-3.62027e-08,4.36634e-05,-5.4603e-07,7.09555e-05,-8.8736e-07,32000,32000,32000,32000
9.465,0,0,0,2.89094e-06,-3.62003e-08,4.36629e-05,-5.46024e-07,7.09546e-05,-8.87349e-07,32000,32000,32000,32000
9.466,0,0,0,2.8909e-06,-3.61979e-08,4.36623e-05,-5.46019e-07,7.09538e-05,-8.87338e-07,32000,32000,32000,32000
9.467,0,0,0,2.89086e-06,-3.61955e-08,4.36618e-05,-5.46013e-07,7.09529e-05,-8.87327e-07,32000,32000,32000,32000
9.468,0,0,0,2.89083e-06,-3.61932e-08,4.36612e-05,-5.46007e-07,7.0952e-05,-8.87316e-07,32000,32000,32000,32000
9.469,0,0,0,2.89079e-06,-3.61909e-08,4.36607e-05,-5.46001e-07,7.09511e-05,-8.87305e-07,32000,32000,32000,32000
9.47,0,0,0,2.89075e-06,-3.61886e-08,4.36601e-05,-5.45995e-07,7.09502e-05,-8.87294e-07,32000,32000,32000,32000
9.471,0,0,0,2.89072e-06,-3.61863e-08,4.36596e-05,-5.45989e-07,7.09493e-05,-8.87283e-07,32000,32000,32000,32000
9.472,0,0,0,2.89068e-06,-3.61841e-08,4.36591e-05,-5.45983e-07,7.09484e-05,-8.87271e-07,32000,32000,32000,32000
9.473,0,0,0,2.89065e-06,-3.61819e-08,4.36585e-05,-5.45977e-07,7.09475e-05,-8.8726e-07,32000,32000,32000,32000
9.474,0,0,0,2.89061e-06,-3.61797e-08,4.3658e-05,-5.45971e-07,7.09467e-05,-8.87249e-07,32000,32000,32000,32000
9.475,0,0,0,2.89057e-06,-3.61776e-08,4.36574e-05,-5.45965e-07,7.09458e-05,-8.87238e-07,32000,32000,32000,32000
9.476,0,0,0,2.89054e-06,-3.61755e-08,4.36569e-05,-5.45959e-07,7.09449e-05,-8.87227e-07,32000,32000,32000,32000
9.477,0,0,0,2.8905e-06,-3.61734e-08,4.36563e-05,-5.45953e-07,7.0944e-05,-8.87216e-07,32000,32000,32000,32000
9.478,0,0,0,2.89046e-06,-3.61714e-08,4.36558e-05,-5.45947e-07,7.09431e-05,-8.87205e-07,32000,32000,32000,32000
9.479,0,0,0,2.89043e-06,-3.61694e-08,4.36552e-05,-5.4594e-07,7.09422e-05,-8.87194e-07,32000,32000,32000,32000
9.48,0,0,0,2.89039e-06,-3.61674e-08,4.36547e-05,-5.45934e-07,7.09413e-05,-8.87183e-07,32000,32000,32000,32000
9.481,0,0,0,2.89036e-06,-3.61655e-08,4.36541e-05,-5.45928e-07,7.09404e-05,-8.87172e-07,32000,32000,32000,32000
9.482,0,0,0,2.89032e-06,-3.61636e-08,4.36536e-05,-5.45922e-07,7.09396e-05,-8.87161e-07,32000,32000,32000,32000
9.483,0,0,0,2.89028e-06,-3.61618e-08,4.3653e-05,-5.45916e-07,7.09387e-05,-8.87149e-07,32000,32000,32000,32000
9.484,0,0,0,2.89025e-06,-3.61599e-08,4.36525e-05,-5.4591e-07,7.09378e-05,-8.87138e-07,32000,32000,32000,32000
9.485,0,0,0,2.89021e-06,-3.61582e-08,4.3652e-05,-5.45903e-07,7.09369e-05,-8.87127e-07,32000,32000,32000,32000
9.486,0,0,0,2.89018e-06,-3.61564e-08,4.36514e-05,-5.45897e-07,7.0936e-05,-8.87116e-07,32000,32000,32000,32000
9.487,0,0,0,2.89014e-06,-3.61547e-08,4.36509e-05,-5.45891e-07,7.09351e-05,-8.87105e-07,32000,32000,32000,32000
9.488,0,0,0,2.8901e-06,-3.6153e-08,4.36503e-05,-5.45885e-07,7.09342e-05,-8.87094e-07,32000,32000,32000,32000
9.489,0,0,0,2.89007e-06,-3.61513e-08,4.36498e-05,-5.45878e-07,7.09334e-05,-8.87083e-07,32000,32000,32000,32000
9.49,0,0,0,2.89003e-06,-3.61497e-08,4.36492e-05,-5.45872e-07,7.09325e-05,-8.87072e-07,32000,32000,32000,32000
9.491,0,0,0,2.88999e-06,-3.61481e-08,4.36487e-05,-5.45866e-07,7.09316e-05,-8.87061e-07,32000,32000,32000,32000
9.492,0,0,0,2.88996e-06,-3.61466e-08,4.36481e-05,-5.45859e-07,7.09307e-05,-8.8705e-07,32000,32000,32000,32000
9.493,0,0,0,2.88992e-06,-3.61451e-08,4.36476e-05,-5.45853e-07,7.09298e-05,-8.87038e-07,32000,32000,32000,32000
9.494,0,0,0,2.88989e-06,-3.61436e-08,4.3647e-05,-5.45846e-07,7.09289e-05,-8.87027e-07,32000,32000,32000,32000
9.495,0,0,0,2.88985e-06,-3.61422e-08,4.36465e-05,-5.4584e-07,7.0928e-05,-8.87016e-07,32000,32000,32000,32000
9.496,0,0,0,2.88981e-06,-3.61408e-08,4.3646e-05,-5.45833e-07,7.09271e-05,-8.87005e-07,32000,32000,32000,32000
9.497,0,0,0,2.88978e-06,-3.61394e-08,4.36454e-05,-5.45827e-07,7.09263e-05,-8.86994e-07,32000,32000,32000,32000
9.498,0,0,0,2.88974e-06,-3.6138e-08,4.36449e-05,-5.45821e-07,7.09254e-05,-8.86983e-07,32000,32000,32000,32000
9.499,0,0,0,2.88971e-06,-3.61367e-08,4.36443e-05,-5.45814e-07,7.09245e-05,-8.86972e-07,32000,32000,32000,32000
9.5,0,0,0,2.88967e-06,-3.61354e-08,4.36438e-05,-5.45808e-07,7.09236e-05,-8.86961e-07,32000,32000,32000,32000
9.501,0,0,0,2.88963e-06,-3.61342e-08,4.36432e-05,-5.45801e-07,7.09227e-05,-8.8695e-07,32000,32000,32000,32000
9.502,0,0,0,2.8896e-06,-3.6133e-08,4.36427e-05,-5.45795e-07,7.09218e-05,-8.86939e-07,32000,32000,32000,32000
9.503,0,0,0,2.88956e-06,-3.61318e-08,4.36421e-05,-5.45788e-07,7.09209e-05,-8.86928e-07,32000,32000,32000,32000
9.504,0,0,0,2.88952e-06,-3.61306e-08,4.36416e-05,-5.45781e-07,7.092e-05,-8.86916e-07,32000,32000,32000,32000
9.505,0,0,0,2.88949e-06,-3.61295e-08,4.3641e-05,-5.45775e-07,7.09192e-05,-8.86905e-07,32000,32000,32000,32000
9.506,0,0,0,2.88945e-06,-3.61284e-08,4.36405e-05,-5.45768e-07,7.09183e-05,-8.86894e-07,32000,32000,32000,32000
9.507,0,0,0,2.88942e-06,-3.61273e-08,4.36399e-05,-5.45762e-07,7.09174e-05,-8.86883e-07,32000,32000,32000,32000
9.508,0,0,0,2.88938e-06,-3.61263e-08,4.36394e-05,-5.45755e-07,7.09165e-05,-8.86872e-07,32000,32000,32000,32000
9.509,0,0,0,2.88934e-06,-3.61253e-08,4.36389e-05,-5.45748e-07,7.09156e-05,-8.86861e-07,32000,32000,32000,32000
9.51,0,0,0,2.88931e-06,-3.61243e-08,4.36383e-05,-5.45742e-07,7.09147e-05,-8.8685e-07,32000,32000,32000,32000
9.511,0,0,0,2.88927e-06,-3.61234e-08,4.36378e-05,-5.45735e-07,7.09138e-05,-8.86839e-07,32000,32000,32000,32000
9.512,0,0,0,2.88924e-06,-3.61224e-08,4.36372e-05,-5.45728e-07,7.0913e-05,-8.86828e-07,32000,32000,32000,32000
9.513,0,0,0,2.8892e-06,-3.61215e-08,4.36367e-05,-5.45722e-07,7.09121e-05,-8.86817e-07,32000,32000,32000,32000
9.514,0,0,0,2.88916e-06,-3.61207e-08,4.36361e-05,-5.45715e-07,7.09112e-05,-8.86806e-07,32000,32000,32000,32000
9.515,0,0,0,2.88913e-06,-3.61198e-08,4.36356e-05,-5.45708e-07,7.09103e-05,-8.86794e-07,32000,32000,32000,32000
9.516,0,0,0,2.88909e-06,-3.6119e-08,4.3635e-05,-5.45702e-07,7.09094e-05,-8.86783e-07,32000,32000,32000,32000
9.517,0,0,0,2.88906e-06,-3.61182e-08,4.36345e-05,-5.45695e-07,7.09085e-05,-8.86772e-07,32000,32000,32000,32000
9.518,0,0,0,2.88902e-06,-3.61174e-08,4.36339e-05,-5.45688e-07,7.09076e-05,-8.86761e-07,32000,32000,32000,32000
9.519,0,0,0,2.88898e-06,-3.61167e-08,4.36334e-05,-5.45681e-07,7.09067e-05,-8.8675e-07,32000,32000,32000,32000
9.52,0,0,0,2.88895e-06,-3.61159e-08,4.36329e-05,-5.45675e-07,7.09059e-05,-8.86739e-07,32000,32000,32000,32000
9.521,0,0,0,2.88891e-06,-3.61152e-08,4.36323e-05,-5.45668e-07,7.0905e-05,-8.86728e-07,32000,32000,32000,32000
9.522,0,0,0,2.88887e-06,-3.61146e-08,4.36318e-05,-5.45661e-07,7.09041e-05,-8.86717e-07,32000,32000,32000,32000
9.523,0,0,0,2.88884e-06,-3.61139e-08,4.36312e-05,-5.45654e-07,7.09032e-05,-8.86706e-07,32000,32000,32000,32000
9.524,0,0,0,2.8888e-06,-3.61132e-08,4.36307e-05,-5.45647e-07,7.09023e-05,-8.86695e-07,32000,32000,32000,32000
9.525,0,0,0,2.88877e-06,-3.61126e-08,4.36301e-05,-5.45641e-07,7.09014e-05,-8.86684e-07,32000,32000,32000,32000
9.526,0,0,0,2.88873e-06,-3.6112e-08,4.36296e-05,-5.45634e-07,7.09005e-05,-8.86672e-07,32000,32000,32000,32000
9.527,0,0,0,2.88869e-06,-3.61114e-08,4.3629e-05,-5.45627e-07,7.08996e-05,-8.86661e-07,32000,32000,32000,32000
9.528,0,0,0,2.88866e-06,-3.61109e-08,4.36285e-05,-5.4562e-07,7.08988e-05,-8.8665e-07,32000,32000,32000,32000
9.529,0,0,0,2.88862e-06,-3.61103e-08,4.36279e-05,-5.45613e-07,7.08979e-05,-8.86639e-07,32000,32000,32000,32000
9.53,0,0,0,2.88859e-06,-3.61098e-08,4.36274e-05,-5.45606e-07,7.0897e-05,-8.86628e-07,32000,32000,32000,32000
9.531,0,0,0,2.88855e-06,-3.61093e-08,4.36269e-05,-5.456e-07,7.08961e-05,-8.86617e-07,32000,32000,32000,32000
9.532,0,0,0,2.88851e-06,-3.61088e-08,4.36263e-05,-5.45593e-07,7.08952e-05,-8.86606e-07,32000,32000,32000,32000
9.533,0,0,0,2.88848e-06,-3.61083e-08,4.36258e-05,-5.45586e-07,7.08943e-05,-8.86595e-07,32000,32000,32000,32000
9.534,0,0,0,2.88844e-06,-3.61078e-08,4.36252e-05,-5.45579e-07,7.08934e-05,-8.86584e-07,32000,32000,32000,32000
9.535,0,0,0,2.88841e-06,-3.61074e-08,4.36247e-05,-5.45572e-07,7.08926e-05,-8.86573e-07,32000,32000,32000,32000
9.536,0,0,0,2.88837e-06,-3.61069e-08,4.36241e-05,-5.45565e-07,7.08917e-05,-8.86562e-07,32000,32000,32000,32000
9.537,0,0,0,2.88833e-06,-3.61065e-08,4.36236e-05,-5.45558e-07,7.08908e-05,-8.86551e-07,32000,32000,32000,32000
9.538,0,0,0,2.8883e-06,-3.61061e-08,4.3623e-05,-5.45551e-07,7.08899e-05,-8.86539e-07,32000,32000,32000,32000
9.539,0,0,0,2.88826e-06,-3.61057e-08,4.36225e-05,-5.45545e-07,7.0889e-05,-8.86528e-07,32000,32000,32000,32000
9.54,0,0,0,2.88822e-06,-3.61053e-08,4.36219e-05,-5.45538e-07,7.08881e-05,-8.86517e-07,32000,32000,32000,32000
9.541,0,0,0,2.88819e-06,-3.61049e-08,4.36214e-05,-5.45531e-07,7.08872e-05,-8.86506e-07,32000,32000,32000,32000
9.542,0,0,0,2.88815e-06,-3.61045e-08,4.36209e-05,-5.45524e-07,7.08864e-05,-8.86495e-07,32000,32000,32000,32000
9.543,0,0,0,2.88812e-06,-3.61042e-08,4.36203e-05,-5.45517e-07,7.08855e-05,-8.86484e-07,32000,32000,32000,32000
9.544,0,0,0,2.88808e-06,-3.61038e-08,4.36198e-05,-5.4551e-07,7.08846e-05,-8.86473e-07,32000,32000,32000,32000
9.545,0,0,0,2.88804e-06,-3.61035e-08,4.36192e-05,-5.45503e-07,7.08837e-05,-8.86462e-07,32000,32000,32000,32000
9.546,0,0,0,2.88801e-06,-3.61032e-08,4.36187e-05,-5.45496e-07,7.08828e-05,-8.86451e-07,32000,32000,32000,32000
9.547,0,0,0,2.88797e-06,-3.61029e-08,4.36181e-05,-5.45489e-07,7.08819e-05,-8.8644e-07,32000,32000,32000,32000
9.548,0,0,0,2.88794e-06,-3.61025e-08,4.36176e-05,-5.45482e-07,7.0881e-05,-8.86429e-07,32000,32000,32000,32000
9.549,0,0,0,2.8879e-06,-3.61022e-08,4.3617e-05,-5.45475e-07,7.08801e-05,-8.86417e-07,32000,32000,32000,32000
9.55,0,0,0,2.88786e-06,-3.61019e-08,4.36165e-05,-5.45468e-07,7.08793e-05,-8.86406e-07,32000,32000,32000,32000
9.551,0,0,0,2.88783e-06,-3.61017e-08,4.36159e-05,-5.45461e-07,7.08784e-05,-8.86395e-07,32000,32000,32000,32000
9.552,0,0,0,2.88779e-06,-3.61014e-08,4.36154e-05,-5.45455e-07,7.08775e-05,-8.86384e-07,32000,32000,32000,32000
9.553,0,0,0,2.88776e-06,-3.61011e-08,4.36149e-05,-5.45448e-07,7.08766e-05,-8.86373e-07,32000,32000,32000,32000
9.554,0,0,0,2.88772e-06,-3.61008e-08,4.36143e-05,-5.45441e-07,7.08757e-05,-8.86362e-07,32000,32000,32000,32000
9.555,0,0,0,2.88768e-06,-3.61006e-08,4.36138e-05,-5.45434e-07,7.08748e-05,-8.86351e-07,32000,32000,32000,32000
9.556,0,0,0,2.88765e-06,-3.61003e-08,4.36132e-05,-5.45427e-07,7.08739e-05,-8.8634e-07,32000,32000,32000,32000
9.557,0,0,0,2.88761e-06,-3.61001e-08,4.36127e-05,-5.4542e-07,7.08731e-05,-8.86329e-07,32000,32000,32000,32000
9.558,0,0,0,2.88757e-06,-3.60998e-08,4.36121e-05,-5.45413e-07,7.08722e-05,-8.86318e-07,32000,32000,32000,32000
9.559,0,0,0,2.88754e-06,-3.60996e-08,4.36116e-05,-5.45406e-07,7.08713e-05,-8.86307e-07,32000,32000,32000,32000
9.56,0,0,0,2.8875e-06,-3.60993e-08,4.3611e-05,-5.45399e-07,7.08704e-05,-8.86296e-07,32000,32000,32000,32000
9.561,0,0,0,2.88747e-06,-3.60991e-08,4.36105e-05,-5.45392e-07,7.08695e-05,-8.86284e-07,32000,32000,32000,32000
9.562,0,0,0,2.88743e-06,-3.60989e-08,4.36099e-05,-5.45385e-07,7.08686e-05,-8.86273e-07,32000,32000,32000,32000
9.563,0,0,0,2.88739e-06,-3.60986e-08,4.36094e-05,-5.45378e-07,7.08677e-05,-8.86262e-07,32000,32000,32000,32000
9.564,0,0,0,2.88736e-06,-3.60984e-08,4.36089e-05,-5.45371e-07,7.08669e-05,-8.86251e-07,32000,32000,32000,32000
9.565,0,0,0,2.88732e-06,-3.60982e-08,4.36083e-05,-5.45364e-07,7.0866e-05,-8.8624e-07,32000,32000,32000,32000
9.566,0,0,0,2.88729e-06,-3.60979e-08,4.36078e-05,-5.45357e-07,7.08651e-05,-8.86229e-07,32000,32000,32000,32000
9.567,0,0,0,2.88725e-06,-3.60977e-08,4.36072e-05,-5.4535e-07,7.08642e-05,-8.86218e-07,32000,32000,32000,32000
9.568,0,0,0,2.88721e-06,-3.60975e-08,4.36067e-05,-5.45343e-07,7.08633e-05,-8.86207e-07,32000,32000,32000,32000
9.569,0,0,0,2.88718e-06,-3.60973e-08,4.36061e-05,-5.45336e-07,7.08624e-05,-8.86196e-07,32000,32000,32000,32000
9.57,0,0,0,2.88714e-06,-3.6097e-08,4.36056e-05,-5.45329e-07,7.08615e-05,-8.86185e-07,32000,32000,32000,32000
9.571,0,0,0,2.88711e-06,-3.60968e-08,4.3605e-05,-5.45323e-07,7.08606e-05,-8.86174e-07,32000,32000,32000,32000
9.572,0,0,0,2.88707e-06,-3.60966e-08,4.36045e-05,-5.45316e-07,7.08598e-05,-8.86163e-07,32000,32000,32000,32000
9.573,0,0,0,2.88703e-06,-3.60964e-08,4.36039e-05,-5.45309e-07,7.08589e-05,-8.86151e-07,32000,32000,32000,32000
9.574,0,0,0,2.887e-06,-3.60962e-08,4.36034e-05,-5.45302e-07,7.0858e-05,-8.8614e-07,32000,32000,32000,32000
9.575,0,0,0,2.88696e-06,-3.60959e-08,4.36029e-05,-5.45295e-07,7.08571e-05,-8.86129e-07,32000,32000,32000,32000
9.576,0,0,0,2.88693e-06,-3.60957e-08,4.36023e-05,-5.45288e-07,7.08562e-05,-8.86118e-07,32000,32000,32000,32000
9.577,0,0,0,2.88689e-06,-3.60955e-08,4.36018e-05,-5.45281e-07,7.08553e-05,-8.86107e-07,32000,32000,32000,32000
9.578,0,0,0,2.88685e-06,-3.60953e-08,4.36012e-05,-5.45274e-07,7.08544e-05,-8.86096e-07,32000,32000,32000,32000
9.579,0,0,0,2.88682e-06,-3.6095e-08,4.36007e-05,-5.45267e-07,7.08536e-05,-8.86085e-07,32000,32000,32000,32000
9.58,0,0,0,2.88678e-06,-3.60948e-08,4.36001e-05,-5.4526e-07,7.08527e-05,-8.86074e-07,32000,32000,32000,32000
9.581,0,0,0,2.88674e-06,-3.60946e-08,4.35996e-05,-5.45253e-07,7.08518e-05,-8.86063e-07,32000,32000,32000,32000
9.582,0,0,0,2.88671e-06,-3.60944e-08,4.3599e-05,-5.45246e-07,7.08509e-05,-8.86052e-07,32000,32000,32000,32000
9.583,0,0,0,2.88667e-06,-3.60941e-08,4.35985e-05,-5.45239e-07,7.085e-05,-8.86041e-07,32000,32000,32000,32000
9.584,0,0,0,2.88664e-06,-3.60939e-08,4.35979e-05,-5.45232e-07,7.08491e-05,-8.8603e-07,32000,32000,32000,32000
9.585,0,0,0,2.8866e-06,-3.60937e-08,4.35974e-05,-5.45225e-07,7.08482e-05,-8.86018e-07,32000,32000,32000,32000
9.586,0,0,0,2.88656e-06,-3.60934e-08,4.35969e-05,-5.45218e-07,7.08474e-05,-8.86007e-07,32000,32000,32000,32000
9.587,0,0,0,2.88653e-06,-3.60932e-08,4.35963e-05,-5.45212e-07,7.08465e-05,-8.85996e-07,32000,32000,32000,32000
9.588,0,0,0,2.88649e-06,-3.60929e-08,4.35958e-05,-5.45205e-07,7.08456e-05,-8.85985e-07,32000,32000,32000,32000
9.589,0,0,0,2.88646e-06,-3.60927e-08,4.35952e-05,-5.45198e-07,7.08447e-05,-8.85974e-07,32000,32000,32000,32000
9.59,0,0,0,2.88642e-06,-3.60925e-08,4.35947e-05,-5.45191e-07,7.08438e-05,-8.85963e-07,32000,32000,32000,32000
9.591,0,0,0,2.88638e-06,-3.60922e-08,4.35941e-05,-5.45184e-07,7.08429e-05,-8.85952e-07,32000,32000,32000,32000
9.592,0,0,0,2.88635e-06,-3.60919e-08,4.35936e-05,-5.45177e-07,7.0842e-05,-8.85941e-07,32000,32000,32000,32000
9.593,0,0,0,2.88631e-06,-3.60917e-08,4.3593e-05,-5.4517e-07,7.08412e-05,-8.8593e-07,32000,32000,32000,32000
9.594,0,0,0,2.88628e-06,-3.60914e-08,4.35925e-05,-5.45163e-07,7.08403e-05,-8.85919e-07,32000,32000,32000,32000
9.595,0,0,0,2.88624e-06,-3.60912e-08,4.35919e-05,-5.45156e-07,7.08394e-05,-8.85908e-07,32000,32000,32000,32000
9.596,0,0,0,2.8862e-06,-3.60909e-08,4.35914e-05,-5.45149e-07,7.08385e-05,-8.85897e-07,32000,32000,32000,32000
9.597,0,0,0,2.88617e-06,-3.60906e-08,4.35909e-05,-5.45142e-07,7.08376e-05,-8.85886e-07,32000,32000,32000,32000
9.598,0,0,0,2.88613e-06,-3.60904e-08,4.35903e-05,-5.45136e-07,7.08367e-05,-8.85874e-07,32000,32000,32000,32000
9.599,0,0,0,2.88609e-06,-3.60901e-08,4.35898e-05,-5.45129e-07,7.08358e-05,-8.85863e-07,32000,32000,32000,32000
9.6,0,0,0,2.88606e-06,-3.60898e-08,4.35892e-05,-5.45122e-07,7.0835e-05,-8.85852e-07,32000,32000,32000,32000
9.601,0,0,0,2.88602e-06,-3.60895e-08,4.35887e-05,-5.45115e-07,7.08341e-05,-8.85841e-07,32000,32000,32000,32000
9.602,0,0,0,2.88599e-06,-3.60892e-08,4.35881e-05,-5.45108e-07,7.08332e-05,-8.8583e-07,32000,32000,32000,32000
9.603,0,0,0,2.88595e-06,-3.6089e-08,4.35876e-05,-5.45101e-07,7.08323e-05,-8.85819e-07,32000,32000,32000,32000
9.604,0,0,0,2.88591e-06,-3.60887e-08,4.3587e-05,-5.45094e-07,7.08314e-05,-8.85808e-07,32000,32000,32000,32000
9.605,0,0,0,2.88588e-06,-3.60884e-08,4.35865e-05,-5.45087e-07,7.08305e-05,-8.85797e-07,32000,32000,32000,32000
9.606,0,0,0,2.88584e-06,-3.60881e-08,4.3586e-05,-5.4508e-07,7.08296e-05,-8.85786e-07,32000,32000,32000,32000
9.607,0,0,0,2.88581e-06,-3.60878e-08,4.35854e-05,-5.45073e-07,7.08288e-05,-8.85775e-07,32000,32000,32000,32000
9.608,0,0,0,2.88577e-06,-3.60875e-08,4.35849e-05,-5.45067e-07,7.08279e-05,-8.85764e-07,32000,32000,32000,32000
9.609,0,0,0,2.88573e-06,-3.60871e-08,4.35843e-05,-5.4506e-07,7.0827e-05,-8.85753e-07,32000,32000,32000,32000
9.61,0,0,0,2.8857e-06,-3.60868e-08,4.35838e-05,-5.45053e-07,7.08261e-05,-8.85742e-07,32000,32000,32000,32000
9.611,0,0,0,2.88566e-06,-3.60865e-08,4.35832e-05,-5.45046e-07,7.08252e-05,-8.8573e-07,32000,32000,32000,32000
9.612,0,0,0,2.88563e-06,-3.60862e-08,4.35827e-05,-5.45039e-07,7.08243e-05,-8.85719e-07,32000,32000,32000,32000
9.613,0,0,0,2.88559e-06,-3.60859e-08,4.35821e-05,-5.45032e-07,7.08234e-05,-8.85708e-07,32000,32000,32000,32000
9.614,0,0,0,2.88555e-06,-3.60855e-08,4.35816e-05,-5.45025e-07,7.08226e-05,-8.85697e-07,32000,32000,32000,32000
9.615,0,0,0,2.88552e-06,-3.60852e-08,4.3581e-05,-5.45019e-07,7.08217e-05,-8.85686e-07,32000,32000,32000,32000
9.616,0,0,0,2.88548e-06,-3.60849e-08,4.35805e-05,-5.45012e-07,7.08208e-05,-8.85675e-07,32000,32000,32000,32000
9.617,0,0,0,2.88545e-06,-3.60845e-08,4.358e-05,-5.45005e-07,7.08199e-05,-8.85664e-07,32000,32000,32000,32000
9.618,0,0,0,2.88541e-06,-3.60842e-08,4.35794e-05,-5.44998e-07,7.0819e-05,-8.85653e-07,32000,32000,32000,32000
9.619,0,0,0,2.88537e-06,-3.60838e-08,4.35789e-05,-5.44991e-07,7.08181e-05,-8.85642e-07,32000,32000,32000,32000
9.62,0,0,0,2.88534e-06,-3.60835e-08,4.35783e-05,-5.44984e-07,7.08172e-05,-8.85631e-07,32000,32000,32000,32000
9.621,0,0,0,2.8853e-06,-3.60831e-08,4.35778e-05,-5.44977e-07,7.08164e-05,-8.8562e-07,32000,32000,32000,32000
9.622,0,0,0,2.88526e-06,-3.60828e-08,4.35772e-05,-5.4497e-07,7.08155e-05,-8.85609e-07,32000,32000,32000,32000
9.623,0,0,0,2.88523e-06,-3.60824e-08,4.35767e-05,-5.44964e-07,7.08146e-05,-8.85598e-07,32000,32000,32000,32000
9.624,0,0,0,2.88519e-06,-3.60821e-08,4.35761e-05,-5.44957e-07,7.08137e-05,-8.85586e-07,32000,32000,32000,32000
9.625,0,0,0,2.88516e-06,-3.60817e-08,4.35756e-05,-5.4495e-07,7.08128e-05,-8.85575e-07,32000,32000,32000,32000
9.626,0,0,0,2.88512e-06,-3.60813e-08,4.35751e-05,-5.44943e-07,7.08119e-05,-8.85564e-07,32000,32000,32000,32000
9.627,0,0,0,2.88508e-06,-3.60809e-08,4.35745e-05,-5.44936e-07,7.0811e-05,-8.85553e-07,32000,32000,32000,32000
9.628,0,0,0,2.88505e-06,-3.60806e-08,4.3574e-05,-5.44929e-07,7.08102e-05,-8.85542e-07,32000,32000,32000,32000
9.629,0,0,0,2.88501e-06,-3.60802e-08,4.35734e-05,-5.44923e-07,7.08093e-05,-8.85531e-07,32000,32000,32000,32000
9.63,0,0,0,2.88498e-06,-3.60798e-08,4.35729e-05,-5.44916e-07,7.08084e-05,-8.8552e-07,32000,32000,32000,32000
9.631,0,0,0,2.88494e-06,-3.60794e-08,4.35723e-05,-5.44909e-07,7.08075e-05,-8.85509e-07,32000,32000,32000,32000
9.632,0,0,0,2.8849e-06,-3.6079e-08,4.35718e-05,-5.44902e-07,7.08066e-05,-8.85498e-07,32000,32000,32000,32000
9.633,0,0,0,2.88487e-06,-3.60786e-08,4.35712e-05,-5.44895e-07,7.08057e-05,-8.85487e-07,32000,32000,32000,32000
9.634,0,0,0,2.88483e-06,-3.60782e-08,4.35707e-05,-5.44888e-07,7.08048e-05,-8.85476e-07,32000,32000,32000,32000
9.635,0,0,0,2.8848e-06,-3.60778e-08,4.35701e-05,-5.44882e-07,7.0804e-05,-8.85465e-07,32000,32000,32000,32000
9.636,0,0,0,2.88476e-06,-3.60774e-08,4.35696e-05,-5.44875e-07,7.08031e-05,-8.85454e-07,32000,32000,32000,32000
9.637,0,0,0,2.88472e-06,-3.6077e-08,4.35691e-05,-5.44868e-07,7.08022e-05,-8.85443e-07,32000,32000,32000,32000
9.638,0,0,0,2.88469e-06,-3.60766e-08,4.35685e-05,-5.44861e-07,7.08013e-05,-8.85431e-07,32000,32000,32000,32000
9.639,0,0,0,2.88465e-06,-3.60762e-08,4.3568e-05,-5.44854e-07,7.08004e-05,-8.8542e-07,32000,32000,32000,32000
9.64,0,0,0,2.88462e-06,-3.60758e-08,4.35674e-05,-5.44847e-07,7.07995e-05,-8.85409e-07,32000,32000,32000,32000
9.641,0,0,0,2.88458e-06,-3.60754e-08,4.35669e-05,-5.44841e-07,7.07986e-05,-8.85398e-07,32000,32000,32000,32000
9.642,0,0,0,2.88454e-06,-3.6075e-08,4.35663e-05,-5.44834e-07,7.07978e-05,-8.85387e-07,32000,32000,32000,32000
9.643,0,0,0,2.88451e-06,-3.60746e-08,4.35658e-05,-5.44827e-07,7.07969e-05,-8.85376e-07,32000,32000,32000,32000
9.644,0,0,0,2.88447e-06,-3.60741e-08,4.35652e-05,-5.4482e-07,7.0796e-05,-8.85365e-07,32000,32000,32000,32000
9.645,0,0,0,2.88444e-06,-3.60737e-08,4.35647e-05,-5.44813e-07,7.07951e-05,-8.85354e-07,32000,32000,32000,32000
9.646,0,0,0,2.8844e-06,-3.60733e-08,4.35642e-05,-5.44807e-07,7.07942e-05,-8.85343e-07,32000,32000,32000,32000
9.647,0,0,0,2.88436e-06,-3.60729e-08,4.35636e-05,-5.448e-07,7.07933e-05,-8.85332e-07,32000,32000,32000,32000
9.648,0,0,0,2.88433e-06,-3.60724e-08,4.35631e-05,-5.44793e-07,7.07924e-05,-8.85321e-07,32000,32000,32000,32000
9.649,0,0,0,2.88429e-06,-3.6072e-08,4.35625e-05,-5.44786e-07,7.07916e-05,-8.8531e-07,32000,32000,32000,32000
9.65,0,0,0,2.88425e-06,-3.60716e-08,4.3562e-05,-5.44779e-07,7.07907e-05,-8.85299e-07,32000,32000,32000,32000
9.651,0,0,0,2.88422e-06,-3.60711e-08,4.35614e-05,-5.44772e-07,7.07898e-05,-8.85287e-07,32000,32000,32000,32000
9.652,0,0,0,2.88418e-06,-3.60707e-08,4.35609e-05,-5.44766e-07,7.07889e-05,-8.85276e-07,32000,32000,32000,32000
9.653,0,0,0,2.88415e-06,-3.60702e-08,4.35603e-05,-5.44759e-07,7.0788e-05,-8.85265e-07,32000,32000,32000,32000
9.654,0,0,0,2.88411e-06,-3.60698e-08,4.35598e-05,-5.44752e-07,7.07871e-05,-8.85254e-07,32000,32000,32000,32000
9.655,0,0,0,2.88407e-06,-3.60694e-08,4.35593e-05,-5.44745e-07,7.07862e-05,-8.85243e-07,32000,32000,32000,32000
9.656,0,0,0,2.88404e-06,-3.60689e-08,4.35587e-05,-5.44738e-07,7.07854e-05,-8.85232e-07,32000,32000,32000,32000
9.657,0,0,0,2.884e-06,-3.60685e-08,4.35582e-05,-5.44732e-07,7.07845e-05,-8.85221e-07,32000,32000,32000,32000
9.658,0,0,0,2.88397e-06,-3.6068e-08,4.35576e-05,-5.44725e-07,7.07836e-05,-8.8521e-07,32000,32000,32000,32000
9.659,0,0,0,2.88393e-06,-3.60676e-08,4.35571e-05,-5.44718e-07,7.07827e-05,-8.85199e-07,32000,32000,32000,32000
9.66,0,0,0,2.88389e-06,-3.60671e-08,4.35565e-05,-5.44711e-07,7.07818e-05,-8.85188e-07,32000,32000,32000,32000
9.661,0,0,0,2.88386e-06,-3.60667e-08,4.3556e-05,-5.44704e-07,7.07809e-05,-8.85177e-07,32000,32000,32000,32000
9.662,0,0,0,2.88382e-06,-3.60662e-08,4.35554e-05,-5.44698e-07,7.07801e-05,-8.85166e-07,32000,32000,32000,32000
9.663,0,0,0,2.88379e-06,-3.60657e-08,4.35549e-05,-5.44691e-07,7.07792e-05,-8.85155e-07,32000,32000,32000,32000
9.664,0,0,0,2.88375e-06,-3.60653e-08,4.35544e-05,-5.44684e-07,7.07783e-05,-8.85144e-07,32000,32000,32000,32000
9.665,0,0,0,2.88371e-06,-3.60648e-08,4.35538e-05,-5.44677e-07,7.07774e-05,-8.85133e-07,32000,32000,32000,32000
9.666,0,0,0,2.88368e-06,-3.60644e-08,4.35533e-05,-5.4467e-07,7.07765e-05,-8.85121e-07,32000,32000,32000,32000
9.667,0,0,0,2.88364e-06,-3.60639e-08,4.35527e-05,-5.44664e-07,7.07756e-05,-8.8511e-07,32000,32000,32000,32000
9.668,0,0,0,2.88361e-06,-3.60635e-08,4.35522e-05,-5.44657e-07,7.07747e-05,-8.85099e-07,32000,32000,32000,32000
9.669,0,0,0,2.88357e-06,-3.6063e-08,4.35516e-05,-5.4465e-07,7.07739e-05,-8.85088e-07,32000,32000,32000,32000
9.67,0,0,0,2.88353e-06,-3.60625e-08,4.35511e-05,-5.44643e-07,7.0773e-05,-8.85077e-07,32000,32000,32000,32000
9.671,0,0,0,2.8835e-06,-3.60621e-08,4.35505e-05,-5.44636e-07,7.07721e-05,-8.85066e-07,32000,32000,32000,32000
9.672,0,0,0,2.88346e-06,-3.60616e-08,4.355e-05,-5.4463e-07,7.07712e-05,-8.85055e-07,32000,32000,32000,32000
9.673,0,0,0,2.88343e-06,-3.60611e-08,4.35494e-05,-5.44623e-07,7.07703e-05,-8.85044e-07,32000,32000,32000,32000
9.674,0,0,0,2.88339e-06,-3.60607e-08,4.35489e-05,-5.44616e-07,7.07694e-05,-8.85033e-07,32000,32000,32000,32000
9.675,0,0,0,2.88335e-06,-3.60602e-08,4.35484e-05,-5.44609e-07,7.07685e-05,-8.85022e-07,32000,32000,32000,32000
9.676,0,0,0,2.88332e-06,-3.60597e-08,4.35478e-05,-5.44602e-07,7.07677e-05,-8.85011e-07,32000,32000,32000,32000
9.677,0,0,0,2.88328e-06,-3.60593e-08,4.35473e-05,-5.44596e-07,7.07668e-05,-8.85e-07,32000,32000,32000,32000
9.678,0,0,0,2.88325e-06,-3.60588e-08,4.35467e-05,-5.44589e-07,7.07659e-05,-8.84989e-07,32000,32000,32000,32000
9.679,0,0,0,2.88321e-06,-3.60583e-08,4.35462e-05,-5.44582e-07,7.0765e-05,-8.84978e-07,32000,32000,32000,32000
9.68,0,0,0,2.88317e-06,-3.60578e-08,4.35456e-05,-5.44575e-07,7.07641e-05,-8.84966e-07,32000,32000,32000,32000
9.681,0,0,0,2.88314e-06,-3.60574e-08,4.35451e-05,-5.44568e-07,7.07632e-05,-8.84955e-07,32000,32000,32000,32000
9.682,0,0,0,2.8831e-06,-3.60569e-08,4.35445e-05,-5.44562e-07,7.07624e-05,-8.84944e-07,32000,32000,32000,32000
9.683,0,0,0,2.88306e-06,-3.60564e-08,4.3544e-05,-5.44555e-07,7.07615e-05,-8.84933e-07,32000,32000,32000,32000
9.684,0,0,0,2.88303e-06,-3.6056e-08,4.35435e-05,-5.44548e-07,7.07606e-05,-8.84922e-07,32000,32000,32000,32000
9.685,0,0,0,2.88299e-06,-3.60555e-08,4.35429e-05,-5.44541e-07,7.07597e-05,-8.84911e-07,32000,32000,32000,32000
9.686,0,0,0,2.88296e-06,-3.6055e-08,4.35424e-05,-5.44534e-07,7.07588e-05,-8.849e-07,32000,32000,32000,32000
9.687,0,0,0,2.88292e-06,-3.60545e-08,4.35418e-05,-5.44528e-07,7.07579e-05,-8.84889e-07,32000,32000,32000,32000
9.688,0,0,0,2.88288e-06,-3.60541e-08,4.35413e-05,-5.44521e-07,7.0757e-05,-8.84878e-07,32000,32000,32000,32000
9.689,0,0,0,2.88285e-06,-3.60536e-08,4.35407e-05,-5.44514e-07,7.07562e-05,-8.84867e-07,32000,32000,32000,32000
9.69,0,0,0,2.88281e-06,-3.60531e-08,4.35402e-05,-5.44507e-07,7.07553e-05,-8.84856e-07,32000,32000,32000,32000
9.691,0,0,0,2.88278e-06,-3.60526e-08,4.35396e-05,-5.445e-07,7.07544e-05,-8.84845e-07,32000,32000,32000,32000
9.692,0,0,0,2.88274e-06,-3.60522e-08,4.35391e-05,-5.44494e-07,7.07535e-05,-8.84834e-07,32000,32000,32000,32000
9.693,0,0,0,2.8827e-06,-3.60517e-08,4.35386e-05,-5.44487e-07,7.07526e-05,-8.84823e-07,32000,32000,32000,32000
9.694,0,0,0,2.88267e-06,-3.60512e-08,4.3538e-05,-5.4448e-07,7.07517e-05,-8.84812e-07,32000,32000,32000,32000
9.695,0,0,0,2.88263e-06,-3.60507e-08,4.35375e-05,-5.44473e-07,7.07508e-05,-8.848e-07,32000,32000,32000,32000
9.696,0,0,0,2.8826e-06,-3.60503e-08,4.35369e-05,-5.44466e-07,7.075e-05,-8.84789e-07,32000,32000,32000,32000
9.697,0,0,0,2.88256e-06,-3.60498e-08,4.35364e-05,-5.4446e-07,7.07491e-05,-8.84778e-07,32000,32000,32000,32000
9.698,0,0,0,2.88252e-06,-3.60493e-08,4.35358e-05,-5.44453e-07,7.07482e-05,-8.84767e-07,32000,32000,32000,32000
9.699,0,0,0,2.88249e-06,-3.60488e-08,4.35353e-05,-5.44446e-07,7.07473e-05,-8.84756e-07,32000,32000,32000,32000
9.7,0,0,0,2.88245e-06,-3.60484e-08,4.35347e-05,-5.44439e-07,7.07464e-05,-8.84745e-07,32000,32000,32000,32000
9.701,0,0,0,2.88242e-06,-3.60479e-08,4.35342e-05,-5.44432e-07,7.07455e-05,-8.84734e-07,32000,32000,32000,32000
9.702,0,0,0,2.88238e-06,-3.60474e-08,4.35337e-05,-5.44426e-07,7.07447e-05,-8.84723e-07,32000,32000,32000,32000
9.703,0,0,0,2.88234e-06,-3.60469e-08,4.35331e-05,-5.44419e-07,7.07438e-05,-8.84712e-07,32000,32000,32000,32000
9.704,0,0,0,2.88231e-06,-3.60465e-08,4.35326e-05,-5.44412e-07,7.07429e-05,-8.84701e-07,32000,32000,32000,32000
9.705,0,0,0,2.88227e-06,-3.6046e-08,4.3532e-05,-5.44405e-07,7.0742e-05,-8.8469e-07,32000,32000,32000,32000
9.706,0,0,0,2.88224e-06,-3.60455e-08,4.35315e-05,-5.44398e-07,7.07411e-05,-8.84679e-07,32000,32000,32000,32000
9.707,0,0,0,2.8822e-06,-3.6045e-08,4.35309e-05,-5.44392e-07,7.07402e-05,-8.84668e-07,32000,32000,32000,32000
9.708,0,0,0,2.88216e-06,-3.60446e-08,4.35304e-05,-5.44385e-07,7.07393e-05,-8.84657e-07,32000,32000,32000,32000
9.709,0,0,0,2.88213e-06,-3.60441e-08,4.35298e-05,-5.44378e-07,7.07385e-05,-8.84646e-07,32000,32000,32000,32000
9.71,0,0,0,2.88209e-06,-3.60436e-08,4.35293e-05,-5.44371e-07,7.07376e-05,-8.84635e-07,32000,32000,32000,32000
9.711,0,0,0,2.88206e-06,-3.60432e-08,4.35288e-05,-5.44364e-07,7.07367e-05,-8.84623e-07,32000,32000,32000,32000
9.712,0,0,0,2.88202e-06,-3.60427e-08,4.35282e-05,-5.44358e-07,7.07358e-05,-8.84612e-07,32000,32000,32000,32000
9.713,0,0,0,2.88198e-06,-3.60422e-08,4.35277e-05,-5.44351e-07,7.07349e-05,-8.84601e-07,32000,32000,32000,32000
9.714,0,0,0,2.88195e-06,-3.60417e-08,4.35271e-05,-5.44344e-07,7.0734e-05,-8.8459e-07,32000,32000,32000,32000
9.715,0,0,0,2.88191e-06,-3.60413e-08,4.35266e-05,-5.44337e-07,7.07332e-05,-8.84579e-07,32000,32000,32000,32000
9.716,0,0,0,2.88188e-06,-3.60408e-08,4.3526e-05,-5.4433e-07,7.07323e-05,-8.84568e-07,32000,32000,32000,32000
9.717,0,0,0,2.88184e-06,-3.60403e-08,4.35255e-05,-5.44324e-07,7.07314e-05,-8.84557e-07,32000,32000,32000,32000
9.718,0,0,0,2.8818e-06,-3.60398e-08,4.35249e-05,-5.44317e-07,7.07305e-05,-8.84546e-07,32000,32000,32000,32000
9.719,0,0,0,2.88177e-06,-3.60394e-08,4.35244e-05,-5.4431e-07,7.07296e-05,-8.84535e-07,32000,32000,32000,32000
9.72,0,0,0,2.88173e-06,-3.60389e-08,4.35239e-05,-5.44303e-07,7.07287e-05,-8.84524e-07,32000,32000,32000,32000
9.721,0,0,0,2.88169e-06,-3.60384e-08,4.35233e-05,-5.44296e-07,7.07278e-05,-8.84513e-07,32000,32000,32000,32000
9.722,0,0,0,2.88166e-06,-3.6038e-08,4.35228e-05,-5.4429e-07,7.0727e-05,-8.84502e-07,32000,32000,32000,32000
9.723,0,0,0,2.88162e-06,-3.60375e-08,4.35222e-05,-5.44283e-07,7.07261e-05,-8.84491e-07,32000,32000,32000,32000
9.724,0,0,0,2.88159e-06,-3.6037e-08,4.35217e-05,-5.44276e-07,7.07252e-05,-8.8448e-07,32000,32000,32000,32000
9.725,0,0,0,2.88155e-06,-3.60366e-08,4.35211e-05,-5.44269e-07,7.07243e-05,-8.84469e-07,32000,32000,32000,32000
9.726,0,0,0,2.88151e-06,-3.60361e-08,4.35206e-05,-5.44262e-07,7.07234e-05,-8.84458e-07,32000,32000,32000,32000
9.727,0,0,0,2.88148e-06,-3.60356e-08,4.352e-05,-5.44256e-07,7.07225e-05,-8.84446e-07,32000,32000,32000,32000
9.728,0,0,0,2.88144e-06,-3.60352e-08,4.35195e-05,-5.44249e-07,7.07217e-05,-8.84435e-07,32000,32000,32000,32000
9.729,0,0,0,2.88141e-06,-3.60347e-08,4.3519e-05,-5.44242e-07,7.07208e-05,-8.84424e-07,32000,32000,32000,32000
9.73,0,0,0,2.88137e-06,-3.60342e-08,4.35184e-05,-5.44235e-07,7.07199e-05,-8.84413e-07,32000,32000,32000,32000
9.731,0,0,0,2.88133e-06,-3.60338e-08,4.35179e-05,-5.44228e-07,7.0719e-05,-8.84402e-07,32000,32000,32000,32000
9.732,0,0,0,2.8813e-06,-3.60333e-08,4.35173e-05,-5.44222e-07,7.07181e-05,-8.84391e-07,32000,32000,32000,32000
9.733,0,0,0,2.88126e-06,-3.60328e-08,4.35168e-05,-5.44215e-07,7.07172e-05,-8.8438e-07,32000,32000,32000,32000
9.734,0,0,0,2.88123e-06,-3.60324e-08,4.35162e-05,-5.44208e-07,7.07163e-05,-8.84369e-07,32000,32000,32000,32000
9.735,0,0,0,2.88119e-06,-3.60319e-08,4.35157e-05,-5.44201e-07,7.07155e-05,-8.84358e-07,32000,32000,32000,32000
9.736,0,0,0,2.88115e-06,-3.60314e-08,4.35152e-05,-5.44194e-07,7.07146e-05,-8.84347e-07,32000,32000,32000,32000
9.737,0,0,0,2.88112e-06,-3.6031e-08,4.35146e-05,-5.44188e-07,7.07137e-05,-8.84336e-07,32000,32000,32000,32000
9.738,0,0,0,2.88108e-06,-3.60305e-08,4.35141e-05,-5.44181e-07,7.07128e-05,-8.84325e-07,32000,32000,32000,32000
9.739,0,0,0,2.88105e-06,-3.603e-08,4.35135e-05,-5.44174e-07,7.07119e-05,-8.84314e-07,32000,32000,32000,32000
9.74,0,0,0,2.88101e-06,-3.60296e-08,4.3513e-05,-5.44167e-07,7.0711e-05,-8.84303e-07,32000,32000,32000,32000
9.741,0,0,0,2.88097e-06,-3.60291e-08,4.35124e-05,-5.4416e-07,7.07102e-05,-8.84292e-07,32000,32000,32000,32000
9.742,0,0,0,2.88094e-06,-3.60287e-08,4.35119e-05,-5.44154e-07,7.07093e-05,-8.84281e-07,32000,32000,32000,32000
9.743,0,0,0,2.8809e-06,-3.60282e-08,4.35113e-05,-5.44147e-07,7.07084e-05,-8.8427e-07,32000,32000,32000,32000
9.744,0,0,0,2.88087e-06,-3.60277e-08,4.35108e-05,-5.4414e-07,7.07075e-05,-8.84258e-07,32000,32000,32000,32000
9.745,0,0,0,2.88083e-06,-3.60273e-08,4.35103e-05,-5.44133e-07,7.07066e-05,-8.84247e-07,32000,32000,32000,32000
9.746,0,0,0,2.88079e-06,-3.60268e-08,4.35097e-05,-5.44126e-07,7.07057e-05,-8.84236e-07,32000,32000,32000,32000
9.747,0,0,0,2.88076e-06,-3.60264e-08,4.35092e-05,-5.4412e-07,7.07049e-05,-8.84225e-07,32000,32000,32000,32000
9.748,0,0,0,2.88072e-06,-3.60259e-08,4.35086e-05,-5.44113e-07,7.0704e-05,-8.84214e-07,32000,32000,32000,32000
9.749,0,0,0,2.88069e-06,-3.60254e-08,4.35081e-05,-5.44106e-07,7.07031e-05,-8.84203e-07,32000,32000,32000,32000
9.75,0,0,0,2.88065e-06,-3.6025e-08,4.35075e-05,-5.44099e-07,7.07022e-05,-8.84192e-07,32000,32000,32000,32000
9.751,0,0,0,2.88061e-06,-3.60245e-08,4.3507e-05,-5.44092e-07,7.07013e-05,-8.84181e-07,32000,32000,32000,32000
9.752,0,0,0,2.88058e-06,-3.60241e-08,4.35064e-05,-5.44086e-07,7.07004e-05,-8.8417e-07,32000,32000,32000,32000
9.753,0,0,0,2.88054e-06,-3.60236e-08,4.35059e-05,-5.44079e-07,7.06995e-05,-8.84159e-07,32000,32000,32000,32000
9.754,0,0,0,2.88051e-06,-3.60231e-08,4.35054e-05,-5.44072e-07,7.06987e-05,-8.84148e-07,32000,32000,32000,32000
9.755,0,0,0,2.88047e-06,-3.60227e-08,4.35048e-05,-5.44065e-07,7.06978e-05,-8.84137e-07,32000,32000,32000,32000
9.756,0,0,0,2.88043e-06,-3.60222e-08,4.35043e-05,-5.44058e-07,7.06969e-05,-8.84126e-07,32000,32000,32000,32000
9.757,0,0,0,2.8804e-06,-3.60218e-08,4.35037e-05,-5.44052e-07,7.0696e-05,-8.84115e-07,32000,32000,32000,32000
9.758,0,0,0,2.88036e-06,-3.60213e-08,4.35032e-05,-5.44045e-07,7.06951e-05,-8.84104e-07,32000,32000,32000,32000
9.759,0,0,0,2.88033e-06,-3.60209e-08,4.35026e-05,-5.44038e-07,7.06942e-05,-8.84093e-07,32000,32000,32000,32000
9.76,0,0,0,2.88029e-06,-3.60204e-08,4.35021e-05,-5.44031e-07,7.06934e-05,-8.84082e-07,32000,32000,32000,32000
9.761,0,0,0,2.88025e-06,-3.60199e-08,4.35015e-05,-5.44024e-07,7.06925e-05,-8.8407e-07,32000,32000,32000,32000
9.762,0,0,0,2.88022e-06,-3.60195e-08,4.3501e-05,-5.44018e-07,7.06916e-05,-8.84059e-07,32000,32000,32000,32000
9.763,0,0,0,2.88018e-06,-3.6019e-08,4.35005e-05,-5.44011e-07,7.06907e-05,-8.84048e-07,32000,32000,32000,32000
9.764,0,0,0,2.88015e-06,-3.60186e-08,4.34999e-05,-5.44004e-07,7.06898e-05,-8.84037e-07,32000,32000,32000,32000
9.765,0,0,0,2.88011e-06,-3.60181e-08,4.34994e-05,-5.43997e-07,7.06889e-05,-8.84026e-07,32000,32000,32000,32000
9.766,0,0,0,2.88007e-06,-3.60177e-08,4.34988e-05,-5.4399e-07,7.06881e-05,-8.84015e-07,32000,32000,32000,32000
9.767,0,0,0,2.88004e-06,-3.60172e-08,4.34983e-05,-5.43984e-07,7.06872e-05,-8.84004e-07,32000,32000,32000,32000
9.768,0,0,0,2.88e-06,-3.60168e-08,4.34977e-05,-5.43977e-07,7.06863e-05,-8.83993e-07,32000,32000,32000,32000
9.769,0,0,0,2.87997e-06,-3.60163e-08,4.34972e-05,-5.4397e-07,7.06854e-05,-8.83982e-07,32000,32000,32000,32000
9.77,0,0,0,2.87993e-06,-3.60159e-08,4.34967e-05,-5.43963e-07,7.06845e-05,-8.83971e-07,32000,32000,32000,32000
9.771,0,0,0,2.87989e-06,-3.60154e-08,4.34961e-05,-5.43956e-07,7.06836e-05,-8.8396e-07,32000,32000,32000,32000
9.772,0,0,0,2.87986e-06,-3.6015e-08,4.34956e-05,-5.4395e-07,7.06828e-05,-8.83949e-07,32000,32000,32000,32000
9.773,0,0,0,2.87982e-06,-3.60145e-08,4.3495e-05,-5.43943e-07,7.06819e-05,-8.83938e-07,32000,32000,32000,32000
9.774,0,0,0,2.87979e-06,-3.60141e-08,4.34945e-05,-5.43936e-07,7.0681e-05,-8.83927e-07,32000,32000,32000,32000
9.775,0,0,0,2.87975e-06,-3.60136e-08,4.34939e-05,-5.43929e-07,7.06801e-05,-8.83916e-07,32000,32000,32000,32000
9.776,0,0,0,2.87971e-06,-3.60131e-08,4.34934e-05,-5.43922e-07,7.06792e-05,-8.83905e-07,32000,32000,32000,32000
9.777,0,0,0,2.87968e-06,-3.60127e-08,4.34928e-05,-5.43916e-07,7.06783e-05,-8.83894e-07,32000,32000,32000,32000
9.778,0,0,0,2.87964e-06,-3.60122e-08,4.34923e-05,-5.43909e-07,7.06774e-05,-8.83883e-07,32000,32000,32000,32000
9.779,0,0,0,2.87961e-06,-3.60118e-08,4.34918e-05,-5.43902e-07,7.06766e-05,-8.83872e-07,32000,32000,32000,32000
9.78,0,0,0,2.87957e-06,-3.60113e-08,4.34912e-05,-5.43895e-07,7.06757e-05,-8.8386e-07,32000,32000,32000,32000
9.781,0,0,0,2.87953e-06,-3.60109e-08,4.34907e-05,-5.43888e-07,7.06748e-05,-8.83849e-07,32000,32000,32000,32000
9.782,0,0,0,2.8795e-06,-3.60104e-08,4.34901e-05,-5.43882e-07,7.06739e-05,-8.83838e-07,32000,32000,32000,32000
9.783,0,0,0,2.87946e-06,-3.601e-08,4.34896e-05,-5.43875e-07,7.0673e-05,-8.83827e-07,32000,32000,32000,32000
9.784,0,0,0,2.87943e-06,-3.60095e-08,4.3489e-05,-5.43868e-07,7.06721e-05,-8.83816e-07,32000,32000,32000,32000
9.785,0,0,0,2.87939e-06,-3.60091e-08,4.34885e-05,-5.43861e-07,7.06713e-05,-8.83805e-07,32000,32000,32000,32000
9.786,0,0,0,2.87935e-06,-3.60086e-08,4.34879e-05,-5.43854e-07,7.06704e-05,-8.83794e-07,32000,32000,32000,32000
9.787,0,0,0,2.87932e-06,-3.60082e-08,4.34874e-05,-5.43848e-07,7.06695e-05,-8.83783e-07,32000,32000,32000,32000
9.788,0,0,0,2.87928e-06,-3.60077e-08,4.34869e-05,-5.43841e-07,7.06686e-05,-8.83772e-07,32000,32000,32000,32000
9.789,0,0,0,2.87925e-06,-3.60073e-08,4.34863e-05,-5.43834e-07,7.06677e-05,-8.83761e-07,32000,32000,32000,32000
9.79,0,0,0,2.87921e-06,-3.60068e-08,4.34858e-05,-5.43827e-07,7.06668e-05,-8.8375e-07,32000,32000,32000,32000
9.791,0,0,0,2.87917e-06,-3.60064e-08,4.34852e-05,-5.4382e-07,7.0666e-05,-8.83739e-07,32000,32000,32000,32000
9.792,0,0,0,2.87914e-06,-3.60059e-08,4.34847e-05,-5.43814e-07,7.06651e-05,-8.83728e-07,32000,32000,32000,32000
9.793,0,0,0,2.8791e-06,-3.60055e-08,4.34841e-05,-5.43807e-07,7.06642e-05,-8.83717e-07,32000,32000,32000,32000
9.794,0,0,0,2.87907e-06,-3.6005e-08,4.34836e-05,-5.438e-07,7.06633e-05,-8.83706e-07,32000,32000,32000,32000
9.795,0,0,0,2.87903e-06,-3.60046e-08,4.34831e-05,-5.43793e-07,7.06624e-05,-8.83695e-07,32000,32000,32000,32000
9.796,0,0,0,2.87899e-06,-3.60041e-08,4.34825e-05,-5.43786e-07,7.06615e-05,-8.83684e-07,32000,32000,32000,32000
9.797,0,0,0,2.87896e-06,-3.60037e-08,4.3482e-05,-5.4378e-07,7.06607e-05,-8.83673e-07,32000,32000,32000,32000
9.798,0,0,0,2.87892e-06,-3.60032e-08,4.34814e-05,-5.43773e-07,7.06598e-05,-8.83662e-07,32000,32000,32000,32000
9.799,0,0,0,2.87889e-06,-3.60028e-08,4.34809e-05,-5.43766e-07,7.06589e-05,-8.8365e-07,32000,32000,32000,32000
9.8,0,0,0,2.87885e-06,-3.60024e-08,4.34803e-05,-5.43759e-07,7.0658e-05,-8.83639e-07,32000,32000,32000,32000
9.801,0,0,0,2.87881e-06,-3.60019e-08,4.34798e-05,-5.43752e-07,7.06571e-05,-8.83628e-07,32000,32000,32000,32000
9.802,0,0,0,2.87878e-06,-3.60015e-08,4.34792e-05,-5.43746e-07,7.06562e-05,-8.83617e-07,32000,32000,32000,32000
9.803,0,0,0,2.87874e-06,-3.6001e-08,4.34787e-05,-5.43739e-07,7.06554e-05,-8.83606e-07,32000,32000,32000,32000
9.804,0,0,0,2.87871e-06,-3.60006e-08,4.34782e-05,-5.43732e-07,7.06545e-05,-8.83595e-07,32000,32000,32000,32000
9.805,0,0,0,2.87867e-06,-3.60001e-08,4.34776e-05,-5.43725e-07,7.06536e-05,-8.83584e-07,32000,32000,32000,32000
9.806,0,0,0,2.87863e-06,-3.59997e-08,4.34771e-05,-5.43718e-07,7.06527e-05,-8.83573e-07,32000,32000,32000,32000
9.807,0,0,0,2.8786e-06,-3.59992e-08,4.34765e-05,-5.43712e-07,7.06518e-05,-8.83562e-07,32000,32000,32000,32000
9.808,0,0,0,2.87856e-06,-3.59988e-08,4.3476e-05,-5.43705e-07,7.06509e-05,-8.83551e-07,32000,32000,32000,32000
9.809,0,0,0,2.87853e-06,-3.59983e-08,4.34754e-05,-5.43698e-07,7.06501e-05,-8.8354e-07,32000,32000,32000,32000
9.81,0,0,0,2.87849e-06,-3.59979e-08,4.34749e-05,-5.43691e-07,7.06492e-05,-8.83529e-07,32000,32000,32000,32000
9.811,0,0,0,2.87845e-06,-3.59974e-08,4.34744e-05,-5.43684e-07,7.06483e-05,-8.83518e-07,32000,32000,32000,32000
9.812,0,0,0,2.87842e-06,-3.5997e-08,4.34738e-05,-5.43678e-07,7.06474e-05,-8.83507e-07,32000,32000,32000,32000
9.813,0,0,0,2.87838e-06,-3.59965e-08,4.34733e-05,-5.43671e-07,7.06465e-05,-8.83496e-07,32000,32000,32000,32000
9.814,0,0,0,2.87835e-06,-3.59961e-08,4.34727e-05,-5.43664e-07,7.06456e-05,-8.83485e-07,32000,32000,32000,32000
9.815,0,0,0,2.87831e-06,-3.59956e-08,4.34722e-05,-5.43657e-07,7.06448e-05,-8.83474e-07,32000,32000,32000,32000
9.816,0,0,0,2.87827e-06,-3.59952e-08,4.34716e-05,-5.4365e-07,7.06439e-05,-8.83463e-07,32000,32000,32000,32000
9.817,0,0,0,2.87824e-06,-3.59947e-08,4.34711e-05,-5.43644e-07,7.0643e-05,-8.83452e-07,32000,32000,32000,32000
9.818,0,0,0,2.8782e-06,-3.59943e-08,4.34706e-05,-5.43637e-07,7.06421e-05,-8.83441e-07,32000,32000,32000,32000
9.819,0,0,0,2.87817e-06,-3.59938e-08,4.347e-05,-5.4363e-07,7.06412e-05,-8.83429e-07,32000,32000,32000,32000
9.82,0,0,0,2.87813e-06,-3.59934e-08,4.34695e-05,-5.43623e-07,7.06403e-05,-8.83418e-07,32000,32000,32000,32000
9.821,0,0,0,2.87809e-06,-3.59929e-08,4.34689e-05,-5.43616e-07,7.06395e-05,-8.83407e-07,32000,32000,32000,32000
9.822,0,0,0,2.87806e-06,-3.59925e-08,4.34684e-05,-5.4361e-07,7.06386e-05,-8.83396e-07,32000,32000,32000,32000
9.823,0,0,0,2.87802e-06,-3.59921e-08,4.34678e-05,-5.43603e-07,7.06377e-05,-8.83385e-07,32000,32000,32000,32000
9.824,0,0,0,2.87799e-06,-3.59916e-08,4.34673e-05,-5.43596e-07,7.06368e-05,-8.83374e-07,32000,32000,32000,32000
9.825,0,0,0,2.87795e-06,-3.59912e-08,4.34667e-05,-5.43589e-07,7.06359e-05,-8.83363e-07,32000,32000,32000,32000
9.826,0,0,0,2.87791e-06,-3.59907e-08,4.34662e-05,-5.43582e-07,7.0635e-05,-8.83352e-07,32000,32000,32000,32000
9.827,0,0,0,2.87788e-06,-3.59903e-08,4.34657e-05,-5.43576e-07,7.06342e-05,-8.83341e-07,32000,32000,32000,32000
9.828,0,0,0,2.87784e-06,-3.59898e-08,4.34651e-05,-5.43569e-07,7.06333e-05,-8.8333e-07,32000,32000,32000,32000
9.829,0,0,0,2.87781e-06,-3.59894e-08,4.34646e-05,-5.43562e-07,7.06324e-05,-8.83319e-07,32000,32000,32000,32000
9.83,0,0,0,2.87777e-06,-3.59889e-08,4.3464e-05,-5.43555e-07,7.06315e-05,-8.83308e-07,32000,32000,32000,32000
9.831,0,0,0,2.87773e-06,-3.59885e-08,4.34635e-05,-5.43548e-07,7.06306e-05,-8.83297e-07,32000,32000,32000,32000
9.832,0,0,0,2.8777e-06,-3.5988e-08,4.34629e-05,-5.43542e-07,7.06297e-05,-8.83286e-07,32000,32000,32000,32000
9.833,0,0,0,2.87766e-06,-3.59876e-08,4.34624e-05,-5.43535e-07,7.06289e-05,-8.83275e-07,32000,32000,32000,32000
9.834,0,0,0,2.87763e-06,-3.59871e-08,4.34619e-05,-5.43528e-07,7.0628e-05,-8.83264e-07,32000,32000,32000,32000
9.835,0,0,0,2.87759e-06,-3.59867e-08,4.34613e-05,-5.43521e-07,7.06271e-05,-8.83253e-07,32000,32000,32000,32000
9.836,0,0,0,2.87755e-06,-3.59862e-08,4.34608e-05,-5.43514e-07,7.06262e-05,-8.83242e-07,32000,32000,32000,32000
9.837,0,0,0,2.87752e-06,-3.59858e-08,4.34602e-05,-5.43508e-07,7.06253e-05,-8.83231e-07,32000,32000,32000,32000
9.838,0,0,0,2.87748e-06,-3.59853e-08,4.34597e-05,-5.43501e-07,7.06244e-05,-8.8322e-07,32000,32000,32000,32000
9.839,0,0,0,2.87745e-06,-3.59849e-08,4.34591e-05,-5.43494e-07,7.06236e-05,-8.83209e-07,32000,32000,32000,32000
9.84,0,0,0,2.87741e-06,-3.59844e-08,4.34586e-05,-5.43487e-07,7.06227e-05,-8.83198e-07,32000,32000,32000,32000
9.841,0,0,0,2.87737e-06,-3.5984e-08,4.3458e-05,-5.4348e-07,7.06218e-05,-8.83186e-07,32000,32000,32000,32000
9.842,0,0,0,2.87734e-06,-3.59835e-08,4.34575e-05,-5.43474e-07,7.06209e-05,-8.83175e-07,32000,32000,32000,32000
9.843,0,0,0,2.8773e-06,-3.59831e-08,4.3457e-05,-5.43467e-07,7.062e-05,-8.83164e-07,32000,32000,32000,32000
9.844,0,0,0,2.87727e-06,-3.59827e-08,4.34564e-05,-5.4346e-07,7.06191e-05,-8.83153e-07,32000,32000,32000,32000
9.845,0,0,0,2.87723e-06,-3.59822e-08,4.34559e-05,-5.43453e-07,7.06183e-05,-8.83142e-07,32000,32000,32000,32000
9.846,0,0,0,2.87719e-06,-3.59818e-08,4.34553e-05,-5.43446e-07,7.06174e-05,-8.83131e-07,32000,32000,32000,32000
9.847,0,0,0,2.87716e-06,-3.59813e-08,4.34548e-05,-5.4344e-07,7.06165e-05,-8.8312e-07,32000,32000,32000,32000
9.848,0,0,0,2.87712e-06,-3.59809e-08,4.34542e-05,-5.43433e-07,7.06156e-05,-8.83109e-07,32000,32000,32000,32000
9.849,0,0,0,2.87709e-06,-3.59804e-08,4.34537e-05,-5.43426e-07,7.06147e-05,-8.83098e-07,32000,32000,32000,32000
9.85,0,0,0,2.87705e-06,-3.598e-08,4.34532e-05,-5.43419e-07,7.06138e-05,-8.83087e-07,32000,32000,32000,32000
9.851,0,0,0,2.87701e-06,-3.59795e-08,4.34526e-05,-5.43412e-07,7.0613e-05,-8.83076e-07,32000,32000,32000,32000
9.852,0,0,0,2.87698e-06,-3.59791e-08,4.34521e-05,-5.43406e-07,7.06121e-05,-8.83065e-07,32000,32000,32000,32000
9.853,0,0,0,2.87694e-06,-3.59786e-08,4.34515e-05,-5.43399e-07,7.06112e-05,-8.83054e-07,32000,32000,32000,32000
9.854,0,0,0,2.87691e-06,-3.59782e-08,4.3451e-05,-5.43392e-07,7.06103e-05,-8.83043e-07,32000,32000,32000,32000
9.855,0,0,0,2.87687e-06,-3.59777e-08,4.34504e-05,-5.43385e-07,7.06094e-05,-8.83032e-07,32000,32000,32000,32000
9.856,0,0,0,2.87683e-06,-3.59773e-08,4.34499e-05,-5.43378e-07,7.06085e-05,-8.83021e-07,32000,32000,32000,32000
9.857,0,0,0,2.8768e-06,-3.59768e-08,4.34494e-05,-5.43372e-07,7.06077e-05,-8.8301e-07,32000,32000,32000,32000
9.858,0,0,0,2.87676e-06,-3.59764e-08,4.34488e-05,-5.43365e-07,7.06068e-05,-8.82999e-07,32000,32000,32000,32000
9.859,0,0,0,2.87673e-06,-3.59759e-08,4.34483e-05,-5.43358e-07,7.06059e-05,-8.82988e-07,32000,32000,32000,32000
9.86,0,0,0,2.87669e-06,-3.59755e-08,4.34477e-05,-5.43351e-07,7.0605e-05,-8.82977e-07,32000,32000,32000,32000
9.861,0,0,0,2.87665e-06,-3.5975e-08,4.34472e-05,-5.43344e-07,7.06041e-05,-8.82966e-07,32000,32000,32000,32000
9.862,0,0,0,2.87662e-06,-3.59746e-08,4.34466e-05,-5.43338e-07,7.06032e-05,-8.82955e-07,32000,32000,32000,32000
9.863,0,0,0,2.87658e-06,-3.59741e-08,4.34461e-05,-5.43331e-07,7.06024e-05,-8.82944e-07,32000,32000,32000,32000
9.864,0,0,0,2.87655e-06,-3.59737e-08,4.34456e-05,-5.43324e-07,7.06015e-05,-8.82932e-07,32000,32000,32000,32000
9.865,0,0,0,2.87651e-06,-3.59732e-08,4.3445e-05,-5.43317e-07,7.06006e-05,-8.82921e-07,32000,32000,32000,32000
9.866,0,0,0,2.87647e-06,-3.59728e-08,4.34445e-05,-5.4331e-07,7.05997e-05,-8.8291e-07,32000,32000,32000,32000
9.867,0,0,0,2.87644e-06,-3.59723e-08,4.34439e-05,-5.43304e-07,7.05988e-05,-8.82899e-07,32000,32000,32000,32000
9.868,0,0,0,2.8764e-06,-3.59719e-08,4.34434e-05,-5.43297e-07,7.05979e-05,-8.82888e-07,32000,32000,32000,32000
9.869,0,0,0,2.87637e-06,-3.59714e-08,4.34428e-05,-5.4329e-07,7.05971e-05,-8.82877e-07,32000,32000,32000,32000
9.87,0,0,0,2.87633e-06,-3.5971e-08,4.34423e-05,-5.43283e-07,7.05962e-05,-8.82866e-07,32000,32000,32000,32000
9.871,0,0,0,2.87629e-06,-3.59705e-08,4.34417e-05,-5.43277e-07,7.05953e-05,-8.82855e-07,32000,32000,32000,32000
9.872,0,0,0,2.87626e-06,-3.59701e-08,4.34412e-05,-5.4327e-07,7.05944e-05,-8.82844e-07,32000,32000,32000,32000
9.873,0,0,0,2.87622e-06,-3.59696e-08,4.34407e-05,-5.43263e-07,7.05935e-05,-8.82833e-07,32000,32000,32000,32000
9.874,0,0,0,2.87619e-06,-3.59692e-08,4.34401e-05,-5.43256e-07,7.05926e-05,-8.82822e-07,32000,32000,32000,32000
9.875,0,0,0,2.87615e-06,-3.59687e-08,4.34396e-05,-5.43249e-07,7.05918e-05,-8.82811e-07,32000,32000,32000,32000
9.876,0,0,0,2.87611e-06,-3.59683e-08,4.3439e-05,-5.43243e-07,7.05909e-05,-8.828e-07,32000,32000,32000,32000
9.877,0,0,0,2.87608e-06,-3.59678e-08,4.34385e-05,-5.43236e-07,7.059e-05,-8.82789e-07,32000,32000,32000,32000
9.878,0,0,0,2.87604e-06,-3.59674e-08,4.34379e-05,-5.43229e-07,7.05891e-05,-8.82778e-07,32000,32000,32000,32000
9.879,0,0,0,2.87601e-06,-3.5967e-08,4.34374e-05,-5.43222e-07,7.05882e-05,-8.82767e-07,32000,32000,32000,32000
9.88,0,0,0,2.87597e-06,-3.59665e-08,4.34369e-05,-5.43215e-07,7.05874e-05,-8.82756e-07,32000,32000,32000,32000
9.881,0,0,0,2.87593e-06,-3.59661e-08,4.34363e-05,-5.43209e-07,7.05865e-05,-8.82745e-07,32000,32000,32000,32000
9.882,0,0,0,2.8759e-06,-3.59656e-08,4.34358e-05,-5.43202e-07,7.05856e-05,-8.82734e-07,32000,32000,32000,32000
9.883,0,0,0,2.87586e-06,-3.59652e-08,4.34352e-05,-5.43195e-07,7.05847e-05,-8.82723e-07,32000,32000,32000,32000
9.884,0,0,0,2.87583e-06,-3.59647e-08,4.34347e-05,-5.43188e-07,7.05838e-05,-8.82712e-07,32000,32000,32000,32000
9.885,0,0,0,2.87579e-06,-3.59643e-08,4.34341e-05,-5.43181e-07,7.05829e-05,-8.82701e-07,32000,32000,32000,32000
9.886,0,0,0,2.87575e-06,-3.59638e-08,4.34336e-05,-5.43175e-07,7.05821e-05,-8.8269e-07,32000,32000,32000,32000
9.887,0,0,0,2.87572e-06,-3.59634e-08,4.34331e-05,-5.43168e-07,7.05812e-05,-8.82679e-07,32000,32000,32000,32000
9.888,0,0,0,2.87568e-06,-3.59629e-08,4.34325e-05,-5.43161e-07,7.05803e-05,-8.82668e-07,32000,32000,32000,32000
9.889,0,0,0,2.87565e-06,-3.59625e-08,4.3432e-05,-5.43154e-07,7.05794e-05,-8.82656e-07,32000,32000,32000,32000
9.89,0,0,0,2.87561e-06,-3.5962e-08,4.34314e-05,-5.43147e-07,7.05785e-05,-8.82645e-07,32000,32000,32000,32000
9.891,0,0,0,2.87558e-06,-3.59616e-08,4.34309e-05,-5.43141e-07,7.05776e-05,-8.82634e-07,32000,32000,32000,32000
9.892,0,0,0,2.87554e-06,-3.59611e-08,4.34303e-05,-5.43134e-07,7.05768e-05,-8.82623e-07,32000,32000,32000,32000
9.893,0,0,0,2.8755e-06,-3.59607e-08,4.34298e-05,-5.43127e-07,7.05759e-05,-8.82612e-07,32000,32000,32000,32000
9.894,0,0,0,2.87547e-06,-3.59602e-08,4.34293e-05,-5.4312e-07,7.0575e-05,-8.82601e-07,32000,32000,32000,32000
9.895,0,0,0,2.87543e-06,-3.59598e-08,4.34287e-05,-5.43113e-07,7.05741e-05,-8.8259e-07,32000,32000,32000,32000
9.896,0,0,0,2.8754e-06,-3.59593e-08,4.34282e-05,-5.43107e-07,7.05732e-05,-8.82579e-07,32000,32000,32000,32000
9.897,0,0,0,2.87536e-06,-3.59589e-08,4.34276e-05,-5.431e-07,7.05723e-05,-8.82568e-07,32000,32000,32000,32000
9.898,0,0,0,2.87532e-06,-3.59584e-08,4.34271e-05,-5.43093e-07,7.05715e-05,-8.82557e-07,32000,32000,32000,32000
9.899,0,0,0,2.87529e-06,-3.5958e-08,4.34265e-05,-5.43086e-07,7.05706e-05,-8.82546e-07,32000,32000,32000,32000
9.9,0,0,0,2.87525e-06,-3.59575e-08,4.3426e-05,-5.4308e-07,7.05697e-05,-8.82535e-07,32000,32000,32000,32000
9.901,0,0,0,2.87522e-06,-3.59571e-08,4.34255e-05,-5.43073e-07,7.05688e-05,-8.82524e-07,32000,32000,32000,32000
9.902,0,0,0,2.87518e-06,-3.59566e-08,4.34249e-05,-5.43066e-07,7.05679e-05,-8.82513e-07,32000,32000,32000,32000
9.903,0,0,0,2.87514e-06,-3.59562e-08,4.34244e-05,-5.43059e-07,7.0567e-05,-8.82502e-07,32000,32000,32000,32000
9.904,0,0,0,2.87511e-06,-3.59557e-08,4.34238e-05,-5.43052e-07,7.05662e-05,-8.82491e-07,32000,32000,32000,32000
9.905,0,0,0,2.87507e-06,-3.59553e-08,4.34233e-05,-5.43046e-07,7.05653e-05,-8.8248e-07,32000,32000,32000,32000
9.906,0,0,0,2.87504e-06,-3.59548e-08,4.34227e-05,-5.43039e-07,7.05644e-05,-8.82469e-07,32000,32000,32000,32000
9.907,0,0,0,2.875e-06,-3.59544e-08,4.34222e-05,-5.43032e-07,7.05635e-05,-8.82458e-07,32000,32000,32000,32000
9.908,0,0,0,2.87496e-06,-3.59539e-08,4.34217e-05,-5.43025e-07,7.05626e-05,-8.82447e-07,32000,32000,32000,32000
9.909,0,0,0,2.87493e-06,-3.59535e-08,4.34211e-05,-5.43018e-07,7.05618e-05,-8.82436e-07,32000,32000,32000,32000
9.91,0,0,0,2.87489e-06,-3.5953e-08,4.34206e-05,-5.43012e-07,7.05609e-05,-8.82425e-07,32000,32000,32000,32000
9.911,0,0,0,2.87486e-06,-3.59526e-08,4.342e-05,-5.43005e-07,7.056e-05,-8.82414e-07,32000,32000,32000,32000
9.912,0,0,0,2.87482e-06,-3.59521e-08,4.34195e-05,-5.42998e-07,7.05591e-05,-8.82403e-07,32000,32000,32000,32000
9.913,0,0,0,2.87478e-06,-3.59517e-08,4.34189e-05,-5.42991e-07,7.05582e-05,-8.82392e-07,32000,32000,32000,32000
9.914,0,0,0,2.87475e-06,-3.59512e-08,4.34184e-05,-5.42984e-07,7.05573e-05,-8.82381e-07,32000,32000,32000,32000
9.915,0,0,0,2.87471e-06,-3.59508e-08,4.34178e-05,-5.42978e-07,7.05565e-05,-8.8237e-07,32000,32000,32000,32000
9.916,0,0,0,2.87468e-06,-3.59503e-08,4.34173e-05,-5.42971e-07,7.05556e-05,-8.82358e-07,32000,32000,32000,32000
9.917,0,0,0,2.87464e-06,-3.59499e-08,4.34168e-05,-5.42964e-07,7.05547e-05,-8.82347e-07,32000,32000,32000,32000
9.918,0,0,0,2.8746e-06,-3.59494e-08,4.34162e-05,-5.42957e-07,7.05538e-05,-8.82336e-07,32000,32000,32000,32000
9.919,0,0,0,2.87457e-06,-3.5949e-08,4.34157e-05,-5.42951e-07,7.05529e-05,-8.82325e-07,32000,32000,32000,32000
9.92,0,0,0,2.87453e-06,-3.59485e-08,4.34151e-05,-5.42944e-07,7.0552e-05,-8.82314e-07,32000,32000,32000,32000
9.921,0,0,0,2.8745e-06,-3.59481e-08,4.34146e-05,-5.42937e-07,7.05512e-05,-8.82303e-07,32000,32000,32000,32000
9.922,0,0,0,2.87446e-06,-3.59476e-08,4.3414e-05,-5.4293e-07,7.05503e-05,-8.82292e-07,32000,32000,32000,32000
9.923,0,0,0,2.87442e-06,-3.59472e-08,4.34135e-05,-5.42923e-07,7.05494e-05,-8.82281e-07,32000,32000,32000,32000
9.924,0,0,0,2.87439e-06,-3.59467e-08,4.3413e-05,-5.42917e-07,7.05485e-05,-8.8227e-07,32000,32000,32000,32000
9.925,0,0,0,2.87435e-06,-3.59463e-08,4.34124e-05,-5.4291e-07,7.05476e-05,-8.82259e-07,32000,32000,32000,32000
9.926,0,0,0,2.87432e-06,-3.59458e-08,4.34119e-05,-5.42903e-07,7.05468e-05,-8.82248e-07,32000,32000,32000,32000
9.927,0,0,0,2.87428e-06,-3.59454e-08,4.34113e-05,-5.42896e-07,7.05459e-05,-8.82237e-07,32000,32000,32000,32000
9.928,0,0,0,2.87424e-06,-3.59449e-08,4.34108e-05,-5.42889e-07,7.0545e-05,-8.82226e-07,32000,32000,32000,32000
9.929,0,0,0,2.87421e-06,-3.59445e-08,4.34102e-05,-5.42883e-07,7.05441e-05,-8.82215e-07,32000,32000,32000,32000
9.93,0,0,0,2.87417e-06,-3.5944e-08,4.34097e-05,-5.42876e-07,7.05432e-05,-8.82204e-07,32000,32000,32000,32000
9.931,0,0,0,2.87414e-06,-3.59436e-08,4.34092e-05,-5.42869e-07,7.05423e-05,-8.82193e-07,32000,32000,32000,32000
9.932,0,0,0,2.8741e-06,-3.59431e-08,4.34086e-05,-5.42862e-07,7.05415e-05,-8.82182e-07,32000,32000,32000,32000
9.933,0,0,0,2.87407e-06,-3.59427e-08,4.34081e-05,-5.42855e-07,7.05406e-05,-8.82171e-07,32000,32000,32000,32000
9.934,0,0,0,2.87403e-06,-3.59422e-08,4.34075e-05,-5.42849e-07,7.05397e-05,-8.8216e-07,32000,32000,32000,32000
9.935,0,0,0,2.87399e-06,-3.59418e-08,4.3407e-05,-5.42842e-07,7.05388e-05,-8.82149e-07,32000,32000,32000,32000
9.936,0,0,0,2.87396e-06,-3.59413e-08,4.34064e-05,-5.42835e-07,7.05379e-05,-8.82138e-07,32000,32000,32000,32000
9.937,0,0,0,2.87392e-06,-3.59409e-08,4.34059e-05,-5.42828e-07,7.05371e-05,-8.82127e-07,32000,32000,32000,32000
9.938,0,0,0,2.87389e-06,-3.59404e-08,4.34054e-05,-5.42822e-07,7.05362e-05,-8.82116e-07,32000,32000,32000,32000
9.939,0,0,0,2.87385e-06,-3.594e-08,4.34048e-05,-5.42815e-07,7.05353e-05,-8.82105e-07,32000,32000,32000,32000
9.94,0,0,0,2.87381e-06,-3.59395e-08,4.34043e-05,-5.42808e-07,7.05344e-05,-8.82094e-07,32000,32000,32000,32000
9.941,0,0,0,2.87378e-06,-3.59391e-08,4.34037e-05,-5.42801e-07,7.05335e-05,-8.82083e-07,32000,32000,32000,32000
9.942,0,0,0,2.87374e-06,-3.59386e-08,4.34032e-05,-5.42794e-07,7.05326e-05,-8.82072e-07,32000,32000,32000,32000
9.943,0,0,0,2.87371e-06,-3.59382e-08,4.34026e-05,-5.42788e-07,7.05318e-05,-8.82061e-07,32000,32000,32000,32000
9.944,0,0,0,2.87367e-06,-3.59377e-08,4.34021e-05,-5.42781e-07,7.05309e-05,-8.8205e-07,32000,32000,32000,32000
9.945,0,0,0,2.87363e-06,-3.59373e-08,4.34016e-05,-5.42774e-07,7.053e-05,-8.82039e-07,32000,32000,32000,32000
9.946,0,0,0,2.8736e-06,-3.59368e-08,4.3401e-05,-5.42767e-07,7.05291e-05,-8.82028e-07,32000,32000,32000,32000
9.947,0,0,0,2.87356e-06,-3.59364e-08,4.34005e-05,-5.4276e-07,7.05282e-05,-8.82016e-07,32000,32000,32000,32000
9.948,0,0,0,2.87353e-06,-3.59359e-08,4.33999e-05,-5.42754e-07,7.05273e-05,-8.82005e-07,32000,32000,32000,32000
9.949,0,0,0,2.87349e-06,-3.59355e-08,4.33994e-05,-5.42747e-07,7.05265e-05,-8.81994e-07,32000,32000,32000,32000
9.95,0,0,0,2.87345e-06,-3.5935e-08,4.33988e-05,-5.4274e-07,7.05256e-05,-8.81983e-07,32000,32000,32000,32000
9.951,0,0,0,2.87342e-06,-3.59346e-08,4.33983e-05,-5.42733e-07,7.05247e-05,-8.81972e-07,32000,32000,32000,32000
9.952,0,0,0,2.87338e-06,-3.59341e-08,4.33978e-05,-5.42726e-07,7.05238e-05,-8.81961e-07,32000,32000,32000,32000
9.953,0,0,0,2.87335e-06,-3.59337e-08,4.33972e-05,-5.4272e-07,7.05229e-05,-8.8195e-07,32000,32000,32000,32000
9.954,0,0,0,2.87331e-06,-3.59332e-08,4.33967e-05,-5.42713e-07,7.05221e-05,-8.81939e-07,32000,32000,32000,32000
9.955,0,0,0,2.87327e-06,-3.59328e-08,4.33961e-05,-5.42706e-07,7.05212e-05,-8.81928e-07,32000,32000,32000,32000
9.956,0,0,0,2.87324e-06,-3.59323e-08,4.33956e-05,-5.42699e-07,7.05203e-05,-8.81917e-07,32000,32000,32000,32000
9.957,0,0,0,2.8732e-06,-3.59319e-08,4.33951e-05,-5.42693e-07,7.05194e-05,-8.81906e-07,32000,32000,32000,32000
9.958,0,0,0,2.87317e-06,-3.59314e-08,4.33945e-05,-5.42686e-07,7.05185e-05,-8.81895e-07,32000,32000,32000,32000
9.959,0,0,0,2.87313e-06,-3.5931e-08,4.3394e-05,-5.42679e-07,7.05176e-05,-8.81884e-07,32000,32000,32000,32000
9.96,0,0,0,2.87309e-06,-3.59305e-08,4.33934e-05,-5.42672e-07,7.05168e-05,-8.81873e-07,32000,32000,32000,32000
9.961,0,0,0,2.87306e-06,-3.59301e-08,4.33929e-05,-5.42665e-07,7.05159e-05,-8.81862e-07,32000,32000,32000,32000
9.962,0,0,0,2.87302e-06,-3.59296e-08,4.33923e-05,-5.42659e-07,7.0515e-05,-8.81851e-07,32000,32000,32000,32000
9.963,0,0,0,2.87299e-06,-3.59292e-08,4.33918e-05,-5.42652e-07,7.05141e-05,-8.8184e-07,32000,32000,32000,32000
9.964,0,0,0,2.87295e-06,-3.59287e-08,4.33913e-05,-5.42645e-07,7.05132e-05,-8.81829e-07,32000,32000,32000,32000
9.965,0,0,0,2.87292e-06,-3.59283e-08,4.33907e-05,-5.42638e-07,7.05124e-05,-8.81818e-07,32000,32000,32000,32000
9.966,0,0,0,2.87288e-06,-3.59278e-08,4.33902e-05,-5.42631e-07,7.05115e-05,-8.81807e-07,32000,32000,32000,32000
9.967,0,0,0,2.87284e-06,-3.59274e-08,4.33896e-05,-5.42625e-07,7.05106e-05,-8.81796e-07,32000,32000,32000,32000
9.968,0,0,0,2.87281e-06,-3.59269e-08,4.33891e-05,-5.42618e-07,7.05097e-05,-8.81785e-07,32000,32000,32000,32000
9.969,0,0,0,2.87277e-06,-3.59265e-08,4.33885e-05,-5.42611e-07,7.05088e-05,-8.81774e-07,32000,32000,32000,32000
9.97,0,0,0,2.87274e-06,-3.5926e-08,4.3388e-05,-5.42604e-07,7.05079e-05,-8.81763e-07,32000,32000,32000,32000
9.971,0,0,0,2.8727e-06,-3.59256e-08,4.33875e-05,-5.42598e-07,7.05071e-05,-8.81752e-07,32000,32000,32000,32000
9.972,0,0,0,2.87266e-06,-3.59251e-08,4.33869e-05,-5.42591e-07,7.05062e-05,-8.81741e-07,32000,32000,32000,32000
9.973,0,0,0,2.87263e-06,-3.59247e-08,4.33864e-05,-5.42584e-07,7.05053e-05,-8.8173e-07,32000,32000,32000,32000
9.974,0,0,0,2.87259e-06,-3.59242e-08,4.33858e-05,-5.42577e-07,7.05044e-05,-8.81719e-07,32000,32000,32000,32000
9.975,0,0,0,2.87256e-06,-3.59238e-08,4.33853e-05,-5.4257e-07,7.05035e-05,-8.81708e-07,32000,32000,32000,32000
9.976,0,0,0,2.87252e-06,-3.59233e-08,4.33847e-05,-5.42564e-07,7.05027e-05,-8.81697e-07,32000,32000,32000,32000
9.977,0,0,0,2.87248e-06,-3.59229e-08,4.33842e-05,-5.42557e-07,7.05018e-05,-8.81686e-07,32000,32000,32000,32000
9.978,0,0,0,2.87245e-06,-3.59224e-08,4.33837e-05,-5.4255e-07,7.05009e-05,-8.81675e-07,32000,32000,32000,32000
9.979,0,0,0,2.87241e-06,-3.5922e-08,4.33831e-05,-5.42543e-07,7.05e-05,-8.81664e-07,32000,32000,32000,32000
9.98,0,0,0,2.87238e-06,-3.59215e-08,4.33826e-05,-5.42536e-07,7.04991e-05,-8.81653e-07,32000,32000,32000,32000
9.981,0,0,0,2.87234e-06,-3.59211e-08,4.3382e-05,-5.4253e-07,7.04982e-05,-8.81642e-07,32000,32000,32000,32000
9.982,0,0,0,2.8723e-06,-3.59206e-08,4.33815e-05,-5.42523e-07,7.04974e-05,-8.8163e-07,32000,32000,32000,32000
9.983,0,0,0,2.87227e-06,-3.59202e-08,4.33809e-05,-5.42516e-07,7.04965e-05,-8.81619e-07,32000,32000,32000,32000
9.984,0,0,0,2.87223e-06,-3.59197e-08,4.33804e-05,-5.42509e-07,7.04956e-05,-8.81608e-07,32000,32000,32000,32000
9.985,0,0,0,2.8722e-06,-3.59193e-08,4.33799e-05,-5.42503e-07,7.04947e-05,-8.81597e-07,32000,32000,32000,32000
9.986,0,0,0,2.87216e-06,-3.59188e-08,4.33793e-05,-5.42496e-07,7.04938e-05,-8.81586e-07,32000,32000,32000,32000
9.987,0,0,0,2.87212e-06,-3.59184e-08,4.33788e-05,-5.42489e-07,7.0493e-05,-8.81575e-07,32000,32000,32000,32000
9.988,0,0,0,2.87209e-06,-3.5918e-08,4.33782e-05,-5.42482e-07,7.04921e-05,-8.81564e-07,32000,32000,32000,32000
9.989,0,0,0,2.87205e-06,-3.59175e-08,4.33777e-05,-5.42475e-07,7.04912e-05,-8.81553e-07,32000,32000,32000,32000
9.99,0,0,0,2.87202e-06,-3.59171e-08,4.33771e-05,-5.42469e-07,7.04903e-05,-8.81542e-07,32000,32000,32000,32000
9.991,0,0,0,2.87198e-06,-3.59166e-08,4.33766e-05,-5.42462e-07,7.04894e-05,-8.81531e-07,32000,32000,32000,32000
9.992,0,0,0,2.87195e-06,-3.59162e-08,4.33761e-05,-5.42455e-07,7.04886e-05,-8.8152e-07,32000,32000,32000,32000
9.993,0,0,0,2.87191e-06,-3.59157e-08,4.33755e-05,-5.42448e-07,7.04877e-05,-8.81509e-07,32000,32000,32000,32000
9.994,0,0,0,2.87187e-06,-3.59153e-08,4.3375e-05,-5.42441e-07,7.04868e-05,-8.81498e-07,32000,32000,32000,32000
9.995,0,0,0,2.87184e-06,-3.59148e-08,4.33744e-05,-5.42435e-07,7.04859e-05,-8.81487e-07,32000,32000,32000,32000
9.996,0,0,0,2.8718e-06,-3.59144e-08,4.33739e-05,-5.42428e-07,7.0485e-05,-8.81476e-07,32000,32000,32000,32000
9.997,0,0,0,2.87177e-06,-3.59139e-08,4.33733e-05,-5.42421e-07,7.04841e-05,-8.81465e-07,32000,32000,32000,32000
9.998,0,0,0,2.87173e-06,-3.59135e-08,4.33728e-05,-5.42414e-07,7.04833e-05,-8.81454e-07,32000,32000,32000,32000
9.999,0,0,0,2.87169e-06,-3.5913e-08,4.33723e-05,-5.42408e-07,7.04824e-05,-8.81443e-07,32000,32000,32000,32000
10,0,0,0,2.87166e-06,-3.59126e-08,4.33717e-05,-5.42401e-07,7.04815e-05,-8.81432e-07,32000,32000,32000,32000
